stem,split,Emotion
dia0_utt0,train,neutral
dia0_utt1,train,neutral
dia0_utt2,train,neutral
dia0_utt3,train,neutral
dia0_utt4,train,surprise
dia0_utt5,train,neutral
dia0_utt6,train,neutral
dia0_utt7,train,neutral
dia0_utt8,train,neutral
dia0_utt9,train,neutral
dia0_utt10,train,fear
dia0_utt11,train,neutral
dia0_utt12,train,surprise
dia0_utt13,train,neutral
dia1_utt0,train,surprise
dia1_utt1,train,sadness
dia1_utt2,train,surprise
dia1_utt3,train,fear
dia1_utt4,train,neutral
dia1_utt5,train,neutral
dia1_utt8,train,neutral
dia2_utt0,train,neutral
dia2_utt1,train,neutral
dia2_utt2,train,joy
dia2_utt3,train,sadness
dia2_utt4,train,surprise
dia2_utt5,train,neutral
dia2_utt6,train,disgust
dia2_utt7,train,sadness
dia2_utt8,train,neutral
dia2_utt9,train,neutral
dia2_utt10,train,joy
dia2_utt11,train,neutral
dia2_utt12,train,joy
dia3_utt0,train,surprise
dia3_utt1,train,surprise
dia3_utt2,train,surprise
dia3_utt3,train,neutral
dia3_utt4,train,neutral
dia3_utt5,train,neutral
dia3_utt6,train,surprise
dia3_utt8,train,sadness
dia3_utt9,train,neutral
dia4_utt0,train,surprise
dia4_utt1,train,joy
dia4_utt2,train,surprise
dia4_utt3,train,neutral
dia4_utt4,train,neutral
dia4_utt5,train,neutral
dia4_utt6,train,neutral
dia4_utt7,train,neutral
dia4_utt8,train,joy
dia4_utt9,train,joy
dia4_utt10,train,joy
dia4_utt11,train,sadness
dia4_utt12,train,neutral
dia4_utt13,train,neutral
dia4_utt14,train,neutral
dia5_utt0,train,neutral
dia5_utt1,train,neutral
dia5_utt2,train,neutral
dia5_utt3,train,surprise
dia6_utt0,train,joy
dia6_utt1,train,surprise
dia6_utt2,train,joy
dia6_utt3,train,neutral
dia6_utt4,train,neutral
dia6_utt5,train,anger
dia6_utt6,train,joy
dia6_utt7,train,neutral
dia6_utt8,train,surprise
dia6_utt9,train,anger
dia6_utt10,train,anger
dia6_utt11,train,anger
dia6_utt12,train,neutral
dia6_utt13,train,neutral
dia6_utt14,train,sadness
dia6_utt15,train,sadness
dia6_utt16,train,sadness
dia6_utt17,train,surprise
dia6_utt18,train,anger
dia6_utt19,train,anger
dia6_utt20,train,anger
dia6_utt21,train,anger
dia7_utt0,train,neutral
dia7_utt1,train,anger
dia8_utt0,train,neutral
dia8_utt1,train,neutral
dia8_utt2,train,neutral
dia8_utt3,train,neutral
dia8_utt4,train,joy
dia8_utt5,train,neutral
dia8_utt6,train,joy
dia9_utt0,train,neutral
dia9_utt1,train,neutral
dia9_utt2,train,neutral
dia9_utt3,train,joy
dia9_utt4,train,neutral
dia9_utt5,train,neutral
dia9_utt6,train,neutral
dia9_utt7,train,neutral
dia9_utt8,train,neutral
dia9_utt9,train,joy
dia9_utt10,train,neutral
dia9_utt11,train,neutral
dia9_utt12,train,disgust
dia9_utt13,train,anger
dia10_utt0,train,anger
dia10_utt1,train,anger
dia10_utt2,train,anger
dia10_utt3,train,anger
dia10_utt4,train,anger
dia10_utt5,train,neutral
dia11_utt0,train,neutral
dia11_utt1,train,anger
dia11_utt2,train,neutral
dia11_utt3,train,joy
dia11_utt4,train,neutral
dia11_utt5,train,neutral
dia11_utt6,train,joy
dia11_utt7,train,joy
dia11_utt8,train,joy
dia11_utt9,train,joy
dia12_utt0,train,neutral
dia12_utt1,train,joy
dia12_utt2,train,disgust
dia12_utt3,train,surprise
dia12_utt4,train,disgust
dia12_utt5,train,neutral
dia12_utt6,train,fear
dia12_utt7,train,neutral
dia12_utt8,train,surprise
dia12_utt9,train,fear
dia12_utt10,train,disgust
dia12_utt11,train,anger
dia13_utt0,train,joy
dia13_utt1,train,neutral
dia13_utt2,train,surprise
dia13_utt3,train,neutral
dia14_utt0,train,neutral
dia14_utt1,train,neutral
dia14_utt2,train,neutral
dia14_utt3,train,surprise
dia14_utt4,train,neutral
dia14_utt5,train,neutral
dia15_utt0,train,anger
dia15_utt1,train,neutral
dia15_utt2,train,neutral
dia15_utt3,train,sadness
dia15_utt4,train,surprise
dia15_utt5,train,sadness
dia15_utt6,train,anger
dia15_utt7,train,sadness
dia15_utt8,train,neutral
dia15_utt9,train,sadness
dia15_utt10,train,neutral
dia15_utt11,train,neutral
dia15_utt12,train,neutral
dia15_utt13,train,neutral
dia15_utt14,train,neutral
dia15_utt15,train,joy
dia15_utt16,train,anger
dia15_utt17,train,anger
dia15_utt18,train,anger
dia15_utt19,train,neutral
dia15_utt20,train,anger
dia15_utt21,train,joy
dia15_utt22,train,joy
dia16_utt0,train,joy
dia16_utt1,train,joy
dia16_utt2,train,disgust
dia16_utt3,train,surprise
dia16_utt4,train,neutral
dia16_utt5,train,neutral
dia17_utt0,train,anger
dia17_utt1,train,joy
dia17_utt2,train,neutral
dia17_utt3,train,neutral
dia17_utt4,train,fear
dia17_utt5,train,neutral
dia17_utt6,train,fear
dia17_utt7,train,joy
dia17_utt8,train,joy
dia17_utt9,train,joy
dia17_utt10,train,joy
dia18_utt0,train,neutral
dia18_utt1,train,neutral
dia18_utt2,train,neutral
dia18_utt3,train,joy
dia18_utt4,train,neutral
dia18_utt5,train,joy
dia18_utt6,train,fear
dia18_utt7,train,neutral
dia18_utt8,train,sadness
dia18_utt9,train,surprise
dia18_utt10,train,fear
dia19_utt0,train,neutral
dia19_utt1,train,neutral
dia20_utt0,train,neutral
dia20_utt1,train,joy
dia20_utt2,train,joy
dia20_utt3,train,joy
dia20_utt4,train,joy
dia20_utt5,train,joy
dia20_utt6,train,joy
dia20_utt7,train,joy
dia20_utt8,train,neutral
dia20_utt9,train,neutral
dia20_utt10,train,neutral
dia20_utt11,train,neutral
dia20_utt12,train,joy
dia20_utt13,train,joy
dia20_utt14,train,joy
dia20_utt15,train,surprise
dia20_utt16,train,neutral
dia21_utt0,train,surprise
dia21_utt1,train,neutral
dia21_utt2,train,joy
dia21_utt3,train,surprise
dia21_utt4,train,neutral
dia21_utt5,train,surprise
dia21_utt6,train,anger
dia21_utt7,train,neutral
dia21_utt8,train,disgust
dia21_utt9,train,neutral
dia21_utt10,train,neutral
dia21_utt11,train,disgust
dia21_utt12,train,neutral
dia21_utt13,train,joy
dia22_utt0,train,disgust
dia22_utt1,train,neutral
dia22_utt2,train,surprise
dia22_utt3,train,neutral
dia23_utt0,train,surprise
dia23_utt1,train,anger
dia23_utt2,train,surprise
dia23_utt3,train,joy
dia23_utt4,train,neutral
dia23_utt5,train,neutral
dia23_utt6,train,neutral
dia23_utt7,train,neutral
dia23_utt8,train,surprise
dia24_utt0,train,neutral
dia24_utt1,train,neutral
dia24_utt2,train,neutral
dia24_utt3,train,joy
dia24_utt4,train,surprise
dia24_utt5,train,neutral
dia24_utt6,train,neutral
dia24_utt7,train,joy
dia24_utt8,train,fear
dia25_utt0,train,joy
dia25_utt1,train,joy
dia25_utt2,train,joy
dia25_utt3,train,joy
dia25_utt4,train,neutral
dia25_utt5,train,neutral
dia25_utt6,train,neutral
dia25_utt7,train,neutral
dia25_utt8,train,neutral
dia25_utt9,train,neutral
dia25_utt10,train,neutral
dia25_utt11,train,surprise
dia25_utt12,train,neutral
dia25_utt13,train,neutral
dia26_utt0,train,surprise
dia26_utt1,train,neutral
dia26_utt2,train,surprise
dia26_utt3,train,neutral
dia26_utt4,train,neutral
dia26_utt5,train,joy
dia26_utt6,train,joy
dia26_utt7,train,joy
dia26_utt8,train,neutral
dia26_utt9,train,neutral
dia26_utt10,train,neutral
dia26_utt11,train,sadness
dia26_utt12,train,neutral
dia26_utt13,train,neutral
dia27_utt0,train,sadness
dia27_utt1,train,joy
dia28_utt0,train,anger
dia28_utt1,train,anger
dia28_utt2,train,anger
dia28_utt3,train,joy
dia28_utt4,train,fear
dia28_utt5,train,joy
dia28_utt6,train,fear
dia28_utt7,train,sadness
dia29_utt0,train,surprise
dia29_utt1,train,joy
dia29_utt2,train,neutral
dia29_utt3,train,joy
dia29_utt4,train,surprise
dia29_utt6,train,anger
dia29_utt7,train,anger
dia29_utt8,train,anger
dia29_utt9,train,neutral
dia29_utt10,train,anger
dia29_utt11,train,anger
dia29_utt12,train,surprise
dia29_utt13,train,neutral
dia30_utt0,train,neutral
dia30_utt1,train,joy
dia30_utt2,train,neutral
dia30_utt3,train,neutral
dia30_utt4,train,anger
dia30_utt5,train,surprise
dia30_utt6,train,anger
dia30_utt7,train,fear
dia30_utt8,train,neutral
dia30_utt9,train,neutral
dia30_utt10,train,neutral
dia30_utt11,train,fear
dia30_utt12,train,neutral
dia30_utt13,train,neutral
dia30_utt14,train,anger
dia30_utt15,train,surprise
dia31_utt0,train,neutral
dia31_utt1,train,neutral
dia31_utt2,train,neutral
dia31_utt3,train,neutral
dia32_utt0,train,surprise
dia32_utt1,train,neutral
dia32_utt2,train,surprise
dia32_utt3,train,neutral
dia32_utt4,train,surprise
dia32_utt5,train,neutral
dia32_utt6,train,surprise
dia32_utt7,train,surprise
dia32_utt8,train,neutral
dia32_utt9,train,surprise
dia32_utt10,train,joy
dia32_utt11,train,joy
dia32_utt12,train,anger
dia32_utt13,train,anger
dia32_utt14,train,anger
dia32_utt15,train,neutral
dia32_utt16,train,neutral
dia32_utt17,train,fear
dia32_utt18,train,neutral
dia33_utt0,train,fear
dia33_utt1,train,joy
dia33_utt2,train,neutral
dia33_utt3,train,neutral
dia33_utt4,train,surprise
dia33_utt5,train,neutral
dia33_utt6,train,neutral
dia33_utt7,train,neutral
dia33_utt8,train,joy
dia33_utt9,train,joy
dia33_utt10,train,neutral
dia34_utt0,train,neutral
dia34_utt1,train,neutral
dia34_utt2,train,neutral
dia34_utt3,train,joy
dia34_utt4,train,neutral
dia34_utt5,train,neutral
dia34_utt6,train,neutral
dia34_utt7,train,neutral
dia34_utt8,train,neutral
dia34_utt9,train,surprise
dia34_utt10,train,neutral
dia34_utt11,train,neutral
dia34_utt12,train,neutral
dia34_utt13,train,disgust
dia35_utt0,train,surprise
dia35_utt1,train,joy
dia35_utt2,train,joy
dia35_utt3,train,joy
dia35_utt4,train,joy
dia35_utt5,train,joy
dia36_utt0,train,neutral
dia36_utt1,train,neutral
dia36_utt2,train,neutral
dia36_utt3,train,neutral
dia36_utt4,train,sadness
dia36_utt5,train,sadness
dia37_utt0,train,neutral
dia37_utt1,train,joy
dia37_utt2,train,joy
dia37_utt3,train,disgust
dia38_utt0,train,anger
dia38_utt1,train,neutral
dia38_utt2,train,joy
dia38_utt3,train,neutral
dia38_utt4,train,surprise
dia38_utt5,train,neutral
dia38_utt6,train,anger
dia38_utt7,train,surprise
dia38_utt8,train,surprise
dia38_utt9,train,surprise
dia38_utt10,train,surprise
dia38_utt11,train,surprise
dia39_utt0,train,anger
dia39_utt1,train,anger
dia39_utt2,train,surprise
dia39_utt3,train,anger
dia39_utt4,train,anger
dia39_utt5,train,anger
dia39_utt6,train,anger
dia39_utt7,train,joy
dia39_utt8,train,neutral
dia39_utt9,train,neutral
dia39_utt10,train,disgust
dia39_utt11,train,neutral
dia39_utt12,train,neutral
dia39_utt13,train,neutral
dia39_utt14,train,neutral
dia39_utt15,train,anger
dia39_utt16,train,anger
dia39_utt17,train,anger
dia39_utt18,train,anger
dia40_utt0,train,anger
dia40_utt1,train,anger
dia40_utt2,train,neutral
dia40_utt3,train,neutral
dia40_utt4,train,neutral
dia40_utt5,train,neutral
dia40_utt6,train,joy
dia40_utt7,train,neutral
dia40_utt8,train,disgust
dia40_utt9,train,fear
dia40_utt10,train,neutral
dia40_utt11,train,surprise
dia40_utt12,train,joy
dia40_utt13,train,sadness
dia40_utt14,train,sadness
dia41_utt0,train,sadness
dia41_utt1,train,surprise
dia41_utt2,train,neutral
dia41_utt3,train,neutral
dia41_utt4,train,neutral
dia41_utt5,train,surprise
dia41_utt6,train,neutral
dia41_utt7,train,neutral
dia41_utt8,train,neutral
dia41_utt9,train,neutral
dia41_utt10,train,neutral
dia41_utt11,train,neutral
dia41_utt12,train,disgust
dia41_utt13,train,neutral
dia41_utt14,train,disgust
dia41_utt15,train,surprise
dia42_utt0,train,neutral
dia42_utt1,train,surprise
dia43_utt0,train,neutral
dia43_utt1,train,neutral
dia43_utt2,train,neutral
dia43_utt3,train,neutral
dia43_utt4,train,neutral
dia43_utt5,train,neutral
dia43_utt6,train,neutral
dia44_utt0,train,neutral
dia44_utt1,train,surprise
dia44_utt2,train,neutral
dia45_utt0,train,sadness
dia45_utt1,train,disgust
dia45_utt2,train,neutral
dia45_utt3,train,anger
dia45_utt4,train,neutral
dia46_utt0,train,joy
dia46_utt1,train,surprise
dia46_utt2,train,anger
dia46_utt3,train,surprise
dia46_utt4,train,neutral
dia46_utt5,train,neutral
dia46_utt6,train,anger
dia46_utt7,train,surprise
dia46_utt8,train,joy
dia46_utt9,train,joy
dia46_utt10,train,neutral
dia46_utt11,train,fear
dia46_utt12,train,joy
dia46_utt13,train,surprise
dia46_utt14,train,joy
dia47_utt0,train,neutral
dia47_utt1,train,neutral
dia47_utt2,train,neutral
dia47_utt3,train,neutral
dia47_utt4,train,neutral
dia47_utt5,train,neutral
dia47_utt6,train,neutral
dia47_utt7,train,joy
dia47_utt8,train,neutral
dia47_utt9,train,neutral
dia47_utt11,train,surprise
dia47_utt12,train,neutral
dia47_utt13,train,surprise
dia47_utt14,train,neutral
dia47_utt15,train,joy
dia47_utt16,train,joy
dia47_utt17,train,neutral
dia48_utt0,train,neutral
dia49_utt0,train,neutral
dia49_utt1,train,neutral
dia49_utt2,train,anger
dia49_utt3,train,joy
dia49_utt4,train,fear
dia49_utt5,train,neutral
dia49_utt6,train,neutral
dia49_utt7,train,neutral
dia49_utt8,train,neutral
dia49_utt9,train,joy
dia49_utt10,train,neutral
dia49_utt11,train,neutral
dia49_utt12,train,sadness
dia49_utt13,train,surprise
dia49_utt14,train,neutral
dia49_utt15,train,surprise
dia49_utt16,train,neutral
dia49_utt17,train,neutral
dia49_utt18,train,surprise
dia49_utt19,train,neutral
dia49_utt20,train,surprise
dia49_utt21,train,anger
dia50_utt0,train,joy
dia50_utt1,train,anger
dia50_utt2,train,surprise
dia50_utt3,train,neutral
dia50_utt4,train,neutral
dia50_utt5,train,fear
dia50_utt6,train,fear
dia50_utt7,train,sadness
dia50_utt8,train,joy
dia50_utt9,train,surprise
dia50_utt10,train,surprise
dia50_utt11,train,neutral
dia50_utt12,train,neutral
dia50_utt13,train,anger
dia50_utt14,train,surprise
dia50_utt15,train,anger
dia50_utt16,train,neutral
dia51_utt0,train,neutral
dia51_utt1,train,sadness
dia51_utt2,train,neutral
dia51_utt3,train,disgust
dia51_utt4,train,anger
dia51_utt5,train,anger
dia51_utt6,train,anger
dia51_utt7,train,anger
dia51_utt8,train,anger
dia51_utt9,train,anger
dia51_utt10,train,anger
dia52_utt0,train,neutral
dia52_utt1,train,joy
dia52_utt2,train,neutral
dia52_utt3,train,neutral
dia52_utt4,train,neutral
dia52_utt5,train,neutral
dia52_utt6,train,neutral
dia52_utt7,train,neutral
dia52_utt8,train,neutral
dia52_utt9,train,neutral
dia52_utt10,train,neutral
dia52_utt11,train,neutral
dia53_utt0,train,joy
dia53_utt1,train,joy
dia53_utt2,train,neutral
dia53_utt3,train,neutral
dia53_utt4,train,neutral
dia53_utt5,train,neutral
dia53_utt6,train,joy
dia53_utt7,train,neutral
dia53_utt8,train,joy
dia54_utt0,train,disgust
dia54_utt1,train,sadness
dia54_utt2,train,anger
dia54_utt3,train,fear
dia54_utt4,train,fear
dia54_utt5,train,neutral
dia54_utt6,train,joy
dia54_utt7,train,anger
dia54_utt8,train,sadness
dia54_utt9,train,joy
dia54_utt10,train,neutral
dia54_utt11,train,neutral
dia54_utt12,train,fear
dia54_utt13,train,fear
dia54_utt14,train,sadness
dia54_utt15,train,sadness
dia54_utt16,train,sadness
dia54_utt17,train,joy
dia54_utt18,train,joy
dia54_utt19,train,joy
dia54_utt20,train,joy
dia54_utt21,train,neutral
dia54_utt22,train,joy
dia54_utt23,train,anger
dia55_utt0,train,joy
dia55_utt1,train,joy
dia55_utt2,train,neutral
dia55_utt3,train,surprise
dia55_utt4,train,neutral
dia55_utt5,train,joy
dia55_utt6,train,surprise
dia55_utt7,train,neutral
dia55_utt8,train,joy
dia55_utt9,train,joy
dia55_utt10,train,joy
dia55_utt11,train,joy
dia55_utt12,train,joy
dia55_utt13,train,joy
dia55_utt14,train,joy
dia55_utt15,train,joy
dia55_utt16,train,neutral
dia56_utt0,train,surprise
dia56_utt1,train,neutral
dia56_utt2,train,surprise
dia56_utt3,train,neutral
dia56_utt4,train,neutral
dia56_utt5,train,neutral
dia56_utt6,train,joy
dia57_utt1,train,neutral
dia57_utt2,train,fear
dia57_utt3,train,fear
dia58_utt0,train,neutral
dia58_utt1,train,neutral
dia58_utt2,train,surprise
dia58_utt3,train,neutral
dia58_utt4,train,anger
dia58_utt5,train,surprise
dia58_utt6,train,neutral
dia58_utt7,train,neutral
dia58_utt8,train,neutral
dia58_utt9,train,neutral
dia59_utt0,train,neutral
dia59_utt1,train,joy
dia59_utt2,train,neutral
dia59_utt3,train,joy
dia59_utt4,train,joy
dia59_utt5,train,joy
dia59_utt6,train,joy
dia59_utt7,train,joy
dia59_utt8,train,joy
dia59_utt9,train,joy
dia61_utt0,train,neutral
dia61_utt1,train,joy
dia61_utt2,train,joy
dia61_utt3,train,neutral
dia61_utt4,train,neutral
dia61_utt5,train,sadness
dia61_utt6,train,joy
dia61_utt7,train,sadness
dia61_utt8,train,joy
dia62_utt0,train,neutral
dia62_utt1,train,joy
dia62_utt2,train,neutral
dia62_utt3,train,joy
dia62_utt5,train,joy
dia62_utt6,train,neutral
dia62_utt7,train,neutral
dia62_utt8,train,neutral
dia62_utt9,train,surprise
dia62_utt10,train,surprise
dia62_utt11,train,neutral
dia63_utt0,train,joy
dia63_utt1,train,neutral
dia63_utt2,train,joy
dia63_utt3,train,surprise
dia63_utt4,train,joy
dia63_utt5,train,anger
dia63_utt6,train,neutral
dia63_utt7,train,sadness
dia64_utt0,train,anger
dia64_utt1,train,neutral
dia64_utt2,train,neutral
dia64_utt3,train,neutral
dia64_utt4,train,neutral
dia64_utt5,train,joy
dia64_utt6,train,neutral
dia64_utt7,train,joy
dia64_utt8,train,joy
dia64_utt9,train,anger
dia64_utt10,train,neutral
dia64_utt11,train,anger
dia64_utt12,train,neutral
dia65_utt0,train,joy
dia65_utt1,train,surprise
dia65_utt2,train,neutral
dia65_utt3,train,joy
dia66_utt1,train,neutral
dia66_utt2,train,neutral
dia66_utt3,train,neutral
dia66_utt4,train,neutral
dia66_utt5,train,surprise
dia66_utt6,train,neutral
dia66_utt7,train,neutral
dia66_utt8,train,sadness
dia66_utt9,train,joy
dia66_utt10,train,joy
dia66_utt11,train,sadness
dia66_utt12,train,neutral
dia67_utt0,train,surprise
dia67_utt1,train,neutral
dia67_utt2,train,joy
dia67_utt3,train,neutral
dia67_utt5,train,joy
dia67_utt6,train,sadness
dia67_utt7,train,joy
dia67_utt8,train,joy
dia67_utt9,train,neutral
dia67_utt10,train,joy
dia67_utt11,train,joy
dia67_utt12,train,neutral
dia67_utt13,train,neutral
dia67_utt14,train,neutral
dia67_utt15,train,anger
dia68_utt0,train,anger
dia68_utt1,train,joy
dia68_utt2,train,neutral
dia68_utt3,train,surprise
dia69_utt0,train,joy
dia69_utt1,train,neutral
dia69_utt2,train,neutral
dia69_utt3,train,surprise
dia69_utt4,train,sadness
dia69_utt5,train,neutral
dia69_utt6,train,anger
dia70_utt0,train,joy
dia70_utt1,train,neutral
dia70_utt2,train,neutral
dia70_utt3,train,neutral
dia70_utt4,train,neutral
dia70_utt5,train,anger
dia70_utt6,train,neutral
dia70_utt7,train,anger
dia70_utt8,train,anger
dia71_utt0,train,neutral
dia71_utt1,train,neutral
dia72_utt0,train,neutral
dia72_utt1,train,surprise
dia72_utt2,train,neutral
dia72_utt3,train,surprise
dia72_utt4,train,neutral
dia72_utt5,train,neutral
dia72_utt6,train,neutral
dia72_utt7,train,neutral
dia73_utt0,train,neutral
dia73_utt1,train,joy
dia73_utt2,train,joy
dia73_utt3,train,neutral
dia73_utt4,train,neutral
dia73_utt5,train,neutral
dia73_utt6,train,surprise
dia73_utt7,train,neutral
dia73_utt8,train,neutral
dia73_utt9,train,neutral
dia73_utt10,train,surprise
dia73_utt11,train,neutral
dia74_utt0,train,joy
dia74_utt1,train,neutral
dia74_utt2,train,neutral
dia74_utt3,train,neutral
dia74_utt4,train,disgust
dia74_utt5,train,anger
dia74_utt6,train,anger
dia75_utt0,train,neutral
dia76_utt0,train,neutral
dia76_utt1,train,neutral
dia76_utt2,train,neutral
dia76_utt3,train,neutral
dia76_utt4,train,neutral
dia76_utt5,train,joy
dia76_utt6,train,joy
dia76_utt7,train,sadness
dia77_utt0,train,neutral
dia77_utt1,train,neutral
dia77_utt2,train,neutral
dia77_utt3,train,neutral
dia77_utt4,train,joy
dia78_utt0,train,joy
dia78_utt1,train,anger
dia78_utt2,train,anger
dia78_utt3,train,neutral
dia78_utt4,train,fear
dia78_utt5,train,surprise
dia79_utt0,train,neutral
dia79_utt1,train,disgust
dia79_utt2,train,joy
dia79_utt3,train,surprise
dia79_utt4,train,neutral
dia79_utt5,train,disgust
dia79_utt6,train,neutral
dia79_utt7,train,neutral
dia80_utt0,train,neutral
dia80_utt1,train,joy
dia80_utt2,train,surprise
dia80_utt3,train,neutral
dia80_utt4,train,neutral
dia80_utt5,train,neutral
dia81_utt0,train,neutral
dia81_utt1,train,neutral
dia81_utt2,train,neutral
dia81_utt3,train,joy
dia81_utt4,train,fear
dia81_utt5,train,neutral
dia81_utt6,train,joy
dia81_utt7,train,surprise
dia81_utt8,train,joy
dia81_utt9,train,neutral
dia81_utt10,train,neutral
dia81_utt11,train,anger
dia81_utt12,train,neutral
dia81_utt13,train,anger
dia81_utt14,train,anger
dia81_utt15,train,anger
dia81_utt16,train,surprise
dia82_utt0,train,neutral
dia82_utt1,train,neutral
dia82_utt2,train,anger
dia82_utt3,train,disgust
dia82_utt4,train,sadness
dia82_utt5,train,neutral
dia82_utt6,train,disgust
dia82_utt7,train,neutral
dia82_utt9,train,disgust
dia82_utt10,train,neutral
dia82_utt11,train,neutral
dia83_utt0,train,neutral
dia83_utt1,train,neutral
dia83_utt2,train,anger
dia83_utt3,train,neutral
dia84_utt0,train,fear
dia84_utt1,train,anger
dia84_utt2,train,anger
dia84_utt3,train,anger
dia84_utt4,train,neutral
dia84_utt5,train,neutral
dia84_utt6,train,sadness
dia85_utt0,train,neutral
dia85_utt1,train,neutral
dia85_utt2,train,neutral
dia85_utt3,train,neutral
dia85_utt4,train,neutral
dia86_utt0,train,neutral
dia86_utt1,train,neutral
dia86_utt2,train,surprise
dia86_utt3,train,neutral
dia86_utt4,train,neutral
dia86_utt5,train,surprise
dia86_utt6,train,neutral
dia86_utt7,train,neutral
dia86_utt8,train,neutral
dia86_utt9,train,neutral
dia86_utt10,train,joy
dia87_utt0,train,sadness
dia87_utt1,train,neutral
dia87_utt2,train,sadness
dia87_utt3,train,sadness
dia87_utt4,train,joy
dia87_utt5,train,neutral
dia87_utt6,train,neutral
dia87_utt7,train,joy
dia87_utt8,train,joy
dia87_utt9,train,joy
dia88_utt0,train,neutral
dia88_utt1,train,joy
dia88_utt2,train,neutral
dia88_utt3,train,neutral
dia89_utt0,train,anger
dia89_utt1,train,neutral
dia89_utt2,train,joy
dia89_utt4,train,neutral
dia89_utt5,train,neutral
dia89_utt6,train,joy
dia89_utt7,train,joy
dia89_utt8,train,neutral
dia89_utt9,train,anger
dia89_utt10,train,surprise
dia89_utt11,train,anger
dia89_utt12,train,disgust
dia89_utt15,train,neutral
dia89_utt16,train,joy
dia90_utt0,train,surprise
dia91_utt0,train,anger
dia92_utt0,train,anger
dia92_utt1,train,neutral
dia93_utt0,train,neutral
dia93_utt1,train,neutral
dia93_utt2,train,neutral
dia93_utt3,train,surprise
dia93_utt4,train,neutral
dia93_utt5,train,surprise
dia93_utt6,train,disgust
dia93_utt7,train,surprise
dia94_utt0,train,neutral
dia94_utt1,train,neutral
dia94_utt2,train,fear
dia94_utt3,train,neutral
dia94_utt4,train,disgust
dia94_utt5,train,fear
dia94_utt6,train,anger
dia94_utt7,train,sadness
dia94_utt8,train,neutral
dia94_utt9,train,neutral
dia94_utt10,train,joy
dia94_utt11,train,joy
dia94_utt12,train,neutral
dia94_utt13,train,joy
dia94_utt14,train,neutral
dia94_utt15,train,joy
dia95_utt0,train,joy
dia95_utt1,train,surprise
dia95_utt2,train,neutral
dia95_utt3,train,neutral
dia95_utt4,train,joy
dia95_utt5,train,joy
dia95_utt6,train,surprise
dia95_utt7,train,surprise
dia95_utt8,train,anger
dia95_utt9,train,neutral
dia95_utt10,train,neutral
dia95_utt11,train,neutral
dia95_utt12,train,surprise
dia95_utt13,train,neutral
dia95_utt14,train,neutral
dia95_utt15,train,neutral
dia95_utt16,train,neutral
dia95_utt17,train,neutral
dia96_utt0,train,neutral
dia96_utt1,train,neutral
dia96_utt2,train,neutral
dia96_utt3,train,neutral
dia96_utt4,train,neutral
dia97_utt0,train,neutral
dia97_utt1,train,neutral
dia97_utt2,train,neutral
dia97_utt3,train,anger
dia98_utt1,train,neutral
dia99_utt0,train,joy
dia99_utt1,train,joy
dia99_utt2,train,joy
dia99_utt3,train,joy
dia99_utt4,train,neutral
dia99_utt5,train,fear
dia99_utt6,train,neutral
dia99_utt7,train,anger
dia99_utt8,train,joy
dia99_utt9,train,neutral
dia99_utt10,train,neutral
dia99_utt11,train,anger
dia99_utt12,train,neutral
dia99_utt13,train,joy
dia99_utt14,train,neutral
dia99_utt15,train,neutral
dia99_utt16,train,neutral
dia99_utt17,train,anger
dia99_utt18,train,neutral
dia100_utt0,train,neutral
dia100_utt1,train,neutral
dia100_utt2,train,neutral
dia100_utt3,train,fear
dia100_utt4,train,neutral
dia100_utt5,train,neutral
dia100_utt6,train,neutral
dia100_utt7,train,surprise
dia101_utt0,train,neutral
dia101_utt1,train,surprise
dia102_utt0,train,neutral
dia102_utt1,train,neutral
dia102_utt2,train,neutral
dia103_utt0,train,joy
dia103_utt1,train,neutral
dia103_utt2,train,surprise
dia103_utt3,train,joy
dia103_utt4,train,neutral
dia103_utt5,train,neutral
dia103_utt6,train,joy
dia103_utt7,train,joy
dia104_utt0,train,surprise
dia104_utt1,train,joy
dia105_utt0,train,fear
dia105_utt1,train,surprise
dia106_utt0,train,neutral
dia106_utt1,train,surprise
dia106_utt2,train,neutral
dia106_utt3,train,neutral
dia106_utt4,train,neutral
dia106_utt5,train,fear
dia107_utt0,train,neutral
dia107_utt1,train,neutral
dia107_utt2,train,neutral
dia107_utt4,train,neutral
dia107_utt5,train,joy
dia107_utt6,train,neutral
dia107_utt7,train,neutral
dia107_utt8,train,neutral
dia107_utt9,train,neutral
dia107_utt10,train,neutral
dia108_utt0,train,neutral
dia108_utt1,train,neutral
dia108_utt2,train,joy
dia108_utt3,train,neutral
dia108_utt4,train,joy
dia108_utt5,train,neutral
dia108_utt6,train,neutral
dia109_utt0,train,neutral
dia109_utt1,train,disgust
dia109_utt3,train,anger
dia109_utt4,train,joy
dia109_utt5,train,joy
dia109_utt6,train,sadness
dia109_utt7,train,sadness
dia109_utt8,train,sadness
dia109_utt9,train,joy
dia109_utt10,train,neutral
dia109_utt11,train,neutral
dia109_utt12,train,neutral
dia109_utt13,train,neutral
dia109_utt14,train,neutral
dia109_utt15,train,anger
dia109_utt16,train,fear
dia109_utt17,train,fear
dia109_utt18,train,fear
dia109_utt19,train,surprise
dia109_utt20,train,anger
dia109_utt21,train,joy
dia110_utt0,train,neutral
dia110_utt1,train,surprise
dia110_utt2,train,surprise
dia110_utt3,train,anger
dia110_utt4,train,neutral
dia110_utt5,train,joy
dia111_utt0,train,joy
dia111_utt1,train,fear
dia111_utt2,train,joy
dia111_utt3,train,neutral
dia111_utt4,train,surprise
dia111_utt5,train,fear
dia111_utt6,train,fear
dia111_utt7,train,neutral
dia111_utt8,train,surprise
dia111_utt9,train,neutral
dia111_utt10,train,surprise
dia111_utt11,train,neutral
dia111_utt12,train,neutral
dia111_utt13,train,fear
dia111_utt14,train,neutral
dia111_utt15,train,disgust
dia111_utt16,train,surprise
dia111_utt17,train,disgust
dia112_utt0,train,surprise
dia112_utt1,train,surprise
dia112_utt2,train,anger
dia112_utt3,train,anger
dia112_utt4,train,disgust
dia113_utt0,train,neutral
dia113_utt1,train,anger
dia113_utt2,train,neutral
dia113_utt3,train,neutral
dia113_utt4,train,neutral
dia113_utt5,train,neutral
dia113_utt6,train,neutral
dia113_utt7,train,neutral
dia113_utt8,train,joy
dia113_utt9,train,neutral
dia113_utt10,train,neutral
dia114_utt0,train,neutral
dia114_utt1,train,surprise
dia114_utt2,train,neutral
dia114_utt3,train,joy
dia114_utt4,train,joy
dia115_utt0,train,neutral
dia115_utt1,train,neutral
dia115_utt2,train,neutral
dia115_utt3,train,neutral
dia115_utt4,train,anger
dia115_utt5,train,neutral
dia115_utt6,train,surprise
dia115_utt7,train,surprise
dia116_utt0,train,neutral
dia116_utt1,train,neutral
dia116_utt2,train,sadness
dia116_utt3,train,surprise
dia116_utt4,train,neutral
dia116_utt5,train,neutral
dia116_utt6,train,neutral
dia116_utt7,train,sadness
dia117_utt0,train,joy
dia117_utt1,train,neutral
dia117_utt2,train,joy
dia117_utt3,train,neutral
dia118_utt0,train,neutral
dia118_utt1,train,surprise
dia118_utt2,train,neutral
dia118_utt3,train,joy
dia118_utt4,train,anger
dia118_utt5,train,joy
dia119_utt0,train,neutral
dia119_utt1,train,neutral
dia119_utt2,train,neutral
dia119_utt3,train,neutral
dia119_utt4,train,sadness
dia119_utt5,train,neutral
dia119_utt6,train,sadness
dia119_utt7,train,surprise
dia119_utt8,train,neutral
dia119_utt9,train,neutral
dia119_utt10,train,neutral
dia119_utt11,train,neutral
dia119_utt12,train,anger
dia120_utt0,train,fear
dia120_utt1,train,joy
dia120_utt2,train,surprise
dia120_utt3,train,neutral
dia120_utt4,train,fear
dia120_utt7,train,neutral
dia120_utt8,train,neutral
dia120_utt9,train,neutral
dia120_utt10,train,neutral
dia120_utt11,train,neutral
dia120_utt12,train,neutral
dia120_utt13,train,neutral
dia120_utt14,train,neutral
dia120_utt15,train,neutral
dia121_utt0,train,neutral
dia121_utt1,train,joy
dia121_utt2,train,joy
dia121_utt4,train,disgust
dia121_utt5,train,anger
dia121_utt6,train,neutral
dia121_utt7,train,sadness
dia122_utt0,train,surprise
dia122_utt1,train,fear
dia122_utt2,train,neutral
dia122_utt3,train,neutral
dia122_utt4,train,neutral
dia122_utt5,train,neutral
dia122_utt6,train,neutral
dia122_utt7,train,joy
dia122_utt8,train,joy
dia122_utt9,train,disgust
dia122_utt10,train,neutral
dia122_utt11,train,neutral
dia122_utt12,train,disgust
dia122_utt13,train,disgust
dia122_utt14,train,neutral
dia122_utt15,train,neutral
dia123_utt0,train,surprise
dia123_utt1,train,anger
dia123_utt2,train,anger
dia123_utt3,train,anger
dia123_utt4,train,anger
dia123_utt5,train,neutral
dia123_utt6,train,anger
dia123_utt7,train,neutral
dia123_utt8,train,anger
dia123_utt9,train,neutral
dia123_utt10,train,anger
dia124_utt0,train,joy
dia124_utt1,train,surprise
dia124_utt2,train,neutral
dia124_utt3,train,disgust
dia124_utt4,train,sadness
dia124_utt5,train,joy
dia124_utt6,train,joy
dia124_utt7,train,surprise
dia124_utt8,train,sadness
dia124_utt9,train,neutral
dia124_utt10,train,neutral
dia124_utt11,train,joy
dia125_utt0,train,joy
dia125_utt1,train,neutral
dia125_utt2,train,neutral
dia125_utt4,train,neutral
dia125_utt5,train,neutral
dia125_utt6,train,neutral
dia125_utt7,train,neutral
dia125_utt8,train,surprise
dia126_utt0,train,joy
dia126_utt1,train,anger
dia126_utt2,train,joy
dia126_utt3,train,neutral
dia126_utt4,train,joy
dia126_utt5,train,anger
dia126_utt6,train,neutral
dia126_utt7,train,anger
dia126_utt8,train,neutral
dia126_utt9,train,sadness
dia126_utt10,train,neutral
dia126_utt11,train,neutral
dia126_utt12,train,anger
dia127_utt0,train,neutral
dia127_utt1,train,fear
dia127_utt2,train,fear
dia127_utt3,train,disgust
dia127_utt4,train,disgust
dia128_utt0,train,neutral
dia128_utt1,train,neutral
dia128_utt2,train,joy
dia128_utt3,train,joy
dia128_utt4,train,joy
dia128_utt5,train,joy
dia128_utt6,train,neutral
dia128_utt7,train,joy
dia128_utt8,train,neutral
dia128_utt9,train,joy
dia129_utt0,train,joy
dia129_utt1,train,sadness
dia129_utt2,train,sadness
dia129_utt3,train,disgust
dia129_utt4,train,sadness
dia129_utt5,train,anger
dia129_utt6,train,surprise
dia129_utt7,train,anger
dia129_utt8,train,neutral
dia129_utt9,train,neutral
dia129_utt10,train,anger
dia129_utt11,train,surprise
dia129_utt12,train,surprise
dia129_utt13,train,neutral
dia129_utt14,train,neutral
dia130_utt0,train,joy
dia130_utt1,train,neutral
dia130_utt2,train,neutral
dia130_utt3,train,disgust
dia130_utt4,train,neutral
dia130_utt5,train,neutral
dia130_utt6,train,neutral
dia130_utt7,train,neutral
dia130_utt8,train,neutral
dia130_utt9,train,disgust
dia130_utt10,train,neutral
dia130_utt11,train,surprise
dia130_utt12,train,neutral
dia130_utt13,train,neutral
dia130_utt14,train,neutral
dia130_utt15,train,neutral
dia130_utt16,train,surprise
dia130_utt17,train,joy
dia131_utt0,train,neutral
dia131_utt1,train,sadness
dia131_utt2,train,neutral
dia132_utt0,train,surprise
dia132_utt1,train,neutral
dia132_utt2,train,sadness
dia132_utt3,train,surprise
dia132_utt4,train,sadness
dia132_utt5,train,neutral
dia132_utt6,train,sadness
dia132_utt7,train,neutral
dia132_utt8,train,sadness
dia132_utt9,train,neutral
dia132_utt10,train,neutral
dia133_utt0,train,fear
dia134_utt0,train,neutral
dia135_utt0,train,neutral
dia135_utt1,train,neutral
dia135_utt2,train,neutral
dia135_utt4,train,neutral
dia135_utt5,train,neutral
dia135_utt6,train,neutral
dia135_utt7,train,neutral
dia135_utt8,train,neutral
dia136_utt0,train,neutral
dia136_utt1,train,neutral
dia136_utt2,train,surprise
dia136_utt4,train,neutral
dia136_utt5,train,neutral
dia137_utt0,train,neutral
dia137_utt1,train,neutral
dia137_utt2,train,neutral
dia137_utt3,train,neutral
dia137_utt4,train,joy
dia137_utt5,train,neutral
dia137_utt6,train,joy
dia137_utt7,train,neutral
dia138_utt0,train,anger
dia138_utt1,train,anger
dia138_utt2,train,joy
dia138_utt3,train,anger
dia138_utt4,train,surprise
dia138_utt5,train,disgust
dia138_utt6,train,surprise
dia138_utt7,train,neutral
dia138_utt8,train,neutral
dia138_utt9,train,neutral
dia138_utt10,train,joy
dia138_utt11,train,anger
dia138_utt12,train,neutral
dia138_utt13,train,surprise
dia138_utt14,train,neutral
dia138_utt15,train,anger
dia138_utt16,train,surprise
dia139_utt0,train,neutral
dia139_utt1,train,neutral
dia139_utt2,train,anger
dia139_utt3,train,joy
dia139_utt4,train,surprise
dia139_utt5,train,joy
dia140_utt0,train,neutral
dia140_utt1,train,neutral
dia140_utt2,train,surprise
dia141_utt0,train,neutral
dia141_utt1,train,neutral
dia141_utt2,train,neutral
dia141_utt3,train,neutral
dia141_utt4,train,neutral
dia141_utt5,train,neutral
dia141_utt6,train,neutral
dia141_utt7,train,neutral
dia142_utt0,train,neutral
dia142_utt1,train,joy
dia143_utt0,train,neutral
dia143_utt1,train,neutral
dia143_utt2,train,sadness
dia143_utt3,train,joy
dia143_utt4,train,neutral
dia144_utt0,train,neutral
dia144_utt1,train,neutral
dia144_utt2,train,neutral
dia144_utt3,train,neutral
dia144_utt4,train,surprise
dia144_utt5,train,joy
dia145_utt0,train,surprise
dia145_utt1,train,neutral
dia145_utt2,train,anger
dia145_utt3,train,neutral
dia145_utt4,train,fear
dia145_utt5,train,fear
dia145_utt6,train,anger
dia145_utt7,train,surprise
dia145_utt8,train,anger
dia145_utt9,train,disgust
dia145_utt10,train,disgust
dia145_utt11,train,disgust
dia145_utt12,train,anger
dia145_utt13,train,anger
dia145_utt14,train,joy
dia145_utt15,train,disgust
dia145_utt16,train,surprise
dia145_utt17,train,neutral
dia145_utt18,train,surprise
dia146_utt0,train,neutral
dia146_utt1,train,sadness
dia146_utt2,train,neutral
dia146_utt3,train,anger
dia146_utt4,train,neutral
dia146_utt5,train,neutral
dia146_utt6,train,neutral
dia146_utt7,train,neutral
dia146_utt8,train,neutral
dia146_utt9,train,sadness
dia146_utt10,train,sadness
dia146_utt11,train,sadness
dia146_utt12,train,sadness
dia147_utt0,train,neutral
dia147_utt1,train,neutral
dia147_utt2,train,neutral
dia147_utt3,train,joy
dia147_utt4,train,fear
dia147_utt5,train,joy
dia147_utt6,train,surprise
dia147_utt7,train,disgust
dia147_utt8,train,surprise
dia147_utt9,train,neutral
dia147_utt10,train,neutral
dia147_utt11,train,anger
dia148_utt0,train,anger
dia148_utt1,train,neutral
dia148_utt2,train,anger
dia148_utt3,train,anger
dia148_utt4,train,anger
dia148_utt5,train,surprise
dia148_utt6,train,disgust
dia148_utt7,train,neutral
dia148_utt8,train,neutral
dia148_utt9,train,neutral
dia148_utt10,train,neutral
dia148_utt11,train,neutral
dia148_utt12,train,neutral
dia148_utt13,train,surprise
dia148_utt14,train,neutral
dia148_utt15,train,fear
dia148_utt16,train,neutral
dia148_utt17,train,anger
dia148_utt18,train,anger
dia148_utt19,train,sadness
dia148_utt20,train,sadness
dia149_utt0,train,sadness
dia149_utt1,train,neutral
dia149_utt2,train,neutral
dia149_utt3,train,joy
dia150_utt0,train,fear
dia150_utt1,train,neutral
dia150_utt2,train,anger
dia150_utt3,train,sadness
dia151_utt0,train,joy
dia151_utt1,train,joy
dia151_utt2,train,joy
dia151_utt3,train,joy
dia151_utt6,train,surprise
dia151_utt7,train,neutral
dia151_utt8,train,anger
dia151_utt9,train,joy
dia151_utt10,train,neutral
dia151_utt11,train,sadness
dia151_utt12,train,neutral
dia151_utt13,train,neutral
dia151_utt15,train,neutral
dia151_utt16,train,anger
dia151_utt17,train,neutral
dia152_utt0,train,surprise
dia152_utt1,train,joy
dia152_utt4,train,neutral
dia152_utt5,train,neutral
dia152_utt6,train,neutral
dia152_utt7,train,neutral
dia152_utt8,train,surprise
dia152_utt9,train,sadness
dia152_utt10,train,sadness
dia152_utt11,train,sadness
dia153_utt0,train,neutral
dia153_utt1,train,joy
dia153_utt2,train,neutral
dia153_utt3,train,neutral
dia153_utt4,train,joy
dia153_utt5,train,neutral
dia153_utt6,train,surprise
dia153_utt7,train,neutral
dia153_utt8,train,disgust
dia153_utt9,train,neutral
dia153_utt10,train,anger
dia153_utt11,train,anger
dia153_utt12,train,anger
dia154_utt0,train,joy
dia154_utt1,train,joy
dia154_utt2,train,anger
dia154_utt3,train,surprise
dia154_utt4,train,anger
dia154_utt5,train,surprise
dia154_utt6,train,anger
dia154_utt7,train,anger
dia154_utt8,train,neutral
dia155_utt0,train,neutral
dia155_utt1,train,neutral
dia155_utt2,train,joy
dia155_utt3,train,joy
dia155_utt4,train,joy
dia155_utt5,train,surprise
dia155_utt6,train,neutral
dia155_utt7,train,joy
dia155_utt8,train,surprise
dia155_utt9,train,joy
dia155_utt10,train,neutral
dia155_utt11,train,neutral
dia155_utt12,train,neutral
dia156_utt0,train,sadness
dia156_utt1,train,anger
dia156_utt2,train,surprise
dia156_utt3,train,anger
dia156_utt4,train,neutral
dia156_utt5,train,surprise
dia156_utt6,train,neutral
dia156_utt7,train,fear
dia156_utt8,train,surprise
dia156_utt9,train,joy
dia156_utt10,train,neutral
dia156_utt11,train,neutral
dia157_utt0,train,joy
dia157_utt1,train,joy
dia157_utt2,train,joy
dia158_utt1,train,neutral
dia158_utt2,train,neutral
dia158_utt3,train,disgust
dia158_utt4,train,surprise
dia158_utt6,train,sadness
dia158_utt7,train,surprise
dia158_utt8,train,neutral
dia159_utt0,train,joy
dia159_utt1,train,surprise
dia159_utt2,train,joy
dia159_utt3,train,joy
dia159_utt4,train,surprise
dia159_utt5,train,joy
dia159_utt6,train,joy
dia159_utt7,train,joy
dia159_utt8,train,joy
dia159_utt9,train,neutral
dia160_utt0,train,neutral
dia160_utt1,train,joy
dia160_utt2,train,neutral
dia160_utt3,train,neutral
dia160_utt4,train,neutral
dia160_utt5,train,sadness
dia160_utt6,train,fear
dia160_utt7,train,neutral
dia160_utt8,train,sadness
dia160_utt10,train,joy
dia160_utt11,train,neutral
dia160_utt12,train,joy
dia160_utt13,train,neutral
dia160_utt14,train,neutral
dia160_utt15,train,sadness
dia160_utt16,train,sadness
dia160_utt17,train,neutral
dia160_utt18,train,neutral
dia161_utt0,train,neutral
dia161_utt1,train,joy
dia161_utt2,train,neutral
dia161_utt3,train,neutral
dia161_utt4,train,neutral
dia161_utt5,train,surprise
dia162_utt0,train,neutral
dia162_utt1,train,neutral
dia163_utt0,train,neutral
dia163_utt1,train,anger
dia163_utt2,train,surprise
dia163_utt3,train,anger
dia163_utt4,train,surprise
dia163_utt5,train,neutral
dia163_utt6,train,neutral
dia163_utt7,train,surprise
dia163_utt8,train,anger
dia163_utt9,train,anger
dia163_utt10,train,neutral
dia164_utt0,train,fear
dia164_utt1,train,neutral
dia164_utt2,train,surprise
dia164_utt3,train,neutral
dia164_utt4,train,sadness
dia164_utt5,train,fear
dia164_utt6,train,neutral
dia164_utt7,train,neutral
dia164_utt8,train,joy
dia164_utt9,train,joy
dia165_utt0,train,neutral
dia165_utt1,train,joy
dia165_utt2,train,neutral
dia165_utt3,train,surprise
dia165_utt4,train,neutral
dia165_utt5,train,joy
dia165_utt6,train,fear
dia165_utt7,train,joy
dia165_utt8,train,joy
dia165_utt9,train,neutral
dia165_utt10,train,neutral
dia165_utt11,train,neutral
dia165_utt12,train,neutral
dia165_utt13,train,neutral
dia165_utt14,train,neutral
dia165_utt15,train,neutral
dia165_utt16,train,joy
dia165_utt17,train,joy
dia165_utt18,train,joy
dia165_utt19,train,joy
dia166_utt0,train,neutral
dia166_utt1,train,neutral
dia166_utt2,train,neutral
dia167_utt0,train,joy
dia167_utt1,train,surprise
dia167_utt2,train,anger
dia167_utt3,train,neutral
dia167_utt4,train,neutral
dia167_utt5,train,neutral
dia167_utt6,train,anger
dia167_utt7,train,neutral
dia167_utt8,train,sadness
dia167_utt9,train,anger
dia167_utt10,train,neutral
dia167_utt11,train,neutral
dia167_utt12,train,neutral
dia168_utt0,train,neutral
dia168_utt1,train,neutral
dia168_utt2,train,neutral
dia168_utt3,train,neutral
dia168_utt4,train,neutral
dia168_utt5,train,neutral
dia168_utt6,train,surprise
dia168_utt7,train,neutral
dia168_utt8,train,neutral
dia168_utt9,train,anger
dia168_utt10,train,neutral
dia168_utt11,train,anger
dia168_utt12,train,neutral
dia168_utt13,train,neutral
dia168_utt14,train,neutral
dia169_utt0,train,joy
dia169_utt1,train,joy
dia169_utt2,train,neutral
dia170_utt0,train,surprise
dia170_utt1,train,neutral
dia170_utt2,train,disgust
dia170_utt3,train,surprise
dia170_utt4,train,disgust
dia170_utt5,train,neutral
dia170_utt6,train,disgust
dia170_utt7,train,surprise
dia170_utt8,train,neutral
dia170_utt9,train,neutral
dia170_utt10,train,sadness
dia170_utt11,train,neutral
dia171_utt0,train,joy
dia171_utt1,train,neutral
dia171_utt2,train,neutral
dia171_utt3,train,neutral
dia171_utt4,train,surprise
dia171_utt5,train,neutral
dia171_utt6,train,surprise
dia171_utt7,train,surprise
dia172_utt0,train,neutral
dia172_utt1,train,neutral
dia172_utt3,train,joy
dia172_utt4,train,joy
dia172_utt5,train,neutral
dia172_utt6,train,neutral
dia172_utt7,train,neutral
dia172_utt8,train,joy
dia172_utt10,train,neutral
dia173_utt0,train,joy
dia173_utt1,train,surprise
dia173_utt2,train,joy
dia173_utt3,train,anger
dia173_utt4,train,anger
dia173_utt5,train,neutral
dia173_utt6,train,anger
dia173_utt7,train,surprise
dia173_utt8,train,anger
dia173_utt10,train,joy
dia174_utt0,train,joy
dia174_utt1,train,joy
dia174_utt2,train,joy
dia174_utt3,train,joy
dia174_utt4,train,neutral
dia174_utt5,train,neutral
dia174_utt6,train,sadness
dia174_utt7,train,surprise
dia175_utt0,train,neutral
dia175_utt1,train,joy
dia175_utt2,train,joy
dia175_utt3,train,neutral
dia175_utt4,train,surprise
dia175_utt5,train,anger
dia175_utt6,train,neutral
dia175_utt7,train,sadness
dia175_utt8,train,neutral
dia175_utt9,train,sadness
dia175_utt10,train,surprise
dia175_utt11,train,sadness
dia176_utt0,train,surprise
dia176_utt1,train,neutral
dia176_utt2,train,surprise
dia176_utt4,train,surprise
dia176_utt5,train,surprise
dia176_utt6,train,neutral
dia176_utt7,train,surprise
dia176_utt8,train,neutral
dia176_utt9,train,neutral
dia176_utt10,train,joy
dia177_utt0,train,joy
dia177_utt1,train,neutral
dia177_utt2,train,neutral
dia177_utt3,train,fear
dia177_utt4,train,joy
dia177_utt5,train,fear
dia177_utt6,train,joy
dia177_utt7,train,joy
dia177_utt8,train,sadness
dia177_utt9,train,joy
dia177_utt10,train,neutral
dia178_utt0,train,joy
dia178_utt1,train,neutral
dia178_utt2,train,surprise
dia179_utt0,train,neutral
dia179_utt1,train,neutral
dia179_utt2,train,neutral
dia179_utt3,train,neutral
dia179_utt4,train,neutral
dia179_utt5,train,neutral
dia179_utt6,train,neutral
dia179_utt7,train,neutral
dia179_utt8,train,neutral
dia179_utt9,train,neutral
dia179_utt10,train,joy
dia179_utt11,train,neutral
dia179_utt12,train,neutral
dia179_utt13,train,neutral
dia179_utt14,train,neutral
dia179_utt15,train,neutral
dia179_utt16,train,neutral
dia179_utt17,train,neutral
dia179_utt18,train,neutral
dia179_utt19,train,anger
dia180_utt0,train,joy
dia180_utt4,train,sadness
dia180_utt5,train,sadness
dia180_utt6,train,surprise
dia180_utt7,train,surprise
dia180_utt8,train,surprise
dia180_utt9,train,joy
dia180_utt10,train,neutral
dia180_utt11,train,surprise
dia180_utt12,train,neutral
dia180_utt13,train,surprise
dia180_utt14,train,joy
dia180_utt15,train,fear
dia181_utt0,train,anger
dia181_utt1,train,neutral
dia181_utt2,train,neutral
dia181_utt3,train,surprise
dia181_utt4,train,neutral
dia182_utt0,train,neutral
dia182_utt1,train,sadness
dia182_utt2,train,sadness
dia182_utt3,train,anger
dia182_utt4,train,anger
dia182_utt5,train,anger
dia182_utt6,train,anger
dia182_utt7,train,neutral
dia182_utt8,train,anger
dia182_utt9,train,anger
dia182_utt10,train,neutral
dia182_utt11,train,neutral
dia182_utt12,train,neutral
dia182_utt13,train,neutral
dia182_utt14,train,neutral
dia182_utt15,train,neutral
dia183_utt0,train,neutral
dia183_utt1,train,surprise
dia183_utt2,train,joy
dia183_utt3,train,neutral
dia183_utt4,train,neutral
dia183_utt5,train,joy
dia183_utt6,train,neutral
dia183_utt7,train,neutral
dia183_utt8,train,neutral
dia183_utt9,train,joy
dia183_utt10,train,neutral
dia183_utt11,train,neutral
dia183_utt12,train,joy
dia183_utt13,train,neutral
dia183_utt14,train,neutral
dia183_utt15,train,neutral
dia183_utt16,train,neutral
dia183_utt17,train,neutral
dia183_utt18,train,neutral
dia183_utt19,train,joy
dia184_utt0,train,joy
dia184_utt1,train,neutral
dia184_utt2,train,neutral
dia184_utt3,train,joy
dia184_utt4,train,joy
dia184_utt5,train,joy
dia184_utt6,train,sadness
dia184_utt7,train,neutral
dia184_utt8,train,neutral
dia184_utt9,train,joy
dia184_utt10,train,anger
dia184_utt11,train,surprise
dia184_utt12,train,neutral
dia184_utt13,train,anger
dia184_utt14,train,neutral
dia184_utt15,train,surprise
dia184_utt16,train,anger
dia184_utt17,train,anger
dia184_utt18,train,neutral
dia184_utt19,train,anger
dia184_utt20,train,neutral
dia184_utt21,train,anger
dia185_utt0,train,surprise
dia185_utt1,train,neutral
dia185_utt2,train,surprise
dia185_utt3,train,neutral
dia185_utt4,train,surprise
dia185_utt5,train,sadness
dia185_utt6,train,surprise
dia185_utt7,train,surprise
dia185_utt8,train,surprise
dia185_utt9,train,surprise
dia185_utt10,train,neutral
dia185_utt11,train,surprise
dia185_utt12,train,fear
dia185_utt13,train,surprise
dia186_utt0,train,joy
dia186_utt1,train,joy
dia186_utt2,train,joy
dia186_utt3,train,joy
dia186_utt4,train,neutral
dia186_utt5,train,surprise
dia187_utt0,train,sadness
dia187_utt1,train,surprise
dia187_utt2,train,joy
dia187_utt3,train,surprise
dia187_utt4,train,neutral
dia187_utt5,train,surprise
dia187_utt6,train,neutral
dia187_utt7,train,neutral
dia187_utt8,train,neutral
dia187_utt9,train,joy
dia188_utt0,train,neutral
dia188_utt2,train,neutral
dia188_utt3,train,anger
dia188_utt4,train,anger
dia188_utt5,train,anger
dia188_utt6,train,neutral
dia189_utt0,train,fear
dia189_utt1,train,neutral
dia189_utt2,train,neutral
dia189_utt3,train,neutral
dia189_utt4,train,neutral
dia189_utt5,train,joy
dia189_utt6,train,anger
dia189_utt7,train,neutral
dia189_utt8,train,anger
dia189_utt9,train,neutral
dia189_utt10,train,neutral
dia189_utt12,train,surprise
dia189_utt13,train,anger
dia189_utt14,train,joy
dia189_utt15,train,neutral
dia190_utt0,train,neutral
dia190_utt1,train,neutral
dia190_utt2,train,joy
dia190_utt3,train,neutral
dia190_utt4,train,joy
dia190_utt5,train,neutral
dia190_utt6,train,joy
dia190_utt7,train,neutral
dia191_utt0,train,anger
dia191_utt1,train,neutral
dia191_utt2,train,neutral
dia191_utt3,train,joy
dia191_utt4,train,neutral
dia191_utt5,train,neutral
dia191_utt6,train,neutral
dia192_utt0,train,sadness
dia192_utt1,train,neutral
dia192_utt2,train,neutral
dia192_utt3,train,joy
dia192_utt4,train,joy
dia192_utt5,train,disgust
dia192_utt6,train,joy
dia192_utt7,train,disgust
dia193_utt0,train,neutral
dia193_utt1,train,joy
dia193_utt2,train,joy
dia193_utt3,train,neutral
dia193_utt4,train,neutral
dia193_utt5,train,surprise
dia193_utt6,train,neutral
dia193_utt7,train,neutral
dia194_utt0,train,neutral
dia194_utt1,train,joy
dia195_utt0,train,neutral
dia195_utt1,train,neutral
dia195_utt2,train,joy
dia195_utt3,train,disgust
dia195_utt4,train,joy
dia195_utt5,train,neutral
dia195_utt6,train,neutral
dia195_utt7,train,surprise
dia195_utt8,train,anger
dia195_utt9,train,neutral
dia195_utt10,train,neutral
dia195_utt11,train,disgust
dia195_utt12,train,neutral
dia195_utt13,train,neutral
dia195_utt14,train,anger
dia195_utt15,train,neutral
dia195_utt16,train,neutral
dia195_utt17,train,neutral
dia195_utt18,train,surprise
dia195_utt19,train,joy
dia196_utt0,train,neutral
dia196_utt1,train,neutral
dia196_utt2,train,surprise
dia197_utt0,train,joy
dia197_utt1,train,surprise
dia197_utt2,train,joy
dia197_utt3,train,surprise
dia197_utt4,train,joy
dia197_utt5,train,neutral
dia197_utt6,train,neutral
dia197_utt7,train,neutral
dia198_utt0,train,neutral
dia198_utt1,train,neutral
dia198_utt2,train,joy
dia198_utt3,train,neutral
dia198_utt4,train,surprise
dia198_utt5,train,neutral
dia198_utt6,train,joy
dia199_utt0,train,sadness
dia199_utt1,train,joy
dia199_utt2,train,joy
dia199_utt3,train,joy
dia199_utt4,train,neutral
dia199_utt5,train,neutral
dia199_utt6,train,surprise
dia199_utt7,train,surprise
dia199_utt8,train,neutral
dia199_utt9,train,surprise
dia199_utt10,train,neutral
dia199_utt11,train,neutral
dia200_utt0,train,neutral
dia200_utt1,train,anger
dia200_utt2,train,surprise
dia200_utt3,train,surprise
dia200_utt4,train,anger
dia200_utt5,train,anger
dia200_utt6,train,anger
dia200_utt7,train,joy
dia200_utt8,train,joy
dia200_utt9,train,joy
dia201_utt0,train,neutral
dia201_utt1,train,neutral
dia201_utt2,train,joy
dia201_utt3,train,fear
dia201_utt4,train,sadness
dia201_utt5,train,fear
dia201_utt6,train,surprise
dia201_utt7,train,surprise
dia201_utt8,train,joy
dia201_utt9,train,joy
dia202_utt0,train,joy
dia202_utt1,train,neutral
dia202_utt2,train,neutral
dia202_utt3,train,neutral
dia202_utt4,train,neutral
dia202_utt5,train,surprise
dia202_utt6,train,neutral
dia202_utt7,train,surprise
dia202_utt8,train,joy
dia202_utt9,train,surprise
dia202_utt12,train,neutral
dia202_utt13,train,neutral
dia202_utt14,train,neutral
dia202_utt15,train,neutral
dia202_utt16,train,anger
dia203_utt0,train,joy
dia203_utt1,train,surprise
dia203_utt2,train,joy
dia203_utt3,train,joy
dia203_utt4,train,joy
dia203_utt5,train,neutral
dia204_utt0,train,joy
dia204_utt1,train,neutral
dia204_utt2,train,neutral
dia204_utt3,train,neutral
dia204_utt4,train,neutral
dia204_utt5,train,surprise
dia204_utt6,train,neutral
dia204_utt7,train,neutral
dia204_utt8,train,surprise
dia204_utt9,train,neutral
dia204_utt10,train,neutral
dia204_utt11,train,neutral
dia204_utt12,train,neutral
dia204_utt13,train,sadness
dia205_utt0,train,neutral
dia205_utt1,train,neutral
dia205_utt2,train,neutral
dia205_utt3,train,surprise
dia205_utt4,train,joy
dia205_utt5,train,neutral
dia205_utt6,train,joy
dia206_utt0,train,neutral
dia206_utt1,train,anger
dia206_utt2,train,neutral
dia206_utt3,train,surprise
dia206_utt4,train,anger
dia206_utt5,train,neutral
dia206_utt6,train,neutral
dia206_utt7,train,anger
dia206_utt8,train,neutral
dia206_utt9,train,anger
dia206_utt10,train,surprise
dia206_utt11,train,anger
dia206_utt12,train,anger
dia206_utt13,train,anger
dia206_utt14,train,anger
dia206_utt15,train,anger
dia206_utt16,train,anger
dia206_utt17,train,neutral
dia206_utt18,train,anger
dia207_utt0,train,joy
dia207_utt1,train,neutral
dia207_utt2,train,surprise
dia207_utt3,train,neutral
dia207_utt4,train,neutral
dia207_utt5,train,neutral
dia207_utt6,train,neutral
dia207_utt7,train,neutral
dia207_utt8,train,neutral
dia207_utt9,train,neutral
dia207_utt10,train,joy
dia207_utt11,train,joy
dia207_utt12,train,neutral
dia207_utt13,train,joy
dia207_utt14,train,surprise
dia207_utt15,train,neutral
dia207_utt16,train,neutral
dia207_utt17,train,anger
dia207_utt18,train,anger
dia207_utt19,train,neutral
dia208_utt0,train,disgust
dia208_utt1,train,neutral
dia208_utt2,train,surprise
dia208_utt3,train,neutral
dia208_utt4,train,disgust
dia208_utt5,train,joy
dia208_utt6,train,anger
dia208_utt7,train,neutral
dia208_utt8,train,neutral
dia208_utt9,train,joy
dia208_utt10,train,surprise
dia208_utt11,train,joy
dia208_utt12,train,surprise
dia208_utt14,train,sadness
dia208_utt15,train,surprise
dia208_utt16,train,surprise
dia209_utt0,train,neutral
dia210_utt0,train,anger
dia210_utt1,train,surprise
dia210_utt2,train,anger
dia210_utt3,train,anger
dia210_utt4,train,anger
dia210_utt5,train,anger
dia210_utt6,train,joy
dia210_utt7,train,joy
dia210_utt8,train,joy
dia210_utt9,train,neutral
dia210_utt10,train,neutral
dia211_utt0,train,joy
dia211_utt1,train,neutral
dia211_utt2,train,joy
dia211_utt3,train,neutral
dia211_utt5,train,joy
dia211_utt6,train,disgust
dia211_utt7,train,neutral
dia211_utt8,train,disgust
dia211_utt9,train,surprise
dia211_utt10,train,joy
dia211_utt11,train,surprise
dia211_utt12,train,fear
dia211_utt13,train,surprise
dia211_utt14,train,neutral
dia212_utt0,train,neutral
dia212_utt1,train,joy
dia212_utt2,train,neutral
dia212_utt3,train,surprise
dia212_utt4,train,surprise
dia212_utt5,train,disgust
dia212_utt6,train,neutral
dia212_utt7,train,anger
dia212_utt8,train,neutral
dia212_utt9,train,surprise
dia213_utt0,train,neutral
dia213_utt1,train,neutral
dia213_utt2,train,joy
dia213_utt3,train,neutral
dia213_utt4,train,sadness
dia214_utt0,train,surprise
dia214_utt1,train,neutral
dia214_utt2,train,sadness
dia214_utt3,train,surprise
dia214_utt4,train,neutral
dia214_utt5,train,surprise
dia214_utt6,train,surprise
dia214_utt7,train,neutral
dia214_utt8,train,joy
dia214_utt9,train,neutral
dia214_utt10,train,neutral
dia215_utt0,train,joy
dia216_utt0,train,sadness
dia216_utt1,train,neutral
dia216_utt2,train,neutral
dia217_utt0,train,neutral
dia218_utt1,train,neutral
dia218_utt2,train,neutral
dia218_utt3,train,neutral
dia218_utt4,train,sadness
dia218_utt5,train,neutral
dia218_utt6,train,sadness
dia218_utt7,train,neutral
dia218_utt8,train,neutral
dia218_utt9,train,neutral
dia218_utt10,train,neutral
dia218_utt11,train,neutral
dia218_utt12,train,neutral
dia219_utt0,train,joy
dia219_utt1,train,neutral
dia219_utt2,train,neutral
dia219_utt3,train,joy
dia219_utt4,train,joy
dia219_utt5,train,neutral
dia219_utt6,train,sadness
dia219_utt7,train,neutral
dia219_utt8,train,sadness
dia219_utt9,train,neutral
dia219_utt10,train,sadness
dia219_utt11,train,sadness
dia219_utt12,train,anger
dia220_utt0,train,neutral
dia220_utt1,train,joy
dia220_utt2,train,neutral
dia220_utt3,train,sadness
dia220_utt4,train,neutral
dia220_utt5,train,neutral
dia220_utt6,train,neutral
dia221_utt0,train,neutral
dia221_utt1,train,neutral
dia221_utt2,train,surprise
dia221_utt3,train,neutral
dia221_utt4,train,neutral
dia221_utt5,train,fear
dia222_utt0,train,joy
dia222_utt1,train,neutral
dia222_utt2,train,neutral
dia222_utt3,train,joy
dia222_utt4,train,sadness
dia222_utt5,train,joy
dia222_utt6,train,neutral
dia222_utt7,train,neutral
dia222_utt8,train,joy
dia222_utt9,train,neutral
dia222_utt11,train,joy
dia222_utt12,train,joy
dia222_utt13,train,joy
dia222_utt14,train,neutral
dia222_utt15,train,disgust
dia222_utt16,train,disgust
dia222_utt17,train,neutral
dia222_utt18,train,disgust
dia222_utt19,train,disgust
dia223_utt0,train,neutral
dia223_utt1,train,neutral
dia223_utt2,train,neutral
dia223_utt3,train,neutral
dia223_utt4,train,neutral
dia223_utt5,train,sadness
dia223_utt6,train,neutral
dia223_utt7,train,neutral
dia223_utt8,train,neutral
dia223_utt9,train,neutral
dia223_utt10,train,neutral
dia223_utt11,train,neutral
dia223_utt12,train,surprise
dia223_utt13,train,neutral
dia223_utt14,train,neutral
dia224_utt0,train,neutral
dia224_utt1,train,neutral
dia224_utt2,train,neutral
dia224_utt3,train,neutral
dia224_utt4,train,joy
dia224_utt5,train,joy
dia225_utt0,train,disgust
dia225_utt1,train,neutral
dia225_utt2,train,joy
dia225_utt3,train,joy
dia225_utt4,train,neutral
dia225_utt5,train,neutral
dia225_utt6,train,joy
dia225_utt7,train,neutral
dia225_utt8,train,neutral
dia225_utt9,train,sadness
dia225_utt10,train,neutral
dia225_utt11,train,neutral
dia226_utt0,train,surprise
dia226_utt1,train,joy
dia226_utt2,train,neutral
dia226_utt3,train,neutral
dia226_utt4,train,neutral
dia226_utt5,train,neutral
dia226_utt6,train,neutral
dia226_utt7,train,neutral
dia226_utt8,train,surprise
dia226_utt9,train,joy
dia226_utt10,train,neutral
dia226_utt11,train,neutral
dia226_utt12,train,surprise
dia226_utt13,train,neutral
dia226_utt17,train,sadness
dia226_utt18,train,disgust
dia226_utt19,train,joy
dia226_utt20,train,neutral
dia226_utt21,train,joy
dia227_utt0,train,neutral
dia228_utt0,train,anger
dia228_utt1,train,sadness
dia228_utt2,train,neutral
dia228_utt3,train,surprise
dia228_utt4,train,joy
dia228_utt5,train,joy
dia228_utt6,train,neutral
dia228_utt7,train,anger
dia229_utt0,train,neutral
dia229_utt1,train,joy
dia229_utt2,train,neutral
dia229_utt3,train,neutral
dia229_utt4,train,neutral
dia230_utt0,train,neutral
dia230_utt1,train,joy
dia231_utt0,train,neutral
dia231_utt1,train,neutral
dia231_utt2,train,neutral
dia231_utt3,train,neutral
dia231_utt4,train,neutral
dia231_utt5,train,neutral
dia231_utt6,train,neutral
dia231_utt7,train,anger
dia231_utt8,train,neutral
dia231_utt9,train,anger
dia231_utt10,train,sadness
dia231_utt11,train,neutral
dia231_utt12,train,neutral
dia231_utt13,train,neutral
dia231_utt14,train,neutral
dia232_utt0,train,surprise
dia232_utt1,train,neutral
dia232_utt2,train,neutral
dia232_utt3,train,surprise
dia232_utt4,train,neutral
dia232_utt5,train,anger
dia232_utt6,train,neutral
dia232_utt7,train,anger
dia232_utt8,train,neutral
dia232_utt9,train,surprise
dia232_utt10,train,surprise
dia232_utt11,train,neutral
dia232_utt12,train,surprise
dia232_utt13,train,surprise
dia232_utt14,train,neutral
dia232_utt15,train,neutral
dia232_utt16,train,surprise
dia232_utt17,train,neutral
dia232_utt18,train,neutral
dia232_utt19,train,neutral
dia233_utt0,train,joy
dia233_utt1,train,surprise
dia234_utt1,train,joy
dia234_utt2,train,neutral
dia234_utt3,train,neutral
dia234_utt4,train,surprise
dia234_utt5,train,neutral
dia234_utt6,train,anger
dia234_utt8,train,neutral
dia234_utt9,train,neutral
dia234_utt10,train,surprise
dia234_utt11,train,anger
dia235_utt0,train,anger
dia235_utt1,train,surprise
dia235_utt2,train,joy
dia235_utt3,train,joy
dia235_utt4,train,surprise
dia235_utt5,train,joy
dia235_utt6,train,neutral
dia235_utt7,train,neutral
dia235_utt8,train,sadness
dia235_utt9,train,neutral
dia236_utt0,train,joy
dia236_utt1,train,neutral
dia236_utt2,train,neutral
dia236_utt3,train,neutral
dia236_utt4,train,neutral
dia236_utt5,train,anger
dia236_utt6,train,surprise
dia236_utt7,train,neutral
dia236_utt9,train,neutral
dia236_utt10,train,neutral
dia236_utt11,train,disgust
dia236_utt12,train,neutral
dia236_utt13,train,anger
dia236_utt14,train,joy
dia236_utt15,train,anger
dia237_utt0,train,surprise
dia237_utt1,train,surprise
dia237_utt2,train,anger
dia237_utt3,train,neutral
dia237_utt4,train,surprise
dia237_utt5,train,anger
dia237_utt6,train,surprise
dia237_utt7,train,surprise
dia237_utt8,train,sadness
dia237_utt9,train,sadness
dia237_utt10,train,neutral
dia237_utt11,train,neutral
dia238_utt0,train,neutral
dia238_utt1,train,neutral
dia238_utt2,train,neutral
dia238_utt3,train,neutral
dia238_utt4,train,neutral
dia238_utt5,train,neutral
dia238_utt6,train,neutral
dia239_utt0,train,neutral
dia239_utt1,train,neutral
dia239_utt2,train,joy
dia239_utt3,train,joy
dia239_utt4,train,neutral
dia239_utt5,train,fear
dia239_utt6,train,joy
dia240_utt0,train,neutral
dia240_utt1,train,neutral
dia240_utt2,train,neutral
dia240_utt3,train,fear
dia240_utt4,train,neutral
dia240_utt5,train,neutral
dia240_utt6,train,neutral
dia241_utt0,train,anger
dia241_utt1,train,sadness
dia241_utt2,train,neutral
dia241_utt3,train,anger
dia241_utt4,train,joy
dia241_utt5,train,anger
dia241_utt6,train,neutral
dia241_utt7,train,neutral
dia241_utt8,train,anger
dia241_utt9,train,neutral
dia241_utt10,train,joy
dia241_utt11,train,disgust
dia241_utt12,train,disgust
dia241_utt13,train,disgust
dia242_utt0,train,joy
dia242_utt1,train,neutral
dia242_utt2,train,neutral
dia242_utt3,train,neutral
dia242_utt4,train,neutral
dia242_utt5,train,surprise
dia242_utt6,train,sadness
dia243_utt0,train,joy
dia243_utt1,train,surprise
dia244_utt0,train,neutral
dia244_utt1,train,neutral
dia244_utt3,train,neutral
dia244_utt4,train,fear
dia244_utt5,train,neutral
dia244_utt6,train,neutral
dia245_utt0,train,joy
dia245_utt1,train,joy
dia245_utt2,train,joy
dia245_utt3,train,joy
dia245_utt4,train,neutral
dia245_utt5,train,joy
dia245_utt6,train,neutral
dia245_utt7,train,joy
dia245_utt8,train,joy
dia245_utt9,train,sadness
dia245_utt10,train,disgust
dia245_utt11,train,disgust
dia245_utt12,train,surprise
dia245_utt13,train,sadness
dia245_utt14,train,surprise
dia245_utt15,train,sadness
dia245_utt16,train,neutral
dia246_utt0,train,joy
dia246_utt1,train,sadness
dia246_utt2,train,neutral
dia246_utt3,train,neutral
dia246_utt4,train,neutral
dia246_utt5,train,neutral
dia246_utt6,train,neutral
dia247_utt0,train,neutral
dia247_utt1,train,surprise
dia247_utt2,train,joy
dia248_utt0,train,neutral
dia248_utt1,train,anger
dia248_utt3,train,joy
dia248_utt4,train,joy
dia248_utt5,train,anger
dia248_utt6,train,joy
dia248_utt7,train,anger
dia249_utt0,train,neutral
dia249_utt1,train,neutral
dia249_utt2,train,neutral
dia249_utt3,train,joy
dia249_utt4,train,sadness
dia249_utt5,train,sadness
dia249_utt6,train,sadness
dia249_utt7,train,joy
dia249_utt8,train,neutral
dia249_utt9,train,joy
dia249_utt10,train,joy
dia249_utt11,train,neutral
dia249_utt13,train,joy
dia250_utt0,train,surprise
dia250_utt1,train,joy
dia250_utt2,train,surprise
dia250_utt3,train,joy
dia250_utt4,train,surprise
dia250_utt5,train,neutral
dia250_utt6,train,neutral
dia251_utt0,train,anger
dia251_utt1,train,neutral
dia251_utt2,train,neutral
dia251_utt3,train,neutral
dia251_utt4,train,neutral
dia251_utt5,train,neutral
dia251_utt6,train,sadness
dia252_utt0,train,neutral
dia252_utt1,train,neutral
dia252_utt2,train,neutral
dia252_utt3,train,neutral
dia252_utt4,train,neutral
dia252_utt5,train,neutral
dia252_utt6,train,neutral
dia252_utt7,train,neutral
dia252_utt8,train,neutral
dia252_utt9,train,neutral
dia252_utt10,train,neutral
dia252_utt13,train,neutral
dia252_utt14,train,joy
dia252_utt15,train,neutral
dia252_utt16,train,neutral
dia252_utt17,train,joy
dia252_utt18,train,disgust
dia252_utt19,train,neutral
dia253_utt0,train,neutral
dia253_utt1,train,joy
dia253_utt2,train,surprise
dia253_utt3,train,surprise
dia253_utt4,train,neutral
dia253_utt5,train,joy
dia253_utt6,train,surprise
dia253_utt7,train,neutral
dia253_utt8,train,joy
dia253_utt9,train,fear
dia253_utt10,train,joy
dia253_utt11,train,neutral
dia254_utt0,train,fear
dia254_utt1,train,anger
dia254_utt2,train,anger
dia254_utt3,train,anger
dia254_utt4,train,anger
dia254_utt5,train,anger
dia254_utt6,train,anger
dia254_utt7,train,neutral
dia254_utt8,train,joy
dia254_utt9,train,anger
dia255_utt0,train,disgust
dia255_utt1,train,neutral
dia255_utt2,train,surprise
dia255_utt3,train,neutral
dia255_utt4,train,disgust
dia255_utt5,train,joy
dia255_utt6,train,fear
dia255_utt7,train,joy
dia255_utt8,train,surprise
dia255_utt9,train,sadness
dia255_utt10,train,anger
dia255_utt11,train,anger
dia255_utt12,train,joy
dia255_utt13,train,disgust
dia255_utt14,train,disgust
dia255_utt15,train,neutral
dia256_utt0,train,sadness
dia256_utt1,train,neutral
dia256_utt2,train,anger
dia256_utt3,train,neutral
dia256_utt4,train,neutral
dia256_utt5,train,neutral
dia256_utt6,train,anger
dia256_utt7,train,joy
dia256_utt8,train,neutral
dia256_utt9,train,neutral
dia256_utt10,train,sadness
dia256_utt11,train,anger
dia256_utt12,train,anger
dia256_utt13,train,anger
dia256_utt14,train,anger
dia256_utt15,train,neutral
dia257_utt0,train,joy
dia257_utt1,train,fear
dia257_utt2,train,fear
dia257_utt3,train,neutral
dia257_utt4,train,sadness
dia257_utt5,train,fear
dia257_utt6,train,fear
dia258_utt0,train,joy
dia258_utt1,train,neutral
dia258_utt2,train,surprise
dia258_utt3,train,neutral
dia258_utt4,train,neutral
dia258_utt5,train,neutral
dia258_utt6,train,joy
dia259_utt0,train,fear
dia259_utt1,train,fear
dia259_utt2,train,anger
dia259_utt3,train,anger
dia260_utt0,train,neutral
dia260_utt1,train,anger
dia260_utt2,train,surprise
dia260_utt3,train,sadness
dia260_utt4,train,sadness
dia260_utt5,train,sadness
dia260_utt6,train,sadness
dia260_utt7,train,sadness
dia260_utt8,train,neutral
dia260_utt9,train,neutral
dia260_utt10,train,fear
dia260_utt11,train,anger
dia261_utt0,train,surprise
dia261_utt1,train,surprise
dia261_utt2,train,neutral
dia261_utt3,train,joy
dia261_utt4,train,anger
dia261_utt5,train,anger
dia261_utt6,train,neutral
dia261_utt7,train,surprise
dia261_utt8,train,sadness
dia262_utt0,train,neutral
dia262_utt1,train,neutral
dia262_utt2,train,neutral
dia262_utt3,train,sadness
dia262_utt4,train,anger
dia263_utt0,train,surprise
dia263_utt1,train,surprise
dia263_utt2,train,neutral
dia263_utt3,train,surprise
dia263_utt4,train,neutral
dia263_utt5,train,neutral
dia263_utt6,train,joy
dia263_utt7,train,disgust
dia263_utt8,train,joy
dia264_utt0,train,neutral
dia264_utt1,train,neutral
dia264_utt2,train,surprise
dia264_utt3,train,neutral
dia264_utt4,train,joy
dia264_utt5,train,neutral
dia264_utt6,train,neutral
dia264_utt7,train,anger
dia264_utt8,train,fear
dia264_utt9,train,neutral
dia264_utt10,train,neutral
dia264_utt11,train,neutral
dia264_utt12,train,neutral
dia264_utt13,train,neutral
dia264_utt14,train,neutral
dia264_utt15,train,joy
dia264_utt16,train,neutral
dia264_utt17,train,neutral
dia264_utt18,train,neutral
dia265_utt0,train,anger
dia265_utt1,train,neutral
dia265_utt2,train,anger
dia265_utt3,train,neutral
dia265_utt4,train,sadness
dia266_utt0,train,neutral
dia267_utt0,train,neutral
dia268_utt0,train,surprise
dia268_utt1,train,neutral
dia269_utt0,train,neutral
dia269_utt1,train,surprise
dia270_utt0,train,neutral
dia270_utt1,train,joy
dia270_utt2,train,joy
dia270_utt3,train,neutral
dia271_utt0,train,surprise
dia271_utt1,train,joy
dia271_utt2,train,joy
dia271_utt3,train,joy
dia271_utt4,train,joy
dia271_utt5,train,surprise
dia271_utt6,train,neutral
dia271_utt7,train,neutral
dia271_utt8,train,neutral
dia271_utt9,train,anger
dia271_utt10,train,neutral
dia272_utt0,train,fear
dia272_utt1,train,surprise
dia272_utt2,train,anger
dia272_utt3,train,anger
dia272_utt4,train,neutral
dia272_utt5,train,neutral
dia272_utt6,train,neutral
dia272_utt7,train,joy
dia272_utt8,train,anger
dia273_utt0,train,neutral
dia273_utt1,train,anger
dia273_utt2,train,sadness
dia273_utt3,train,sadness
dia273_utt4,train,sadness
dia273_utt5,train,neutral
dia273_utt6,train,neutral
dia273_utt7,train,surprise
dia273_utt8,train,anger
dia273_utt9,train,surprise
dia273_utt10,train,neutral
dia273_utt11,train,neutral
dia273_utt12,train,neutral
dia273_utt13,train,joy
dia273_utt14,train,neutral
dia273_utt15,train,neutral
dia273_utt16,train,neutral
dia273_utt17,train,disgust
dia273_utt18,train,surprise
dia274_utt0,train,surprise
dia274_utt1,train,surprise
dia274_utt2,train,surprise
dia274_utt3,train,disgust
dia274_utt4,train,neutral
dia274_utt5,train,joy
dia274_utt6,train,anger
dia274_utt7,train,anger
dia274_utt8,train,fear
dia274_utt9,train,joy
dia274_utt10,train,fear
dia274_utt11,train,surprise
dia274_utt12,train,fear
dia275_utt0,train,anger
dia275_utt1,train,anger
dia275_utt2,train,neutral
dia275_utt3,train,fear
dia275_utt4,train,anger
dia275_utt5,train,fear
dia275_utt6,train,neutral
dia275_utt7,train,neutral
dia275_utt8,train,neutral
dia275_utt9,train,surprise
dia275_utt10,train,fear
dia275_utt11,train,anger
dia275_utt12,train,disgust
dia275_utt13,train,surprise
dia275_utt14,train,disgust
dia275_utt15,train,fear
dia275_utt16,train,anger
dia276_utt0,train,joy
dia276_utt2,train,anger
dia276_utt3,train,neutral
dia277_utt0,train,neutral
dia277_utt1,train,neutral
dia277_utt2,train,neutral
dia277_utt3,train,anger
dia277_utt4,train,neutral
dia277_utt5,train,neutral
dia277_utt6,train,neutral
dia278_utt0,train,neutral
dia278_utt1,train,joy
dia278_utt2,train,joy
dia278_utt3,train,neutral
dia278_utt4,train,sadness
dia278_utt5,train,joy
dia278_utt6,train,neutral
dia278_utt7,train,joy
dia278_utt8,train,joy
dia279_utt0,train,surprise
dia279_utt1,train,sadness
dia279_utt2,train,anger
dia279_utt3,train,fear
dia279_utt4,train,anger
dia279_utt5,train,neutral
dia279_utt6,train,surprise
dia279_utt7,train,neutral
dia279_utt8,train,neutral
dia279_utt9,train,joy
dia279_utt10,train,neutral
dia279_utt11,train,joy
dia279_utt12,train,neutral
dia279_utt13,train,anger
dia279_utt14,train,neutral
dia279_utt15,train,fear
dia280_utt0,train,neutral
dia280_utt1,train,anger
dia280_utt2,train,neutral
dia281_utt0,train,joy
dia281_utt1,train,joy
dia281_utt2,train,neutral
dia281_utt3,train,neutral
dia281_utt4,train,surprise
dia281_utt5,train,neutral
dia281_utt6,train,disgust
dia281_utt7,train,neutral
dia281_utt8,train,disgust
dia281_utt9,train,neutral
dia281_utt10,train,surprise
dia282_utt0,train,joy
dia282_utt1,train,neutral
dia282_utt2,train,joy
dia283_utt0,train,disgust
dia283_utt1,train,neutral
dia283_utt2,train,disgust
dia283_utt3,train,neutral
dia283_utt4,train,neutral
dia283_utt5,train,neutral
dia283_utt6,train,disgust
dia284_utt0,train,neutral
dia284_utt1,train,neutral
dia284_utt2,train,neutral
dia285_utt0,train,neutral
dia285_utt1,train,joy
dia285_utt2,train,neutral
dia285_utt3,train,joy
dia285_utt4,train,neutral
dia285_utt5,train,neutral
dia285_utt6,train,neutral
dia285_utt7,train,anger
dia285_utt8,train,neutral
dia285_utt9,train,surprise
dia285_utt10,train,neutral
dia285_utt11,train,neutral
dia285_utt13,train,neutral
dia285_utt14,train,neutral
dia285_utt15,train,neutral
dia285_utt16,train,neutral
dia286_utt0,train,neutral
dia286_utt1,train,neutral
dia286_utt2,train,neutral
dia286_utt3,train,neutral
dia287_utt0,train,neutral
dia287_utt1,train,sadness
dia287_utt2,train,anger
dia287_utt3,train,neutral
dia287_utt4,train,anger
dia287_utt5,train,neutral
dia287_utt6,train,neutral
dia287_utt7,train,joy
dia287_utt8,train,neutral
dia287_utt9,train,neutral
dia287_utt10,train,neutral
dia287_utt11,train,neutral
dia287_utt12,train,joy
dia288_utt0,train,joy
dia288_utt1,train,neutral
dia288_utt2,train,surprise
dia288_utt3,train,surprise
dia288_utt4,train,neutral
dia288_utt5,train,neutral
dia288_utt6,train,anger
dia288_utt7,train,joy
dia288_utt8,train,joy
dia288_utt9,train,neutral
dia288_utt10,train,neutral
dia288_utt11,train,surprise
dia288_utt12,train,surprise
dia288_utt13,train,neutral
dia288_utt14,train,surprise
dia288_utt15,train,joy
dia288_utt16,train,neutral
dia288_utt17,train,neutral
dia288_utt18,train,neutral
dia288_utt19,train,neutral
dia288_utt20,train,joy
dia289_utt1,train,fear
dia289_utt2,train,neutral
dia289_utt3,train,sadness
dia289_utt4,train,sadness
dia289_utt5,train,neutral
dia290_utt0,train,sadness
dia291_utt0,train,sadness
dia291_utt1,train,sadness
dia292_utt0,train,neutral
dia292_utt1,train,sadness
dia292_utt2,train,neutral
dia292_utt3,train,neutral
dia292_utt4,train,sadness
dia292_utt5,train,neutral
dia293_utt0,train,surprise
dia293_utt1,train,surprise
dia293_utt2,train,fear
dia293_utt3,train,neutral
dia293_utt4,train,fear
dia293_utt5,train,neutral
dia293_utt6,train,neutral
dia293_utt7,train,neutral
dia293_utt8,train,joy
dia293_utt9,train,neutral
dia293_utt10,train,sadness
dia293_utt11,train,neutral
dia293_utt12,train,joy
dia294_utt0,train,joy
dia294_utt1,train,neutral
dia295_utt0,train,surprise
dia295_utt1,train,neutral
dia295_utt2,train,surprise
dia295_utt3,train,surprise
dia295_utt4,train,sadness
dia295_utt5,train,anger
dia295_utt6,train,anger
dia295_utt7,train,anger
dia295_utt8,train,anger
dia295_utt9,train,anger
dia295_utt10,train,anger
dia295_utt11,train,anger
dia295_utt12,train,surprise
dia295_utt13,train,anger
dia295_utt14,train,joy
dia295_utt15,train,neutral
dia295_utt16,train,anger
dia295_utt17,train,anger
dia295_utt18,train,anger
dia295_utt19,train,anger
dia295_utt20,train,anger
dia295_utt21,train,anger
dia296_utt0,train,neutral
dia296_utt1,train,neutral
dia296_utt2,train,neutral
dia296_utt3,train,surprise
dia296_utt4,train,neutral
dia296_utt5,train,anger
dia296_utt6,train,neutral
dia296_utt7,train,neutral
dia296_utt8,train,neutral
dia296_utt9,train,neutral
dia296_utt10,train,neutral
dia296_utt11,train,joy
dia296_utt12,train,neutral
dia296_utt13,train,neutral
dia296_utt14,train,surprise
dia296_utt15,train,surprise
dia296_utt16,train,neutral
dia296_utt17,train,surprise
dia296_utt18,train,neutral
dia296_utt19,train,surprise
dia296_utt20,train,neutral
dia297_utt0,train,neutral
dia297_utt1,train,joy
dia297_utt2,train,anger
dia297_utt3,train,neutral
dia297_utt4,train,joy
dia297_utt5,train,neutral
dia297_utt6,train,joy
dia297_utt7,train,neutral
dia297_utt8,train,joy
dia297_utt9,train,neutral
dia298_utt0,train,anger
dia298_utt1,train,anger
dia298_utt2,train,joy
dia298_utt3,train,neutral
dia298_utt4,train,sadness
dia298_utt5,train,anger
dia298_utt6,train,anger
dia299_utt0,train,neutral
dia299_utt1,train,neutral
dia299_utt2,train,neutral
dia299_utt3,train,neutral
dia300_utt0,train,joy
dia300_utt1,train,neutral
dia300_utt2,train,neutral
dia300_utt3,train,anger
dia300_utt4,train,surprise
dia300_utt5,train,disgust
dia300_utt6,train,neutral
dia300_utt7,train,neutral
dia300_utt8,train,disgust
dia300_utt9,train,anger
dia300_utt10,train,anger
dia300_utt11,train,neutral
dia300_utt12,train,fear
dia300_utt14,train,neutral
dia300_utt15,train,neutral
dia301_utt0,train,fear
dia301_utt1,train,fear
dia301_utt2,train,fear
dia301_utt3,train,neutral
dia301_utt4,train,fear
dia301_utt6,train,neutral
dia301_utt7,train,neutral
dia301_utt8,train,anger
dia301_utt9,train,surprise
dia301_utt10,train,neutral
dia301_utt11,train,joy
dia301_utt12,train,disgust
dia301_utt13,train,neutral
dia301_utt14,train,surprise
dia301_utt15,train,fear
dia301_utt16,train,sadness
dia302_utt0,train,neutral
dia302_utt1,train,sadness
dia302_utt2,train,fear
dia302_utt3,train,anger
dia302_utt4,train,neutral
dia302_utt5,train,surprise
dia302_utt6,train,neutral
dia302_utt7,train,neutral
dia302_utt8,train,neutral
dia302_utt9,train,surprise
dia302_utt10,train,neutral
dia303_utt0,train,anger
dia303_utt1,train,neutral
dia304_utt0,train,neutral
dia304_utt1,train,neutral
dia304_utt2,train,neutral
dia304_utt3,train,neutral
dia304_utt4,train,neutral
dia304_utt5,train,surprise
dia304_utt6,train,neutral
dia304_utt7,train,neutral
dia304_utt8,train,anger
dia304_utt9,train,anger
dia304_utt10,train,anger
dia305_utt0,train,joy
dia305_utt1,train,neutral
dia305_utt2,train,fear
dia305_utt3,train,neutral
dia305_utt4,train,neutral
dia305_utt5,train,joy
dia305_utt6,train,neutral
dia305_utt7,train,neutral
dia305_utt8,train,neutral
dia305_utt9,train,surprise
dia305_utt10,train,neutral
dia305_utt11,train,neutral
dia305_utt12,train,joy
dia305_utt13,train,joy
dia305_utt14,train,joy
dia306_utt0,train,joy
dia306_utt1,train,joy
dia306_utt2,train,sadness
dia306_utt3,train,joy
dia306_utt4,train,neutral
dia306_utt5,train,joy
dia306_utt6,train,joy
dia306_utt7,train,neutral
dia307_utt0,train,neutral
dia307_utt1,train,joy
dia307_utt2,train,sadness
dia307_utt3,train,neutral
dia307_utt4,train,neutral
dia307_utt5,train,neutral
dia307_utt6,train,neutral
dia307_utt7,train,neutral
dia307_utt8,train,surprise
dia307_utt9,train,neutral
dia307_utt10,train,neutral
dia307_utt11,train,neutral
dia307_utt12,train,neutral
dia308_utt0,train,neutral
dia308_utt1,train,joy
dia308_utt2,train,neutral
dia308_utt3,train,neutral
dia308_utt4,train,neutral
dia308_utt5,train,neutral
dia309_utt0,train,joy
dia309_utt1,train,surprise
dia309_utt2,train,joy
dia309_utt3,train,neutral
dia309_utt4,train,neutral
dia310_utt0,train,neutral
dia310_utt1,train,neutral
dia310_utt2,train,joy
dia310_utt3,train,sadness
dia310_utt4,train,neutral
dia310_utt5,train,surprise
dia310_utt6,train,sadness
dia311_utt0,train,neutral
dia311_utt1,train,joy
dia311_utt2,train,joy
dia311_utt3,train,joy
dia311_utt4,train,neutral
dia311_utt5,train,joy
dia311_utt6,train,neutral
dia311_utt7,train,joy
dia311_utt8,train,surprise
dia311_utt9,train,neutral
dia311_utt10,train,surprise
dia311_utt11,train,neutral
dia311_utt12,train,neutral
dia312_utt0,train,neutral
dia312_utt1,train,anger
dia312_utt2,train,anger
dia312_utt3,train,neutral
dia312_utt4,train,sadness
dia312_utt5,train,sadness
dia312_utt6,train,neutral
dia312_utt7,train,surprise
dia312_utt8,train,surprise
dia312_utt9,train,anger
dia312_utt10,train,surprise
dia312_utt11,train,neutral
dia312_utt12,train,sadness
dia312_utt13,train,sadness
dia312_utt14,train,neutral
dia312_utt15,train,neutral
dia312_utt16,train,neutral
dia312_utt17,train,anger
dia312_utt18,train,sadness
dia312_utt19,train,neutral
dia312_utt20,train,neutral
dia312_utt21,train,sadness
dia313_utt0,train,neutral
dia313_utt1,train,neutral
dia313_utt2,train,neutral
dia313_utt3,train,joy
dia314_utt0,train,joy
dia314_utt1,train,joy
dia314_utt2,train,joy
dia314_utt3,train,neutral
dia314_utt4,train,joy
dia314_utt5,train,joy
dia314_utt7,train,neutral
dia314_utt8,train,neutral
dia314_utt9,train,joy
dia314_utt10,train,neutral
dia314_utt11,train,neutral
dia314_utt12,train,neutral
dia315_utt0,train,neutral
dia315_utt1,train,neutral
dia315_utt2,train,joy
dia315_utt3,train,joy
dia315_utt4,train,anger
dia315_utt5,train,neutral
dia315_utt6,train,joy
dia315_utt7,train,joy
dia315_utt8,train,joy
dia315_utt9,train,joy
dia316_utt0,train,neutral
dia316_utt1,train,neutral
dia316_utt2,train,sadness
dia316_utt3,train,neutral
dia316_utt4,train,fear
dia316_utt5,train,anger
dia316_utt6,train,joy
dia316_utt7,train,neutral
dia316_utt8,train,neutral
dia317_utt0,train,neutral
dia317_utt1,train,joy
dia317_utt2,train,neutral
dia317_utt3,train,anger
dia317_utt4,train,neutral
dia317_utt5,train,joy
dia317_utt6,train,joy
dia317_utt7,train,joy
dia317_utt8,train,surprise
dia317_utt9,train,anger
dia317_utt10,train,anger
dia317_utt11,train,neutral
dia317_utt12,train,anger
dia317_utt13,train,anger
dia317_utt14,train,anger
dia317_utt15,train,anger
dia318_utt0,train,neutral
dia318_utt1,train,neutral
dia318_utt2,train,neutral
dia318_utt3,train,neutral
dia318_utt4,train,neutral
dia319_utt0,train,neutral
dia319_utt1,train,joy
dia319_utt2,train,neutral
dia319_utt3,train,neutral
dia319_utt4,train,neutral
dia319_utt5,train,neutral
dia319_utt6,train,anger
dia319_utt7,train,surprise
dia319_utt8,train,sadness
dia319_utt9,train,neutral
dia319_utt10,train,neutral
dia319_utt11,train,neutral
dia319_utt12,train,neutral
dia319_utt13,train,surprise
dia319_utt14,train,joy
dia319_utt15,train,surprise
dia319_utt16,train,neutral
dia319_utt17,train,joy
dia319_utt18,train,neutral
dia319_utt19,train,joy
dia319_utt20,train,joy
dia319_utt21,train,neutral
dia319_utt22,train,disgust
dia320_utt0,train,neutral
dia320_utt1,train,neutral
dia320_utt2,train,neutral
dia320_utt3,train,surprise
dia320_utt4,train,sadness
dia320_utt5,train,joy
dia320_utt6,train,sadness
dia320_utt7,train,surprise
dia320_utt8,train,sadness
dia320_utt9,train,neutral
dia320_utt10,train,neutral
dia320_utt11,train,neutral
dia320_utt12,train,surprise
dia320_utt13,train,sadness
dia320_utt14,train,neutral
dia320_utt15,train,neutral
dia320_utt16,train,surprise
dia320_utt17,train,joy
dia321_utt0,train,joy
dia321_utt1,train,joy
dia321_utt2,train,joy
dia321_utt3,train,neutral
dia321_utt4,train,surprise
dia321_utt5,train,neutral
dia321_utt6,train,surprise
dia321_utt7,train,joy
dia321_utt8,train,surprise
dia321_utt9,train,neutral
dia321_utt10,train,disgust
dia321_utt11,train,disgust
dia322_utt0,train,disgust
dia322_utt1,train,surprise
dia323_utt0,train,sadness
dia324_utt0,train,neutral
dia324_utt1,train,surprise
dia324_utt2,train,neutral
dia324_utt3,train,neutral
dia324_utt4,train,neutral
dia324_utt5,train,neutral
dia324_utt6,train,neutral
dia324_utt7,train,neutral
dia325_utt0,train,neutral
dia326_utt0,train,sadness
dia326_utt1,train,surprise
dia326_utt2,train,surprise
dia326_utt3,train,neutral
dia326_utt4,train,surprise
dia326_utt5,train,fear
dia326_utt6,train,joy
dia326_utt7,train,neutral
dia326_utt8,train,neutral
dia327_utt0,train,anger
dia327_utt1,train,neutral
dia327_utt2,train,surprise
dia327_utt3,train,neutral
dia327_utt4,train,joy
dia327_utt5,train,neutral
dia327_utt6,train,anger
dia327_utt7,train,neutral
dia328_utt0,train,anger
dia328_utt1,train,anger
dia328_utt2,train,anger
dia328_utt3,train,neutral
dia328_utt4,train,anger
dia328_utt5,train,neutral
dia328_utt6,train,joy
dia328_utt7,train,joy
dia328_utt8,train,sadness
dia329_utt0,train,joy
dia329_utt1,train,anger
dia329_utt2,train,neutral
dia329_utt3,train,joy
dia329_utt4,train,anger
dia329_utt5,train,surprise
dia329_utt6,train,neutral
dia329_utt7,train,anger
dia329_utt8,train,neutral
dia329_utt9,train,anger
dia329_utt10,train,neutral
dia330_utt0,train,neutral
dia330_utt1,train,neutral
dia330_utt2,train,joy
dia330_utt3,train,neutral
dia331_utt0,train,anger
dia331_utt1,train,neutral
dia331_utt2,train,neutral
dia331_utt3,train,neutral
dia331_utt4,train,sadness
dia331_utt5,train,neutral
dia331_utt6,train,neutral
dia331_utt7,train,neutral
dia331_utt8,train,joy
dia331_utt9,train,joy
dia332_utt0,train,surprise
dia332_utt1,train,neutral
dia332_utt2,train,neutral
dia332_utt3,train,neutral
dia332_utt4,train,neutral
dia332_utt5,train,joy
dia332_utt6,train,neutral
dia332_utt7,train,anger
dia332_utt8,train,neutral
dia332_utt9,train,neutral
dia332_utt10,train,neutral
dia332_utt11,train,surprise
dia332_utt12,train,anger
dia332_utt13,train,surprise
dia332_utt14,train,surprise
dia332_utt15,train,neutral
dia333_utt0,train,neutral
dia333_utt1,train,neutral
dia333_utt2,train,surprise
dia333_utt3,train,neutral
dia333_utt4,train,neutral
dia334_utt0,train,joy
dia334_utt1,train,neutral
dia334_utt2,train,sadness
dia334_utt3,train,neutral
dia334_utt4,train,neutral
dia334_utt5,train,neutral
dia334_utt6,train,neutral
dia334_utt7,train,neutral
dia334_utt8,train,neutral
dia334_utt9,train,neutral
dia334_utt10,train,neutral
dia334_utt11,train,neutral
dia334_utt12,train,neutral
dia335_utt0,train,neutral
dia335_utt1,train,joy
dia335_utt2,train,neutral
dia335_utt3,train,neutral
dia336_utt0,train,surprise
dia336_utt1,train,joy
dia336_utt2,train,neutral
dia336_utt3,train,neutral
dia336_utt4,train,surprise
dia336_utt6,train,sadness
dia336_utt7,train,anger
dia336_utt8,train,fear
dia336_utt9,train,sadness
dia336_utt10,train,disgust
dia336_utt11,train,sadness
dia336_utt12,train,neutral
dia336_utt13,train,surprise
dia336_utt14,train,surprise
dia336_utt15,train,joy
dia336_utt16,train,joy
dia336_utt17,train,joy
dia336_utt18,train,joy
dia336_utt19,train,neutral
dia336_utt20,train,surprise
dia336_utt21,train,joy
dia337_utt0,train,neutral
dia337_utt1,train,surprise
dia337_utt2,train,neutral
dia337_utt3,train,surprise
dia337_utt4,train,joy
dia337_utt5,train,joy
dia337_utt6,train,sadness
dia337_utt7,train,surprise
dia337_utt8,train,neutral
dia337_utt9,train,surprise
dia337_utt10,train,neutral
dia337_utt11,train,neutral
dia337_utt12,train,neutral
dia337_utt13,train,neutral
dia337_utt14,train,surprise
dia337_utt15,train,sadness
dia337_utt16,train,surprise
dia337_utt17,train,neutral
dia337_utt18,train,anger
dia337_utt19,train,neutral
dia338_utt0,train,neutral
dia338_utt1,train,joy
dia338_utt2,train,neutral
dia338_utt3,train,surprise
dia338_utt4,train,joy
dia338_utt5,train,neutral
dia338_utt6,train,neutral
dia338_utt7,train,neutral
dia338_utt8,train,joy
dia338_utt9,train,neutral
dia338_utt10,train,neutral
dia338_utt11,train,neutral
dia338_utt12,train,neutral
dia338_utt13,train,neutral
dia338_utt14,train,neutral
dia338_utt15,train,neutral
dia338_utt16,train,neutral
dia339_utt0,train,neutral
dia339_utt1,train,neutral
dia339_utt3,train,anger
dia339_utt4,train,joy
dia340_utt0,train,neutral
dia341_utt0,train,neutral
dia342_utt0,train,neutral
dia342_utt1,train,neutral
dia342_utt2,train,neutral
dia342_utt3,train,neutral
dia342_utt4,train,neutral
dia342_utt5,train,joy
dia342_utt6,train,anger
dia342_utt7,train,joy
dia342_utt8,train,neutral
dia342_utt9,train,neutral
dia342_utt10,train,anger
dia342_utt11,train,neutral
dia342_utt12,train,neutral
dia342_utt13,train,anger
dia342_utt14,train,neutral
dia342_utt15,train,joy
dia342_utt16,train,surprise
dia342_utt17,train,joy
dia342_utt18,train,neutral
dia342_utt19,train,neutral
dia343_utt0,train,surprise
dia344_utt0,train,joy
dia344_utt1,train,neutral
dia344_utt2,train,neutral
dia344_utt3,train,neutral
dia344_utt4,train,surprise
dia344_utt6,train,joy
dia344_utt7,train,joy
dia344_utt8,train,fear
dia344_utt9,train,neutral
dia344_utt10,train,surprise
dia344_utt11,train,joy
dia344_utt12,train,joy
dia344_utt13,train,neutral
dia344_utt14,train,surprise
dia344_utt15,train,disgust
dia345_utt0,train,neutral
dia345_utt1,train,neutral
dia345_utt2,train,joy
dia345_utt3,train,neutral
dia345_utt4,train,joy
dia346_utt0,train,joy
dia346_utt1,train,surprise
dia346_utt2,train,surprise
dia346_utt3,train,neutral
dia346_utt4,train,neutral
dia346_utt5,train,surprise
dia346_utt6,train,neutral
dia347_utt0,train,sadness
dia347_utt1,train,neutral
dia347_utt2,train,surprise
dia347_utt3,train,neutral
dia347_utt4,train,sadness
dia347_utt5,train,neutral
dia347_utt6,train,surprise
dia347_utt7,train,sadness
dia347_utt8,train,surprise
dia347_utt9,train,sadness
dia347_utt10,train,sadness
dia347_utt11,train,neutral
dia348_utt0,train,joy
dia348_utt1,train,joy
dia348_utt2,train,joy
dia348_utt4,train,neutral
dia349_utt0,train,joy
dia349_utt1,train,joy
dia349_utt2,train,joy
dia349_utt3,train,neutral
dia349_utt4,train,joy
dia349_utt5,train,joy
dia349_utt6,train,neutral
dia349_utt7,train,sadness
dia349_utt8,train,neutral
dia349_utt9,train,neutral
dia349_utt10,train,joy
dia349_utt11,train,surprise
dia350_utt0,train,neutral
dia350_utt1,train,joy
dia350_utt2,train,joy
dia350_utt3,train,joy
dia350_utt4,train,neutral
dia350_utt5,train,neutral
dia350_utt6,train,neutral
dia350_utt7,train,neutral
dia351_utt0,train,anger
dia351_utt1,train,surprise
dia351_utt2,train,surprise
dia351_utt3,train,anger
dia351_utt4,train,fear
dia351_utt5,train,anger
dia351_utt6,train,fear
dia351_utt7,train,surprise
dia351_utt8,train,joy
dia351_utt9,train,anger
dia351_utt10,train,anger
dia351_utt11,train,joy
dia351_utt12,train,anger
dia351_utt13,train,anger
dia351_utt14,train,surprise
dia351_utt15,train,joy
dia352_utt0,train,neutral
dia352_utt1,train,anger
dia352_utt2,train,joy
dia352_utt3,train,anger
dia352_utt4,train,neutral
dia352_utt5,train,joy
dia352_utt6,train,surprise
dia353_utt0,train,neutral
dia353_utt1,train,neutral
dia354_utt0,train,neutral
dia354_utt1,train,neutral
dia354_utt2,train,neutral
dia354_utt3,train,neutral
dia354_utt4,train,neutral
dia354_utt5,train,neutral
dia354_utt6,train,neutral
dia354_utt7,train,surprise
dia354_utt8,train,joy
dia354_utt9,train,neutral
dia354_utt10,train,joy
dia354_utt11,train,neutral
dia354_utt12,train,neutral
dia354_utt13,train,neutral
dia354_utt14,train,anger
dia354_utt15,train,neutral
dia354_utt16,train,neutral
dia354_utt17,train,neutral
dia355_utt0,train,sadness
dia355_utt1,train,neutral
dia355_utt2,train,neutral
dia355_utt3,train,joy
dia355_utt4,train,neutral
dia356_utt0,train,sadness
dia356_utt1,train,surprise
dia356_utt2,train,neutral
dia356_utt3,train,surprise
dia356_utt4,train,neutral
dia356_utt5,train,neutral
dia356_utt6,train,sadness
dia356_utt7,train,joy
dia356_utt8,train,neutral
dia356_utt9,train,sadness
dia356_utt10,train,anger
dia356_utt11,train,surprise
dia356_utt12,train,neutral
dia356_utt13,train,joy
dia356_utt14,train,neutral
dia356_utt15,train,neutral
dia356_utt16,train,neutral
dia356_utt17,train,anger
dia356_utt18,train,neutral
dia356_utt19,train,neutral
dia356_utt20,train,fear
dia356_utt21,train,anger
dia356_utt22,train,neutral
dia357_utt1,train,surprise
dia357_utt2,train,neutral
dia357_utt3,train,surprise
dia358_utt0,train,neutral
dia358_utt1,train,neutral
dia358_utt2,train,neutral
dia358_utt3,train,sadness
dia358_utt4,train,neutral
dia358_utt5,train,neutral
dia358_utt6,train,fear
dia358_utt7,train,neutral
dia358_utt8,train,surprise
dia358_utt9,train,anger
dia358_utt10,train,joy
dia358_utt11,train,surprise
dia358_utt12,train,neutral
dia358_utt13,train,surprise
dia358_utt14,train,sadness
dia358_utt15,train,neutral
dia358_utt16,train,neutral
dia358_utt17,train,neutral
dia358_utt18,train,sadness
dia359_utt0,train,surprise
dia359_utt1,train,neutral
dia359_utt3,train,sadness
dia359_utt4,train,joy
dia359_utt5,train,joy
dia359_utt6,train,sadness
dia360_utt0,train,sadness
dia360_utt1,train,sadness
dia360_utt2,train,neutral
dia360_utt3,train,neutral
dia360_utt4,train,neutral
dia360_utt5,train,neutral
dia361_utt0,train,neutral
dia361_utt1,train,neutral
dia361_utt2,train,neutral
dia361_utt3,train,surprise
dia361_utt4,train,neutral
dia361_utt5,train,neutral
dia361_utt6,train,joy
dia361_utt7,train,surprise
dia361_utt8,train,neutral
dia361_utt9,train,disgust
dia361_utt10,train,joy
dia361_utt11,train,joy
dia361_utt12,train,neutral
dia361_utt13,train,neutral
dia361_utt14,train,neutral
dia362_utt0,train,sadness
dia362_utt1,train,neutral
dia362_utt2,train,neutral
dia362_utt3,train,sadness
dia362_utt4,train,neutral
dia362_utt5,train,sadness
dia362_utt6,train,neutral
dia362_utt7,train,surprise
dia362_utt8,train,neutral
dia362_utt9,train,surprise
dia363_utt0,train,neutral
dia363_utt1,train,neutral
dia364_utt0,train,neutral
dia365_utt0,train,neutral
dia365_utt1,train,neutral
dia365_utt2,train,neutral
dia365_utt3,train,neutral
dia365_utt4,train,neutral
dia365_utt5,train,sadness
dia365_utt6,train,anger
dia365_utt7,train,neutral
dia365_utt8,train,neutral
dia365_utt9,train,neutral
dia365_utt10,train,neutral
dia365_utt11,train,neutral
dia365_utt12,train,neutral
dia365_utt13,train,surprise
dia365_utt14,train,anger
dia366_utt0,train,neutral
dia366_utt1,train,neutral
dia366_utt2,train,anger
dia366_utt3,train,neutral
dia366_utt4,train,surprise
dia366_utt5,train,anger
dia366_utt6,train,sadness
dia366_utt7,train,sadness
dia366_utt8,train,surprise
dia366_utt9,train,anger
dia366_utt10,train,neutral
dia366_utt11,train,neutral
dia366_utt12,train,neutral
dia366_utt13,train,fear
dia366_utt14,train,neutral
dia366_utt15,train,surprise
dia366_utt16,train,neutral
dia366_utt17,train,neutral
dia366_utt18,train,neutral
dia367_utt0,train,anger
dia367_utt1,train,neutral
dia367_utt2,train,joy
dia367_utt3,train,neutral
dia367_utt4,train,neutral
dia367_utt5,train,surprise
dia367_utt6,train,surprise
dia367_utt7,train,neutral
dia367_utt8,train,joy
dia367_utt9,train,surprise
dia367_utt10,train,neutral
dia367_utt11,train,surprise
dia367_utt12,train,neutral
dia367_utt13,train,neutral
dia367_utt14,train,neutral
dia367_utt15,train,surprise
dia368_utt0,train,sadness
dia368_utt1,train,joy
dia369_utt0,train,neutral
dia370_utt0,train,neutral
dia370_utt1,train,joy
dia370_utt2,train,neutral
dia370_utt3,train,surprise
dia371_utt0,train,neutral
dia371_utt1,train,neutral
dia371_utt2,train,neutral
dia371_utt3,train,neutral
dia371_utt4,train,neutral
dia371_utt5,train,neutral
dia371_utt6,train,surprise
dia371_utt7,train,neutral
dia371_utt8,train,neutral
dia371_utt9,train,neutral
dia371_utt10,train,surprise
dia371_utt11,train,sadness
dia372_utt0,train,neutral
dia372_utt1,train,joy
dia372_utt2,train,joy
dia372_utt3,train,sadness
dia372_utt4,train,sadness
dia372_utt5,train,sadness
dia372_utt6,train,sadness
dia372_utt7,train,surprise
dia372_utt8,train,joy
dia372_utt9,train,sadness
dia372_utt10,train,joy
dia372_utt11,train,neutral
dia372_utt12,train,neutral
dia373_utt1,train,neutral
dia373_utt3,train,neutral
dia373_utt4,train,joy
dia374_utt0,train,joy
dia374_utt1,train,surprise
dia374_utt2,train,surprise
dia374_utt3,train,neutral
dia374_utt4,train,anger
dia374_utt5,train,surprise
dia374_utt6,train,neutral
dia374_utt7,train,anger
dia374_utt8,train,anger
dia374_utt9,train,anger
dia374_utt10,train,neutral
dia374_utt11,train,neutral
dia374_utt12,train,anger
dia374_utt13,train,anger
dia374_utt14,train,joy
dia374_utt15,train,neutral
dia375_utt0,train,joy
dia375_utt1,train,neutral
dia375_utt2,train,joy
dia375_utt3,train,joy
dia375_utt4,train,fear
dia376_utt0,train,joy
dia376_utt1,train,joy
dia376_utt2,train,joy
dia376_utt3,train,fear
dia377_utt0,train,neutral
dia377_utt1,train,neutral
dia377_utt2,train,neutral
dia377_utt3,train,neutral
dia377_utt4,train,surprise
dia377_utt5,train,neutral
dia377_utt6,train,anger
dia378_utt0,train,neutral
dia378_utt1,train,neutral
dia378_utt2,train,neutral
dia379_utt0,train,surprise
dia379_utt1,train,sadness
dia379_utt2,train,sadness
dia379_utt3,train,sadness
dia379_utt4,train,sadness
dia379_utt5,train,sadness
dia379_utt6,train,surprise
dia379_utt7,train,sadness
dia379_utt8,train,neutral
dia379_utt9,train,neutral
dia379_utt10,train,surprise
dia380_utt0,train,neutral
dia380_utt1,train,anger
dia380_utt2,train,sadness
dia380_utt3,train,neutral
dia380_utt4,train,joy
dia381_utt0,train,neutral
dia382_utt0,train,joy
dia382_utt1,train,neutral
dia382_utt2,train,joy
dia383_utt0,train,neutral
dia383_utt1,train,disgust
dia383_utt2,train,joy
dia383_utt3,train,anger
dia383_utt4,train,fear
dia383_utt5,train,neutral
dia383_utt6,train,neutral
dia383_utt7,train,neutral
dia383_utt8,train,neutral
dia383_utt9,train,neutral
dia383_utt10,train,neutral
dia383_utt11,train,surprise
dia384_utt0,train,neutral
dia384_utt1,train,surprise
dia384_utt2,train,neutral
dia384_utt3,train,neutral
dia384_utt4,train,joy
dia385_utt0,train,anger
dia385_utt1,train,joy
dia385_utt2,train,sadness
dia385_utt3,train,sadness
dia385_utt4,train,neutral
dia385_utt5,train,neutral
dia386_utt0,train,joy
dia387_utt0,train,sadness
dia387_utt1,train,joy
dia387_utt2,train,sadness
dia387_utt3,train,joy
dia387_utt4,train,sadness
dia388_utt0,train,joy
dia388_utt1,train,neutral
dia388_utt2,train,neutral
dia388_utt3,train,surprise
dia388_utt4,train,disgust
dia388_utt5,train,anger
dia388_utt6,train,disgust
dia388_utt7,train,fear
dia388_utt8,train,neutral
dia388_utt9,train,disgust
dia388_utt10,train,surprise
dia388_utt11,train,surprise
dia388_utt12,train,joy
dia388_utt13,train,neutral
dia388_utt14,train,anger
dia388_utt15,train,neutral
dia388_utt16,train,anger
dia389_utt0,train,neutral
dia389_utt1,train,anger
dia389_utt2,train,joy
dia389_utt3,train,neutral
dia389_utt4,train,surprise
dia389_utt5,train,neutral
dia389_utt6,train,joy
dia389_utt7,train,neutral
dia389_utt8,train,surprise
dia389_utt9,train,neutral
dia389_utt10,train,neutral
dia389_utt11,train,joy
dia389_utt12,train,joy
dia390_utt0,train,surprise
dia390_utt1,train,joy
dia390_utt2,train,surprise
dia391_utt0,train,neutral
dia392_utt0,train,joy
dia392_utt1,train,joy
dia392_utt2,train,joy
dia392_utt3,train,joy
dia392_utt4,train,joy
dia392_utt5,train,neutral
dia392_utt6,train,joy
dia392_utt7,train,neutral
dia392_utt8,train,joy
dia392_utt9,train,joy
dia392_utt10,train,surprise
dia392_utt11,train,neutral
dia392_utt12,train,joy
dia393_utt0,train,neutral
dia393_utt1,train,neutral
dia393_utt2,train,neutral
dia393_utt3,train,surprise
dia393_utt4,train,joy
dia393_utt5,train,joy
dia393_utt6,train,anger
dia393_utt7,train,joy
dia394_utt0,train,anger
dia394_utt1,train,neutral
dia395_utt0,train,anger
dia395_utt1,train,neutral
dia395_utt2,train,anger
dia395_utt3,train,joy
dia395_utt4,train,anger
dia395_utt5,train,anger
dia395_utt6,train,anger
dia395_utt7,train,neutral
dia395_utt8,train,neutral
dia396_utt0,train,disgust
dia397_utt0,train,anger
dia397_utt1,train,neutral
dia397_utt2,train,neutral
dia398_utt0,train,neutral
dia398_utt1,train,neutral
dia398_utt2,train,anger
dia398_utt3,train,sadness
dia398_utt4,train,surprise
dia398_utt5,train,neutral
dia398_utt6,train,sadness
dia398_utt7,train,surprise
dia398_utt8,train,sadness
dia398_utt9,train,disgust
dia398_utt10,train,disgust
dia398_utt11,train,disgust
dia398_utt12,train,disgust
dia398_utt13,train,neutral
dia399_utt0,train,disgust
dia400_utt0,train,anger
dia400_utt1,train,anger
dia400_utt2,train,sadness
dia400_utt3,train,neutral
dia400_utt4,train,neutral
dia400_utt5,train,joy
dia400_utt6,train,surprise
dia400_utt7,train,neutral
dia400_utt8,train,sadness
dia401_utt0,train,neutral
dia401_utt1,train,neutral
dia401_utt2,train,neutral
dia401_utt3,train,neutral
dia401_utt4,train,neutral
dia401_utt5,train,neutral
dia401_utt6,train,neutral
dia401_utt7,train,joy
dia401_utt8,train,surprise
dia401_utt9,train,neutral
dia401_utt10,train,surprise
dia401_utt11,train,sadness
dia401_utt12,train,surprise
dia402_utt0,train,neutral
dia402_utt1,train,neutral
dia403_utt0,train,neutral
dia404_utt0,train,joy
dia404_utt1,train,joy
dia404_utt2,train,neutral
dia404_utt3,train,sadness
dia404_utt4,train,sadness
dia404_utt5,train,neutral
dia404_utt6,train,neutral
dia404_utt7,train,anger
dia404_utt8,train,sadness
dia404_utt9,train,joy
dia404_utt10,train,joy
dia404_utt11,train,surprise
dia404_utt12,train,neutral
dia404_utt13,train,neutral
dia404_utt14,train,neutral
dia404_utt15,train,neutral
dia404_utt17,train,neutral
dia404_utt18,train,neutral
dia404_utt19,train,neutral
dia405_utt0,train,neutral
dia405_utt1,train,anger
dia405_utt2,train,anger
dia405_utt3,train,anger
dia405_utt4,train,anger
dia405_utt5,train,surprise
dia405_utt6,train,neutral
dia406_utt0,train,joy
dia406_utt1,train,joy
dia406_utt2,train,joy
dia406_utt3,train,joy
dia407_utt0,train,anger
dia407_utt1,train,sadness
dia407_utt2,train,neutral
dia407_utt3,train,surprise
dia407_utt4,train,neutral
dia407_utt5,train,neutral
dia407_utt6,train,anger
dia407_utt7,train,anger
dia407_utt8,train,neutral
dia407_utt9,train,neutral
dia407_utt10,train,neutral
dia408_utt0,train,neutral
dia408_utt1,train,neutral
dia408_utt2,train,neutral
dia408_utt3,train,neutral
dia408_utt4,train,neutral
dia409_utt0,train,neutral
dia409_utt1,train,neutral
dia409_utt2,train,neutral
dia409_utt3,train,joy
dia409_utt4,train,neutral
dia409_utt5,train,neutral
dia409_utt6,train,neutral
dia409_utt7,train,surprise
dia409_utt8,train,surprise
dia409_utt9,train,neutral
dia409_utt10,train,surprise
dia410_utt0,train,disgust
dia410_utt1,train,surprise
dia410_utt2,train,anger
dia410_utt3,train,joy
dia410_utt4,train,neutral
dia410_utt5,train,neutral
dia410_utt6,train,surprise
dia410_utt7,train,neutral
dia410_utt8,train,neutral
dia410_utt9,train,neutral
dia410_utt10,train,sadness
dia410_utt11,train,neutral
dia410_utt12,train,neutral
dia410_utt13,train,neutral
dia410_utt14,train,neutral
dia410_utt15,train,joy
dia410_utt16,train,neutral
dia410_utt17,train,fear
dia410_utt18,train,sadness
dia411_utt0,train,neutral
dia411_utt1,train,fear
dia411_utt2,train,neutral
dia411_utt3,train,joy
dia411_utt4,train,neutral
dia412_utt0,train,anger
dia412_utt1,train,neutral
dia412_utt2,train,neutral
dia412_utt3,train,neutral
dia412_utt4,train,sadness
dia412_utt5,train,neutral
dia412_utt6,train,neutral
dia412_utt7,train,surprise
dia412_utt8,train,joy
dia412_utt9,train,neutral
dia412_utt10,train,disgust
dia412_utt11,train,surprise
dia412_utt12,train,neutral
dia412_utt13,train,neutral
dia412_utt14,train,anger
dia412_utt15,train,neutral
dia412_utt16,train,surprise
dia413_utt0,train,neutral
dia413_utt1,train,neutral
dia413_utt2,train,neutral
dia413_utt3,train,neutral
dia413_utt4,train,neutral
dia414_utt0,train,neutral
dia414_utt1,train,neutral
dia414_utt2,train,neutral
dia414_utt3,train,surprise
dia414_utt4,train,neutral
dia414_utt6,train,neutral
dia414_utt7,train,joy
dia414_utt8,train,joy
dia414_utt9,train,neutral
dia414_utt10,train,neutral
dia414_utt11,train,neutral
dia415_utt0,train,disgust
dia415_utt1,train,neutral
dia415_utt2,train,neutral
dia415_utt3,train,neutral
dia415_utt4,train,neutral
dia415_utt5,train,neutral
dia415_utt6,train,neutral
dia415_utt7,train,neutral
dia415_utt8,train,neutral
dia415_utt9,train,disgust
dia415_utt10,train,surprise
dia416_utt0,train,surprise
dia416_utt1,train,surprise
dia416_utt2,train,neutral
dia416_utt4,train,disgust
dia417_utt0,train,neutral
dia418_utt0,train,neutral
dia418_utt1,train,surprise
dia418_utt2,train,neutral
dia418_utt3,train,neutral
dia418_utt4,train,surprise
dia418_utt5,train,neutral
dia418_utt6,train,neutral
dia418_utt7,train,neutral
dia418_utt8,train,neutral
dia418_utt9,train,neutral
dia418_utt10,train,anger
dia418_utt11,train,neutral
dia418_utt12,train,neutral
dia418_utt13,train,neutral
dia418_utt14,train,neutral
dia418_utt15,train,surprise
dia418_utt16,train,surprise
dia418_utt17,train,neutral
dia418_utt18,train,sadness
dia418_utt19,train,sadness
dia418_utt20,train,neutral
dia418_utt21,train,neutral
dia418_utt22,train,neutral
dia419_utt0,train,neutral
dia420_utt0,train,joy
dia420_utt1,train,joy
dia420_utt2,train,joy
dia420_utt3,train,neutral
dia420_utt4,train,disgust
dia420_utt5,train,neutral
dia420_utt6,train,neutral
dia420_utt7,train,neutral
dia421_utt0,train,neutral
dia421_utt1,train,neutral
dia421_utt2,train,neutral
dia421_utt3,train,fear
dia421_utt4,train,fear
dia421_utt5,train,fear
dia421_utt6,train,neutral
dia421_utt7,train,fear
dia421_utt8,train,neutral
dia422_utt0,train,neutral
dia422_utt1,train,neutral
dia422_utt2,train,neutral
dia422_utt3,train,neutral
dia422_utt4,train,neutral
dia422_utt5,train,neutral
dia422_utt6,train,surprise
dia422_utt7,train,neutral
dia423_utt0,train,neutral
dia423_utt1,train,neutral
dia423_utt2,train,neutral
dia423_utt3,train,neutral
dia423_utt4,train,neutral
dia423_utt5,train,surprise
dia423_utt6,train,anger
dia423_utt7,train,anger
dia423_utt8,train,neutral
dia423_utt9,train,joy
dia423_utt10,train,joy
dia424_utt0,train,joy
dia424_utt1,train,surprise
dia424_utt2,train,neutral
dia424_utt3,train,neutral
dia424_utt4,train,neutral
dia424_utt5,train,neutral
dia424_utt6,train,neutral
dia424_utt7,train,neutral
dia424_utt8,train,neutral
dia424_utt9,train,neutral
dia424_utt10,train,neutral
dia424_utt11,train,neutral
dia424_utt12,train,anger
dia424_utt14,train,joy
dia424_utt15,train,joy
dia424_utt16,train,joy
dia425_utt0,train,neutral
dia425_utt1,train,neutral
dia425_utt2,train,sadness
dia425_utt3,train,surprise
dia425_utt4,train,surprise
dia425_utt5,train,surprise
dia426_utt0,train,neutral
dia426_utt1,train,sadness
dia426_utt2,train,anger
dia426_utt3,train,neutral
dia426_utt4,train,neutral
dia426_utt5,train,neutral
dia426_utt6,train,neutral
dia426_utt7,train,sadness
dia427_utt0,train,sadness
dia427_utt1,train,neutral
dia428_utt0,train,neutral
dia428_utt1,train,anger
dia428_utt2,train,joy
dia428_utt3,train,surprise
dia428_utt4,train,anger
dia428_utt5,train,neutral
dia428_utt6,train,anger
dia428_utt7,train,surprise
dia428_utt8,train,sadness
dia429_utt0,train,neutral
dia429_utt1,train,neutral
dia429_utt2,train,neutral
dia429_utt3,train,neutral
dia429_utt4,train,joy
dia429_utt5,train,neutral
dia429_utt6,train,neutral
dia429_utt7,train,neutral
dia429_utt8,train,neutral
dia429_utt9,train,surprise
dia429_utt10,train,surprise
dia429_utt11,train,neutral
dia430_utt0,train,anger
dia430_utt1,train,neutral
dia430_utt2,train,sadness
dia430_utt3,train,anger
dia430_utt4,train,surprise
dia430_utt5,train,neutral
dia430_utt6,train,neutral
dia430_utt7,train,surprise
dia430_utt8,train,anger
dia431_utt0,train,joy
dia431_utt1,train,neutral
dia431_utt2,train,neutral
dia431_utt3,train,neutral
dia431_utt4,train,neutral
dia431_utt5,train,joy
dia431_utt6,train,anger
dia431_utt7,train,joy
dia431_utt8,train,joy
dia431_utt9,train,disgust
dia431_utt10,train,surprise
dia431_utt11,train,anger
dia431_utt12,train,anger
dia431_utt13,train,anger
dia431_utt14,train,anger
dia431_utt15,train,surprise
dia431_utt16,train,anger
dia431_utt17,train,sadness
dia431_utt18,train,disgust
dia431_utt19,train,disgust
dia432_utt0,train,neutral
dia433_utt0,train,neutral
dia433_utt1,train,neutral
dia434_utt0,train,sadness
dia434_utt1,train,sadness
dia434_utt2,train,sadness
dia434_utt3,train,neutral
dia434_utt4,train,neutral
dia434_utt5,train,neutral
dia434_utt6,train,joy
dia434_utt7,train,joy
dia434_utt8,train,neutral
dia434_utt9,train,neutral
dia434_utt10,train,sadness
dia434_utt11,train,neutral
dia434_utt12,train,neutral
dia434_utt13,train,neutral
dia434_utt14,train,neutral
dia435_utt0,train,neutral
dia435_utt1,train,joy
dia435_utt2,train,joy
dia435_utt3,train,surprise
dia435_utt4,train,surprise
dia435_utt5,train,neutral
dia435_utt6,train,joy
dia435_utt7,train,joy
dia435_utt8,train,joy
dia435_utt9,train,surprise
dia436_utt0,train,joy
dia436_utt1,train,disgust
dia436_utt2,train,anger
dia436_utt3,train,disgust
dia436_utt4,train,neutral
dia436_utt5,train,surprise
dia437_utt0,train,anger
dia437_utt1,train,surprise
dia437_utt2,train,neutral
dia438_utt0,train,anger
dia438_utt1,train,neutral
dia438_utt2,train,neutral
dia438_utt3,train,surprise
dia438_utt4,train,neutral
dia438_utt5,train,neutral
dia438_utt7,train,neutral
dia438_utt8,train,neutral
dia438_utt9,train,joy
dia438_utt10,train,sadness
dia438_utt11,train,neutral
dia438_utt12,train,joy
dia438_utt13,train,neutral
dia438_utt14,train,neutral
dia438_utt15,train,neutral
dia439_utt0,train,neutral
dia439_utt1,train,disgust
dia439_utt2,train,neutral
dia439_utt3,train,joy
dia439_utt4,train,surprise
dia439_utt5,train,joy
dia439_utt6,train,neutral
dia440_utt0,train,neutral
dia440_utt1,train,neutral
dia440_utt2,train,joy
dia440_utt3,train,neutral
dia440_utt4,train,neutral
dia440_utt5,train,neutral
dia440_utt6,train,neutral
dia440_utt7,train,neutral
dia440_utt8,train,neutral
dia440_utt9,train,surprise
dia440_utt10,train,neutral
dia440_utt11,train,disgust
dia440_utt12,train,neutral
dia440_utt13,train,neutral
dia441_utt0,train,neutral
dia441_utt1,train,sadness
dia441_utt2,train,neutral
dia441_utt3,train,joy
dia441_utt4,train,neutral
dia441_utt5,train,neutral
dia441_utt6,train,neutral
dia441_utt7,train,sadness
dia441_utt8,train,neutral
dia441_utt9,train,neutral
dia442_utt0,train,joy
dia442_utt1,train,neutral
dia442_utt2,train,neutral
dia442_utt3,train,neutral
dia442_utt4,train,disgust
dia442_utt5,train,surprise
dia443_utt0,train,joy
dia443_utt1,train,neutral
dia443_utt2,train,neutral
dia443_utt3,train,neutral
dia443_utt4,train,neutral
dia443_utt5,train,neutral
dia443_utt6,train,neutral
dia443_utt7,train,surprise
dia444_utt0,train,surprise
dia444_utt1,train,neutral
dia444_utt2,train,neutral
dia444_utt3,train,neutral
dia444_utt4,train,neutral
dia444_utt5,train,neutral
dia444_utt6,train,neutral
dia445_utt0,train,neutral
dia445_utt1,train,surprise
dia445_utt2,train,sadness
dia445_utt3,train,fear
dia445_utt4,train,neutral
dia445_utt5,train,surprise
dia445_utt6,train,neutral
dia445_utt7,train,surprise
dia445_utt8,train,joy
dia445_utt9,train,sadness
dia445_utt10,train,sadness
dia445_utt11,train,neutral
dia445_utt12,train,fear
dia445_utt13,train,anger
dia445_utt14,train,anger
dia445_utt15,train,anger
dia445_utt16,train,anger
dia445_utt17,train,anger
dia445_utt18,train,anger
dia445_utt19,train,anger
dia445_utt20,train,sadness
dia446_utt0,train,surprise
dia446_utt1,train,surprise
dia446_utt2,train,neutral
dia446_utt3,train,neutral
dia446_utt4,train,neutral
dia446_utt5,train,neutral
dia446_utt6,train,neutral
dia446_utt7,train,neutral
dia446_utt8,train,neutral
dia446_utt9,train,neutral
dia446_utt10,train,surprise
dia446_utt11,train,neutral
dia446_utt12,train,joy
dia446_utt13,train,joy
dia446_utt14,train,anger
dia446_utt15,train,sadness
dia446_utt16,train,sadness
dia446_utt17,train,sadness
dia446_utt18,train,sadness
dia446_utt19,train,neutral
dia447_utt0,train,neutral
dia447_utt1,train,neutral
dia447_utt2,train,joy
dia448_utt0,train,neutral
dia448_utt1,train,anger
dia448_utt2,train,anger
dia448_utt3,train,anger
dia448_utt4,train,anger
dia448_utt5,train,anger
dia448_utt6,train,anger
dia448_utt7,train,joy
dia448_utt8,train,anger
dia448_utt9,train,anger
dia448_utt10,train,anger
dia448_utt11,train,neutral
dia449_utt0,train,neutral
dia449_utt1,train,neutral
dia449_utt2,train,sadness
dia449_utt3,train,sadness
dia449_utt4,train,joy
dia449_utt5,train,neutral
dia449_utt6,train,surprise
dia449_utt7,train,sadness
dia449_utt8,train,joy
dia449_utt9,train,sadness
dia449_utt10,train,sadness
dia449_utt11,train,joy
dia449_utt12,train,sadness
dia449_utt13,train,neutral
dia450_utt0,train,neutral
dia450_utt1,train,neutral
dia450_utt2,train,neutral
dia450_utt3,train,neutral
dia450_utt4,train,neutral
dia450_utt5,train,surprise
dia450_utt6,train,neutral
dia450_utt7,train,sadness
dia450_utt8,train,surprise
dia450_utt9,train,joy
dia450_utt10,train,joy
dia450_utt11,train,joy
dia450_utt12,train,surprise
dia450_utt13,train,neutral
dia450_utt14,train,neutral
dia450_utt15,train,surprise
dia450_utt16,train,neutral
dia450_utt17,train,neutral
dia450_utt18,train,neutral
dia450_utt19,train,surprise
dia450_utt20,train,neutral
dia450_utt21,train,neutral
dia450_utt22,train,neutral
dia450_utt23,train,neutral
dia451_utt0,train,neutral
dia451_utt1,train,anger
dia451_utt2,train,joy
dia451_utt3,train,neutral
dia451_utt4,train,anger
dia451_utt5,train,neutral
dia451_utt6,train,neutral
dia451_utt7,train,anger
dia452_utt0,train,neutral
dia452_utt1,train,neutral
dia452_utt2,train,neutral
dia452_utt3,train,surprise
dia452_utt4,train,neutral
dia453_utt0,train,surprise
dia453_utt1,train,surprise
dia454_utt0,train,neutral
dia454_utt1,train,disgust
dia454_utt2,train,anger
dia455_utt0,train,neutral
dia455_utt1,train,neutral
dia455_utt2,train,neutral
dia455_utt3,train,neutral
dia455_utt4,train,neutral
dia455_utt5,train,fear
dia455_utt6,train,surprise
dia455_utt7,train,surprise
dia455_utt8,train,anger
dia455_utt9,train,neutral
dia455_utt10,train,joy
dia455_utt11,train,sadness
dia455_utt12,train,neutral
dia455_utt13,train,joy
dia455_utt14,train,neutral
dia455_utt15,train,neutral
dia455_utt16,train,neutral
dia455_utt17,train,disgust
dia456_utt0,train,joy
dia456_utt1,train,neutral
dia456_utt2,train,anger
dia456_utt3,train,surprise
dia456_utt4,train,sadness
dia456_utt5,train,surprise
dia456_utt6,train,anger
dia456_utt7,train,anger
dia456_utt8,train,anger
dia456_utt9,train,sadness
dia456_utt10,train,neutral
dia456_utt11,train,anger
dia457_utt0,train,neutral
dia457_utt1,train,neutral
dia457_utt2,train,anger
dia457_utt3,train,neutral
dia457_utt4,train,neutral
dia457_utt5,train,surprise
dia457_utt6,train,joy
dia457_utt7,train,sadness
dia457_utt8,train,sadness
dia457_utt9,train,neutral
dia457_utt10,train,neutral
dia457_utt11,train,neutral
dia457_utt12,train,surprise
dia457_utt13,train,fear
dia458_utt0,train,surprise
dia459_utt0,train,neutral
dia459_utt1,train,anger
dia459_utt2,train,joy
dia459_utt3,train,anger
dia459_utt4,train,neutral
dia459_utt5,train,neutral
dia459_utt6,train,neutral
dia459_utt7,train,neutral
dia459_utt8,train,neutral
dia459_utt9,train,neutral
dia459_utt10,train,surprise
dia459_utt11,train,anger
dia460_utt0,train,fear
dia460_utt1,train,neutral
dia460_utt2,train,fear
dia460_utt3,train,joy
dia461_utt0,train,neutral
dia461_utt1,train,neutral
dia461_utt2,train,neutral
dia461_utt3,train,neutral
dia462_utt0,train,surprise
dia462_utt1,train,surprise
dia462_utt3,train,neutral
dia462_utt5,train,neutral
dia462_utt6,train,surprise
dia462_utt7,train,neutral
dia462_utt8,train,surprise
dia462_utt9,train,neutral
dia462_utt10,train,neutral
dia463_utt0,train,joy
dia463_utt1,train,anger
dia463_utt2,train,neutral
dia463_utt3,train,sadness
dia463_utt4,train,surprise
dia463_utt5,train,anger
dia463_utt6,train,neutral
dia463_utt7,train,neutral
dia463_utt8,train,surprise
dia463_utt9,train,joy
dia463_utt10,train,anger
dia463_utt11,train,neutral
dia463_utt12,train,neutral
dia463_utt13,train,neutral
dia464_utt0,train,neutral
dia464_utt1,train,surprise
dia464_utt2,train,neutral
dia464_utt3,train,surprise
dia464_utt4,train,neutral
dia464_utt5,train,joy
dia464_utt6,train,joy
dia464_utt7,train,neutral
dia464_utt8,train,neutral
dia464_utt9,train,neutral
dia464_utt10,train,neutral
dia464_utt11,train,joy
dia464_utt12,train,neutral
dia464_utt13,train,neutral
dia464_utt14,train,joy
dia464_utt15,train,surprise
dia464_utt16,train,joy
dia464_utt17,train,sadness
dia464_utt18,train,sadness
dia464_utt19,train,neutral
dia464_utt20,train,anger
dia465_utt0,train,neutral
dia465_utt1,train,neutral
dia465_utt2,train,disgust
dia465_utt3,train,sadness
dia465_utt4,train,neutral
dia465_utt5,train,surprise
dia466_utt0,train,surprise
dia466_utt1,train,joy
dia466_utt2,train,surprise
dia466_utt3,train,disgust
dia466_utt4,train,neutral
dia466_utt5,train,neutral
dia466_utt6,train,joy
dia466_utt7,train,disgust
dia466_utt8,train,neutral
dia466_utt9,train,anger
dia466_utt10,train,neutral
dia466_utt11,train,anger
dia466_utt12,train,anger
dia466_utt13,train,anger
dia466_utt14,train,anger
dia466_utt15,train,anger
dia467_utt0,train,joy
dia467_utt1,train,neutral
dia467_utt2,train,neutral
dia468_utt0,train,neutral
dia468_utt1,train,anger
dia468_utt2,train,surprise
dia468_utt3,train,joy
dia468_utt4,train,joy
dia468_utt5,train,joy
dia468_utt6,train,joy
dia468_utt7,train,neutral
dia468_utt8,train,joy
dia468_utt9,train,surprise
dia469_utt0,train,neutral
dia469_utt1,train,joy
dia470_utt0,train,neutral
dia471_utt0,train,disgust
dia471_utt1,train,disgust
dia471_utt2,train,neutral
dia471_utt3,train,neutral
dia471_utt4,train,joy
dia471_utt5,train,neutral
dia471_utt6,train,neutral
dia472_utt1,train,neutral
dia472_utt2,train,fear
dia473_utt0,train,neutral
dia473_utt1,train,neutral
dia473_utt2,train,anger
dia473_utt3,train,fear
dia473_utt4,train,neutral
dia474_utt0,train,joy
dia474_utt1,train,sadness
dia474_utt2,train,joy
dia474_utt3,train,sadness
dia474_utt4,train,neutral
dia474_utt5,train,surprise
dia474_utt6,train,neutral
dia474_utt7,train,sadness
dia474_utt8,train,sadness
dia474_utt9,train,sadness
dia474_utt10,train,sadness
dia474_utt11,train,joy
dia474_utt12,train,joy
dia474_utt13,train,surprise
dia474_utt14,train,joy
dia474_utt15,train,joy
dia474_utt16,train,sadness
dia474_utt17,train,joy
dia474_utt18,train,neutral
dia475_utt0,train,anger
dia475_utt1,train,neutral
dia475_utt2,train,neutral
dia475_utt3,train,joy
dia475_utt4,train,neutral
dia475_utt5,train,neutral
dia475_utt6,train,surprise
dia475_utt7,train,joy
dia475_utt8,train,neutral
dia475_utt9,train,neutral
dia475_utt10,train,neutral
dia475_utt11,train,neutral
dia475_utt12,train,surprise
dia475_utt13,train,surprise
dia475_utt14,train,surprise
dia475_utt15,train,neutral
dia475_utt16,train,neutral
dia476_utt0,train,sadness
dia476_utt1,train,neutral
dia476_utt2,train,neutral
dia476_utt3,train,surprise
dia476_utt4,train,sadness
dia476_utt5,train,surprise
dia476_utt6,train,neutral
dia476_utt7,train,fear
dia476_utt8,train,neutral
dia476_utt9,train,surprise
dia476_utt10,train,fear
dia476_utt11,train,sadness
dia477_utt0,train,neutral
dia477_utt1,train,neutral
dia477_utt2,train,neutral
dia477_utt3,train,fear
dia477_utt4,train,neutral
dia477_utt5,train,joy
dia477_utt6,train,sadness
dia477_utt7,train,joy
dia477_utt8,train,neutral
dia477_utt9,train,joy
dia477_utt10,train,disgust
dia477_utt11,train,neutral
dia477_utt12,train,neutral
dia477_utt13,train,joy
dia477_utt14,train,neutral
dia477_utt15,train,anger
dia477_utt16,train,neutral
dia477_utt17,train,neutral
dia477_utt18,train,neutral
dia478_utt0,train,neutral
dia478_utt1,train,surprise
dia478_utt2,train,joy
dia478_utt3,train,neutral
dia478_utt4,train,neutral
dia478_utt5,train,neutral
dia478_utt6,train,neutral
dia478_utt7,train,neutral
dia478_utt8,train,neutral
dia478_utt9,train,neutral
dia478_utt10,train,anger
dia478_utt11,train,neutral
dia478_utt12,train,sadness
dia478_utt13,train,joy
dia479_utt0,train,joy
dia479_utt1,train,neutral
dia479_utt2,train,neutral
dia479_utt3,train,neutral
dia479_utt4,train,anger
dia479_utt5,train,surprise
dia479_utt6,train,surprise
dia479_utt7,train,disgust
dia479_utt8,train,disgust
dia479_utt9,train,disgust
dia479_utt10,train,disgust
dia479_utt11,train,neutral
dia480_utt0,train,joy
dia480_utt1,train,joy
dia480_utt2,train,neutral
dia480_utt3,train,neutral
dia480_utt4,train,surprise
dia480_utt5,train,surprise
dia480_utt6,train,neutral
dia480_utt7,train,neutral
dia480_utt8,train,neutral
dia480_utt9,train,anger
dia481_utt0,train,surprise
dia481_utt1,train,joy
dia481_utt2,train,joy
dia481_utt3,train,surprise
dia481_utt4,train,surprise
dia481_utt5,train,neutral
dia481_utt6,train,neutral
dia481_utt7,train,neutral
dia481_utt8,train,surprise
dia481_utt9,train,neutral
dia481_utt10,train,neutral
dia481_utt11,train,neutral
dia481_utt12,train,anger
dia481_utt13,train,sadness
dia481_utt14,train,surprise
dia482_utt0,train,surprise
dia482_utt1,train,surprise
dia482_utt2,train,anger
dia482_utt3,train,neutral
dia482_utt4,train,neutral
dia482_utt5,train,fear
dia482_utt6,train,disgust
dia482_utt7,train,anger
dia482_utt8,train,neutral
dia482_utt9,train,anger
dia482_utt10,train,neutral
dia482_utt11,train,surprise
dia482_utt12,train,surprise
dia482_utt13,train,surprise
dia482_utt14,train,neutral
dia482_utt15,train,joy
dia482_utt16,train,surprise
dia482_utt17,train,joy
dia483_utt0,train,neutral
dia483_utt1,train,anger
dia483_utt2,train,neutral
dia483_utt3,train,surprise
dia483_utt4,train,surprise
dia483_utt5,train,neutral
dia483_utt6,train,anger
dia483_utt7,train,neutral
dia483_utt8,train,anger
dia483_utt9,train,anger
dia483_utt10,train,neutral
dia483_utt11,train,neutral
dia483_utt12,train,neutral
dia483_utt13,train,neutral
dia483_utt14,train,neutral
dia483_utt15,train,surprise
dia484_utt0,train,neutral
dia484_utt1,train,neutral
dia484_utt2,train,neutral
dia485_utt0,train,joy
dia486_utt0,train,neutral
dia486_utt1,train,neutral
dia486_utt2,train,neutral
dia486_utt3,train,neutral
dia486_utt4,train,neutral
dia486_utt5,train,neutral
dia486_utt6,train,neutral
dia486_utt7,train,surprise
dia486_utt8,train,neutral
dia486_utt9,train,surprise
dia486_utt10,train,anger
dia486_utt11,train,fear
dia486_utt12,train,anger
dia486_utt13,train,anger
dia486_utt14,train,sadness
dia486_utt15,train,sadness
dia486_utt16,train,neutral
dia486_utt17,train,joy
dia487_utt0,train,surprise
dia488_utt0,train,joy
dia488_utt1,train,neutral
dia488_utt2,train,neutral
dia488_utt3,train,neutral
dia488_utt4,train,neutral
dia488_utt5,train,neutral
dia489_utt0,train,joy
dia489_utt1,train,joy
dia489_utt2,train,neutral
dia489_utt3,train,neutral
dia489_utt4,train,neutral
dia490_utt0,train,neutral
dia491_utt0,train,neutral
dia491_utt1,train,sadness
dia491_utt2,train,sadness
dia492_utt0,train,joy
dia492_utt1,train,neutral
dia492_utt2,train,neutral
dia492_utt3,train,neutral
dia493_utt0,train,sadness
dia493_utt1,train,surprise
dia493_utt2,train,neutral
dia493_utt3,train,neutral
dia493_utt4,train,neutral
dia493_utt5,train,neutral
dia493_utt6,train,neutral
dia493_utt7,train,joy
dia493_utt8,train,neutral
dia493_utt9,train,joy
dia493_utt10,train,neutral
dia493_utt11,train,neutral
dia493_utt12,train,anger
dia494_utt0,train,neutral
dia495_utt0,train,neutral
dia495_utt1,train,neutral
dia495_utt2,train,anger
dia496_utt0,train,neutral
dia496_utt1,train,neutral
dia496_utt2,train,sadness
dia496_utt3,train,neutral
dia496_utt4,train,neutral
dia496_utt5,train,neutral
dia496_utt6,train,neutral
dia496_utt7,train,anger
dia496_utt8,train,fear
dia496_utt9,train,neutral
dia496_utt10,train,anger
dia496_utt11,train,fear
dia496_utt12,train,anger
dia496_utt13,train,joy
dia496_utt14,train,neutral
dia497_utt0,train,neutral
dia497_utt1,train,anger
dia497_utt2,train,sadness
dia498_utt0,train,neutral
dia498_utt1,train,neutral
dia498_utt2,train,joy
dia498_utt3,train,surprise
dia498_utt4,train,surprise
dia498_utt5,train,anger
dia498_utt6,train,anger
dia498_utt7,train,anger
dia498_utt8,train,neutral
dia499_utt0,train,joy
dia499_utt1,train,joy
dia499_utt2,train,neutral
dia499_utt3,train,joy
dia499_utt4,train,neutral
dia499_utt5,train,neutral
dia499_utt6,train,neutral
dia499_utt7,train,neutral
dia499_utt8,train,joy
dia499_utt9,train,neutral
dia499_utt10,train,neutral
dia499_utt11,train,neutral
dia499_utt12,train,neutral
dia499_utt15,train,joy
dia499_utt16,train,surprise
dia499_utt17,train,joy
dia499_utt18,train,surprise
dia499_utt19,train,neutral
dia499_utt20,train,surprise
dia499_utt21,train,neutral
dia500_utt0,train,neutral
dia500_utt1,train,joy
dia501_utt0,train,neutral
dia501_utt1,train,joy
dia501_utt2,train,joy
dia501_utt3,train,joy
dia501_utt4,train,joy
dia501_utt5,train,disgust
dia501_utt6,train,neutral
dia501_utt7,train,neutral
dia501_utt8,train,surprise
dia501_utt9,train,surprise
dia501_utt10,train,neutral
dia501_utt11,train,surprise
dia501_utt12,train,neutral
dia502_utt0,train,joy
dia502_utt1,train,neutral
dia502_utt2,train,joy
dia503_utt0,train,surprise
dia503_utt1,train,joy
dia503_utt2,train,surprise
dia503_utt3,train,joy
dia503_utt4,train,joy
dia503_utt5,train,joy
dia503_utt6,train,neutral
dia503_utt7,train,joy
dia503_utt8,train,joy
dia503_utt9,train,anger
dia503_utt10,train,neutral
dia503_utt11,train,anger
dia503_utt12,train,joy
dia503_utt13,train,neutral
dia503_utt14,train,neutral
dia503_utt15,train,neutral
dia504_utt0,train,joy
dia504_utt1,train,joy
dia504_utt2,train,neutral
dia504_utt3,train,neutral
dia504_utt4,train,neutral
dia504_utt5,train,neutral
dia504_utt6,train,surprise
dia504_utt7,train,neutral
dia504_utt8,train,joy
dia504_utt9,train,neutral
dia504_utt10,train,neutral
dia504_utt11,train,surprise
dia504_utt12,train,anger
dia504_utt13,train,anger
dia505_utt0,train,surprise
dia505_utt1,train,neutral
dia505_utt2,train,surprise
dia505_utt3,train,neutral
dia505_utt4,train,neutral
dia505_utt5,train,neutral
dia505_utt6,train,fear
dia505_utt7,train,neutral
dia505_utt8,train,neutral
dia505_utt9,train,neutral
dia505_utt10,train,neutral
dia505_utt11,train,neutral
dia505_utt12,train,anger
dia505_utt13,train,neutral
dia505_utt14,train,anger
dia505_utt15,train,neutral
dia506_utt0,train,sadness
dia506_utt1,train,fear
dia506_utt2,train,sadness
dia506_utt3,train,sadness
dia506_utt4,train,neutral
dia506_utt5,train,sadness
dia506_utt6,train,sadness
dia506_utt7,train,sadness
dia506_utt8,train,sadness
dia506_utt9,train,sadness
dia506_utt10,train,sadness
dia506_utt11,train,sadness
dia507_utt0,train,neutral
dia507_utt1,train,joy
dia507_utt2,train,neutral
dia507_utt3,train,neutral
dia507_utt4,train,anger
dia507_utt5,train,neutral
dia507_utt6,train,neutral
dia507_utt7,train,surprise
dia507_utt8,train,surprise
dia507_utt9,train,neutral
dia507_utt10,train,joy
dia507_utt11,train,neutral
dia507_utt12,train,joy
dia507_utt13,train,joy
dia507_utt14,train,neutral
dia507_utt15,train,neutral
dia507_utt16,train,neutral
dia508_utt0,train,anger
dia508_utt2,train,neutral
dia508_utt3,train,joy
dia508_utt4,train,neutral
dia508_utt5,train,fear
dia508_utt6,train,neutral
dia508_utt7,train,neutral
dia508_utt8,train,neutral
dia508_utt9,train,neutral
dia508_utt10,train,neutral
dia508_utt11,train,neutral
dia508_utt12,train,surprise
dia508_utt13,train,neutral
dia508_utt14,train,surprise
dia508_utt15,train,neutral
dia508_utt16,train,neutral
dia508_utt17,train,neutral
dia508_utt18,train,neutral
dia508_utt19,train,anger
dia508_utt20,train,anger
dia508_utt21,train,anger
dia508_utt22,train,anger
dia509_utt0,train,neutral
dia509_utt1,train,neutral
dia509_utt2,train,neutral
dia509_utt3,train,neutral
dia509_utt4,train,anger
dia509_utt5,train,neutral
dia509_utt6,train,neutral
dia509_utt7,train,neutral
dia509_utt8,train,neutral
dia509_utt9,train,neutral
dia509_utt10,train,anger
dia509_utt11,train,anger
dia509_utt12,train,surprise
dia509_utt13,train,surprise
dia509_utt14,train,surprise
dia509_utt15,train,neutral
dia509_utt16,train,neutral
dia510_utt0,train,neutral
dia510_utt1,train,joy
dia510_utt2,train,neutral
dia510_utt3,train,surprise
dia510_utt4,train,neutral
dia510_utt5,train,surprise
dia511_utt0,train,sadness
dia511_utt1,train,neutral
dia511_utt2,train,fear
dia511_utt3,train,surprise
dia511_utt4,train,neutral
dia511_utt5,train,neutral
dia511_utt6,train,sadness
dia512_utt0,train,joy
dia512_utt1,train,joy
dia512_utt2,train,neutral
dia512_utt3,train,neutral
dia512_utt4,train,neutral
dia512_utt5,train,neutral
dia512_utt6,train,neutral
dia512_utt7,train,joy
dia512_utt8,train,anger
dia512_utt9,train,fear
dia512_utt10,train,anger
dia512_utt11,train,anger
dia512_utt12,train,anger
dia512_utt13,train,fear
dia512_utt14,train,anger
dia513_utt0,train,neutral
dia513_utt1,train,neutral
dia513_utt2,train,neutral
dia513_utt3,train,anger
dia513_utt4,train,anger
dia514_utt0,train,joy
dia514_utt1,train,neutral
dia514_utt2,train,neutral
dia514_utt3,train,neutral
dia514_utt4,train,surprise
dia514_utt5,train,neutral
dia514_utt6,train,neutral
dia514_utt7,train,neutral
dia515_utt0,train,neutral
dia515_utt1,train,surprise
dia515_utt2,train,neutral
dia515_utt3,train,disgust
dia515_utt4,train,neutral
dia515_utt5,train,neutral
dia515_utt6,train,neutral
dia516_utt0,train,anger
dia516_utt1,train,joy
dia516_utt2,train,surprise
dia516_utt3,train,joy
dia516_utt4,train,joy
dia516_utt5,train,sadness
dia517_utt0,train,anger
dia517_utt1,train,joy
dia517_utt2,train,neutral
dia517_utt3,train,joy
dia517_utt4,train,joy
dia517_utt5,train,sadness
dia517_utt6,train,joy
dia518_utt0,train,anger
dia518_utt1,train,anger
dia518_utt2,train,neutral
dia518_utt3,train,anger
dia518_utt4,train,neutral
dia518_utt5,train,neutral
dia518_utt6,train,neutral
dia518_utt7,train,joy
dia518_utt8,train,neutral
dia519_utt0,train,surprise
dia519_utt1,train,anger
dia519_utt2,train,neutral
dia519_utt3,train,neutral
dia519_utt4,train,joy
dia520_utt0,train,neutral
dia520_utt1,train,neutral
dia520_utt2,train,surprise
dia520_utt3,train,neutral
dia520_utt4,train,surprise
dia520_utt5,train,surprise
dia520_utt6,train,neutral
dia521_utt0,train,neutral
dia521_utt1,train,neutral
dia521_utt2,train,sadness
dia521_utt3,train,anger
dia521_utt4,train,sadness
dia521_utt5,train,sadness
dia521_utt6,train,neutral
dia522_utt0,train,surprise
dia522_utt1,train,neutral
dia522_utt2,train,joy
dia522_utt3,train,neutral
dia522_utt4,train,neutral
dia522_utt5,train,neutral
dia522_utt6,train,joy
dia523_utt0,train,surprise
dia523_utt1,train,joy
dia523_utt2,train,neutral
dia523_utt3,train,surprise
dia523_utt4,train,neutral
dia523_utt5,train,joy
dia523_utt6,train,anger
dia523_utt7,train,joy
dia523_utt8,train,neutral
dia523_utt9,train,joy
dia523_utt10,train,joy
dia523_utt11,train,joy
dia523_utt12,train,anger
dia523_utt13,train,neutral
dia523_utt14,train,sadness
dia523_utt15,train,surprise
dia523_utt16,train,neutral
dia523_utt17,train,neutral
dia523_utt18,train,neutral
dia523_utt19,train,neutral
dia523_utt20,train,neutral
dia523_utt21,train,anger
dia523_utt22,train,surprise
dia523_utt23,train,joy
dia524_utt0,train,neutral
dia524_utt1,train,surprise
dia524_utt2,train,sadness
dia524_utt3,train,neutral
dia524_utt4,train,neutral
dia524_utt5,train,neutral
dia524_utt6,train,neutral
dia524_utt7,train,neutral
dia524_utt8,train,neutral
dia524_utt9,train,surprise
dia524_utt10,train,neutral
dia524_utt11,train,anger
dia524_utt12,train,neutral
dia524_utt13,train,sadness
dia524_utt14,train,neutral
dia524_utt15,train,fear
dia524_utt16,train,surprise
dia525_utt0,train,neutral
dia525_utt1,train,neutral
dia525_utt2,train,neutral
dia525_utt3,train,sadness
dia525_utt4,train,anger
dia525_utt5,train,neutral
dia525_utt6,train,neutral
dia525_utt7,train,surprise
dia525_utt8,train,neutral
dia526_utt0,train,joy
dia526_utt1,train,neutral
dia526_utt2,train,neutral
dia526_utt3,train,neutral
dia526_utt4,train,joy
dia526_utt5,train,joy
dia526_utt6,train,fear
dia526_utt7,train,neutral
dia526_utt8,train,neutral
dia526_utt9,train,neutral
dia526_utt10,train,neutral
dia526_utt11,train,fear
dia526_utt12,train,joy
dia526_utt13,train,neutral
dia526_utt14,train,surprise
dia526_utt15,train,neutral
dia526_utt16,train,anger
dia526_utt17,train,neutral
dia526_utt18,train,neutral
dia526_utt19,train,neutral
dia526_utt20,train,neutral
dia527_utt0,train,anger
dia527_utt1,train,joy
dia527_utt2,train,surprise
dia527_utt3,train,neutral
dia527_utt4,train,joy
dia527_utt5,train,disgust
dia527_utt6,train,neutral
dia527_utt7,train,disgust
dia528_utt0,train,surprise
dia528_utt1,train,neutral
dia528_utt2,train,neutral
dia528_utt3,train,surprise
dia528_utt4,train,neutral
dia528_utt5,train,anger
dia529_utt0,train,anger
dia529_utt1,train,neutral
dia529_utt2,train,neutral
dia529_utt3,train,anger
dia529_utt4,train,neutral
dia529_utt5,train,neutral
dia529_utt6,train,surprise
dia529_utt7,train,neutral
dia529_utt8,train,neutral
dia529_utt9,train,neutral
dia530_utt0,train,sadness
dia530_utt1,train,surprise
dia530_utt2,train,neutral
dia530_utt3,train,surprise
dia530_utt4,train,neutral
dia530_utt5,train,anger
dia530_utt6,train,anger
dia530_utt7,train,anger
dia530_utt8,train,anger
dia530_utt9,train,anger
dia530_utt10,train,anger
dia530_utt11,train,anger
dia530_utt12,train,anger
dia530_utt13,train,neutral
dia530_utt14,train,surprise
dia530_utt15,train,neutral
dia530_utt16,train,sadness
dia530_utt17,train,sadness
dia530_utt18,train,neutral
dia530_utt19,train,neutral
dia530_utt20,train,neutral
dia530_utt21,train,neutral
dia530_utt22,train,surprise
dia530_utt23,train,sadness
dia531_utt0,train,surprise
dia531_utt1,train,surprise
dia531_utt2,train,fear
dia531_utt3,train,sadness
dia531_utt4,train,neutral
dia531_utt5,train,sadness
dia531_utt6,train,sadness
dia531_utt7,train,neutral
dia531_utt8,train,neutral
dia531_utt9,train,neutral
dia531_utt10,train,anger
dia531_utt11,train,sadness
dia531_utt12,train,neutral
dia531_utt13,train,neutral
dia531_utt14,train,anger
dia531_utt15,train,surprise
dia532_utt0,train,neutral
dia532_utt1,train,neutral
dia532_utt2,train,neutral
dia532_utt3,train,neutral
dia532_utt4,train,surprise
dia532_utt5,train,joy
dia532_utt6,train,neutral
dia532_utt7,train,anger
dia532_utt8,train,sadness
dia532_utt9,train,sadness
dia532_utt10,train,sadness
dia532_utt11,train,neutral
dia532_utt12,train,neutral
dia532_utt13,train,anger
dia532_utt14,train,surprise
dia532_utt15,train,neutral
dia533_utt0,train,neutral
dia533_utt1,train,neutral
dia533_utt2,train,sadness
dia533_utt3,train,neutral
dia533_utt4,train,joy
dia533_utt5,train,joy
dia533_utt6,train,neutral
dia533_utt7,train,neutral
dia533_utt8,train,neutral
dia533_utt9,train,neutral
dia534_utt0,train,neutral
dia534_utt1,train,neutral
dia534_utt2,train,joy
dia534_utt3,train,surprise
dia535_utt0,train,neutral
dia535_utt1,train,joy
dia535_utt2,train,anger
dia535_utt3,train,neutral
dia536_utt0,train,surprise
dia536_utt1,train,neutral
dia536_utt2,train,neutral
dia536_utt3,train,neutral
dia536_utt4,train,sadness
dia536_utt5,train,surprise
dia536_utt6,train,neutral
dia536_utt7,train,surprise
dia536_utt8,train,surprise
dia536_utt9,train,joy
dia536_utt10,train,neutral
dia536_utt11,train,neutral
dia536_utt12,train,neutral
dia536_utt13,train,surprise
dia536_utt14,train,neutral
dia536_utt15,train,neutral
dia537_utt0,train,neutral
dia537_utt1,train,neutral
dia537_utt2,train,joy
dia537_utt3,train,anger
dia537_utt4,train,neutral
dia538_utt0,train,anger
dia538_utt1,train,sadness
dia538_utt2,train,neutral
dia538_utt3,train,anger
dia538_utt4,train,joy
dia538_utt5,train,joy
dia538_utt6,train,joy
dia538_utt7,train,joy
dia538_utt8,train,joy
dia538_utt9,train,disgust
dia539_utt0,train,neutral
dia539_utt1,train,neutral
dia539_utt2,train,surprise
dia539_utt3,train,surprise
dia539_utt4,train,joy
dia539_utt5,train,neutral
dia539_utt6,train,sadness
dia540_utt0,train,sadness
dia540_utt1,train,surprise
dia540_utt2,train,disgust
dia540_utt3,train,disgust
dia540_utt5,train,sadness
dia541_utt0,train,joy
dia541_utt1,train,joy
dia541_utt2,train,neutral
dia541_utt3,train,surprise
dia541_utt4,train,sadness
dia541_utt5,train,joy
dia541_utt6,train,neutral
dia541_utt7,train,joy
dia541_utt8,train,joy
dia541_utt9,train,joy
dia541_utt10,train,joy
dia541_utt11,train,neutral
dia541_utt12,train,neutral
dia541_utt13,train,surprise
dia541_utt14,train,joy
dia541_utt15,train,neutral
dia541_utt16,train,disgust
dia541_utt17,train,neutral
dia541_utt18,train,neutral
dia541_utt19,train,joy
dia542_utt0,train,neutral
dia542_utt1,train,anger
dia542_utt2,train,surprise
dia542_utt3,train,surprise
dia542_utt4,train,joy
dia542_utt5,train,neutral
dia542_utt6,train,surprise
dia542_utt7,train,surprise
dia542_utt8,train,surprise
dia543_utt0,train,anger
dia543_utt1,train,neutral
dia543_utt2,train,surprise
dia544_utt0,train,neutral
dia544_utt1,train,fear
dia544_utt2,train,neutral
dia544_utt3,train,joy
dia544_utt4,train,neutral
dia544_utt5,train,surprise
dia544_utt6,train,neutral
dia544_utt7,train,neutral
dia544_utt8,train,neutral
dia545_utt0,train,anger
dia545_utt1,train,sadness
dia545_utt2,train,surprise
dia545_utt3,train,sadness
dia545_utt4,train,neutral
dia545_utt5,train,joy
dia545_utt6,train,surprise
dia545_utt7,train,neutral
dia545_utt8,train,neutral
dia545_utt9,train,neutral
dia545_utt10,train,surprise
dia545_utt11,train,anger
dia545_utt12,train,neutral
dia545_utt13,train,neutral
dia546_utt0,train,neutral
dia546_utt1,train,neutral
dia546_utt2,train,neutral
dia546_utt3,train,neutral
dia546_utt4,train,neutral
dia546_utt5,train,neutral
dia546_utt6,train,neutral
dia546_utt7,train,neutral
dia546_utt8,train,anger
dia546_utt9,train,anger
dia546_utt10,train,neutral
dia546_utt11,train,neutral
dia546_utt12,train,anger
dia546_utt13,train,joy
dia546_utt14,train,sadness
dia546_utt15,train,surprise
dia546_utt16,train,neutral
dia546_utt17,train,neutral
dia546_utt18,train,disgust
dia547_utt0,train,surprise
dia547_utt1,train,neutral
dia547_utt2,train,joy
dia548_utt0,train,joy
dia548_utt1,train,neutral
dia548_utt2,train,joy
dia548_utt3,train,joy
dia548_utt4,train,joy
dia548_utt5,train,anger
dia548_utt6,train,neutral
dia548_utt7,train,neutral
dia548_utt10,train,anger
dia549_utt0,train,joy
dia549_utt1,train,neutral
dia549_utt2,train,sadness
dia549_utt3,train,neutral
dia549_utt4,train,neutral
dia549_utt5,train,neutral
dia549_utt6,train,surprise
dia549_utt7,train,sadness
dia549_utt8,train,neutral
dia549_utt9,train,joy
dia550_utt0,train,neutral
dia551_utt0,train,neutral
dia551_utt1,train,joy
dia551_utt2,train,neutral
dia551_utt3,train,joy
dia551_utt4,train,neutral
dia551_utt5,train,joy
dia551_utt6,train,neutral
dia551_utt7,train,neutral
dia551_utt8,train,neutral
dia551_utt9,train,neutral
dia552_utt0,train,disgust
dia552_utt1,train,neutral
dia552_utt2,train,neutral
dia552_utt3,train,neutral
dia552_utt4,train,neutral
dia553_utt0,train,neutral
dia553_utt1,train,neutral
dia553_utt2,train,neutral
dia553_utt3,train,neutral
dia553_utt4,train,neutral
dia553_utt5,train,neutral
dia553_utt6,train,joy
dia553_utt7,train,joy
dia553_utt8,train,joy
dia553_utt9,train,surprise
dia553_utt10,train,surprise
dia553_utt11,train,neutral
dia553_utt12,train,neutral
dia553_utt13,train,neutral
dia553_utt14,train,neutral
dia553_utt15,train,neutral
dia553_utt16,train,neutral
dia553_utt17,train,joy
dia553_utt18,train,neutral
dia553_utt19,train,sadness
dia553_utt20,train,anger
dia554_utt0,train,anger
dia554_utt1,train,anger
dia554_utt2,train,neutral
dia554_utt3,train,neutral
dia554_utt4,train,neutral
dia554_utt5,train,neutral
dia554_utt6,train,neutral
dia554_utt7,train,surprise
dia554_utt8,train,neutral
dia554_utt9,train,disgust
dia554_utt10,train,sadness
dia554_utt11,train,disgust
dia554_utt12,train,disgust
dia555_utt0,train,sadness
dia555_utt1,train,joy
dia555_utt2,train,anger
dia555_utt3,train,anger
dia555_utt4,train,anger
dia556_utt0,train,neutral
dia556_utt1,train,neutral
dia556_utt2,train,sadness
dia556_utt3,train,neutral
dia556_utt4,train,anger
dia556_utt5,train,neutral
dia556_utt6,train,surprise
dia557_utt0,train,neutral
dia557_utt1,train,neutral
dia557_utt2,train,neutral
dia557_utt3,train,neutral
dia557_utt4,train,fear
dia557_utt5,train,joy
dia557_utt6,train,joy
dia557_utt7,train,anger
dia558_utt0,train,joy
dia558_utt1,train,neutral
dia558_utt2,train,joy
dia558_utt3,train,surprise
dia558_utt4,train,fear
dia558_utt5,train,neutral
dia558_utt6,train,anger
dia558_utt8,train,sadness
dia559_utt0,train,neutral
dia559_utt1,train,neutral
dia559_utt2,train,surprise
dia559_utt3,train,surprise
dia559_utt4,train,neutral
dia559_utt5,train,neutral
dia559_utt6,train,neutral
dia559_utt7,train,neutral
dia560_utt0,train,joy
dia560_utt1,train,joy
dia560_utt2,train,joy
dia560_utt3,train,joy
dia560_utt4,train,joy
dia560_utt5,train,joy
dia560_utt6,train,joy
dia560_utt7,train,joy
dia561_utt0,train,neutral
dia561_utt1,train,joy
dia561_utt2,train,neutral
dia561_utt3,train,surprise
dia561_utt4,train,surprise
dia561_utt5,train,anger
dia561_utt6,train,neutral
dia561_utt7,train,disgust
dia561_utt8,train,neutral
dia561_utt9,train,disgust
dia561_utt10,train,neutral
dia561_utt11,train,disgust
dia561_utt12,train,neutral
dia561_utt13,train,surprise
dia561_utt14,train,surprise
dia561_utt15,train,disgust
dia561_utt16,train,neutral
dia561_utt17,train,surprise
dia561_utt18,train,neutral
dia562_utt0,train,joy
dia562_utt1,train,joy
dia562_utt2,train,neutral
dia562_utt3,train,joy
dia562_utt4,train,neutral
dia562_utt5,train,neutral
dia562_utt6,train,neutral
dia562_utt7,train,joy
dia562_utt8,train,neutral
dia562_utt9,train,joy
dia562_utt10,train,joy
dia562_utt11,train,neutral
dia563_utt0,train,neutral
dia563_utt1,train,neutral
dia563_utt2,train,neutral
dia563_utt3,train,neutral
dia563_utt4,train,surprise
dia563_utt5,train,surprise
dia563_utt6,train,neutral
dia563_utt7,train,joy
dia563_utt8,train,joy
dia564_utt0,train,joy
dia564_utt1,train,surprise
dia564_utt2,train,joy
dia564_utt3,train,joy
dia564_utt4,train,neutral
dia564_utt5,train,neutral
dia564_utt6,train,fear
dia564_utt7,train,neutral
dia564_utt8,train,neutral
dia564_utt9,train,sadness
dia564_utt10,train,surprise
dia565_utt0,train,neutral
dia565_utt1,train,neutral
dia565_utt2,train,neutral
dia565_utt3,train,neutral
dia565_utt4,train,joy
dia566_utt0,train,surprise
dia566_utt1,train,joy
dia567_utt0,train,sadness
dia568_utt0,train,disgust
dia568_utt1,train,neutral
dia568_utt2,train,neutral
dia568_utt3,train,neutral
dia568_utt4,train,sadness
dia568_utt5,train,disgust
dia568_utt6,train,surprise
dia568_utt7,train,neutral
dia568_utt8,train,surprise
dia568_utt9,train,surprise
dia568_utt10,train,anger
dia568_utt11,train,anger
dia569_utt0,train,fear
dia569_utt1,train,neutral
dia569_utt2,train,neutral
dia569_utt3,train,surprise
dia570_utt0,train,anger
dia570_utt1,train,neutral
dia570_utt2,train,joy
dia570_utt3,train,neutral
dia571_utt0,train,neutral
dia571_utt1,train,fear
dia571_utt2,train,anger
dia571_utt3,train,neutral
dia571_utt4,train,neutral
dia571_utt5,train,neutral
dia571_utt6,train,neutral
dia571_utt7,train,neutral
dia571_utt8,train,neutral
dia571_utt9,train,neutral
dia571_utt10,train,joy
dia571_utt11,train,disgust
dia571_utt12,train,neutral
dia571_utt13,train,anger
dia571_utt14,train,surprise
dia571_utt15,train,anger
dia572_utt0,train,sadness
dia572_utt1,train,disgust
dia572_utt2,train,surprise
dia572_utt3,train,surprise
dia572_utt6,train,anger
dia572_utt7,train,anger
dia572_utt8,train,anger
dia572_utt9,train,fear
dia572_utt10,train,anger
dia572_utt11,train,neutral
dia572_utt12,train,anger
dia572_utt13,train,neutral
dia572_utt14,train,neutral
dia572_utt15,train,neutral
dia572_utt16,train,neutral
dia572_utt17,train,fear
dia572_utt18,train,neutral
dia572_utt19,train,anger
dia572_utt20,train,anger
dia573_utt0,train,neutral
dia573_utt1,train,joy
dia573_utt2,train,neutral
dia573_utt3,train,joy
dia573_utt4,train,neutral
dia573_utt5,train,joy
dia573_utt6,train,joy
dia573_utt7,train,joy
dia573_utt8,train,anger
dia573_utt9,train,joy
dia573_utt10,train,anger
dia574_utt0,train,neutral
dia574_utt1,train,neutral
dia574_utt2,train,surprise
dia574_utt3,train,neutral
dia574_utt4,train,surprise
dia574_utt5,train,surprise
dia574_utt6,train,neutral
dia574_utt7,train,surprise
dia574_utt8,train,joy
dia574_utt9,train,surprise
dia574_utt10,train,neutral
dia574_utt11,train,surprise
dia574_utt12,train,neutral
dia574_utt13,train,surprise
dia574_utt14,train,fear
dia574_utt15,train,fear
dia574_utt16,train,surprise
dia574_utt17,train,joy
dia574_utt18,train,disgust
dia574_utt19,train,sadness
dia575_utt0,train,neutral
dia575_utt1,train,neutral
dia575_utt2,train,neutral
dia575_utt3,train,neutral
dia576_utt0,train,fear
dia576_utt1,train,neutral
dia576_utt2,train,surprise
dia576_utt3,train,neutral
dia576_utt4,train,neutral
dia576_utt5,train,neutral
dia576_utt6,train,neutral
dia576_utt7,train,joy
dia576_utt8,train,neutral
dia576_utt9,train,neutral
dia576_utt10,train,anger
dia577_utt0,train,neutral
dia577_utt1,train,neutral
dia577_utt2,train,neutral
dia577_utt3,train,neutral
dia577_utt4,train,neutral
dia577_utt5,train,joy
dia577_utt6,train,neutral
dia577_utt7,train,joy
dia578_utt0,train,neutral
dia578_utt1,train,surprise
dia578_utt2,train,neutral
dia578_utt3,train,surprise
dia578_utt4,train,surprise
dia578_utt5,train,surprise
dia578_utt6,train,surprise
dia578_utt7,train,neutral
dia578_utt8,train,surprise
dia578_utt9,train,joy
dia579_utt0,train,surprise
dia579_utt1,train,joy
dia580_utt0,train,neutral
dia580_utt1,train,neutral
dia581_utt0,train,neutral
dia582_utt0,train,neutral
dia583_utt0,train,neutral
dia583_utt1,train,anger
dia583_utt2,train,neutral
dia583_utt3,train,neutral
dia583_utt4,train,surprise
dia583_utt5,train,surprise
dia583_utt6,train,fear
dia583_utt7,train,surprise
dia583_utt8,train,neutral
dia583_utt9,train,neutral
dia584_utt0,train,joy
dia584_utt1,train,neutral
dia584_utt2,train,joy
dia584_utt3,train,neutral
dia584_utt4,train,neutral
dia584_utt5,train,neutral
dia584_utt6,train,surprise
dia584_utt7,train,joy
dia584_utt8,train,surprise
dia584_utt9,train,fear
dia585_utt0,train,sadness
dia585_utt1,train,sadness
dia585_utt2,train,sadness
dia585_utt3,train,sadness
dia585_utt4,train,sadness
dia585_utt5,train,neutral
dia585_utt6,train,sadness
dia585_utt7,train,surprise
dia585_utt8,train,neutral
dia585_utt9,train,joy
dia585_utt10,train,sadness
dia585_utt11,train,surprise
dia585_utt12,train,sadness
dia586_utt0,train,neutral
dia587_utt0,train,surprise
dia587_utt1,train,joy
dia587_utt2,train,surprise
dia587_utt3,train,joy
dia587_utt4,train,surprise
dia587_utt5,train,joy
dia588_utt0,train,anger
dia588_utt1,train,sadness
dia588_utt2,train,neutral
dia588_utt3,train,neutral
dia588_utt4,train,neutral
dia588_utt5,train,anger
dia588_utt6,train,neutral
dia589_utt0,train,neutral
dia589_utt1,train,surprise
dia589_utt2,train,surprise
dia589_utt3,train,neutral
dia589_utt4,train,joy
dia589_utt5,train,sadness
dia589_utt6,train,neutral
dia589_utt7,train,anger
dia589_utt8,train,joy
dia589_utt9,train,joy
dia589_utt10,train,sadness
dia590_utt0,train,joy
dia590_utt1,train,joy
dia590_utt2,train,surprise
dia590_utt3,train,surprise
dia590_utt4,train,joy
dia590_utt5,train,sadness
dia590_utt6,train,neutral
dia590_utt7,train,fear
dia590_utt8,train,sadness
dia590_utt9,train,surprise
dia590_utt10,train,neutral
dia590_utt11,train,anger
dia590_utt12,train,neutral
dia590_utt13,train,neutral
dia590_utt14,train,neutral
dia590_utt15,train,surprise
dia590_utt16,train,neutral
dia590_utt17,train,neutral
dia591_utt0,train,neutral
dia591_utt1,train,neutral
dia591_utt2,train,neutral
dia591_utt3,train,neutral
dia592_utt0,train,neutral
dia592_utt1,train,disgust
dia592_utt2,train,surprise
dia592_utt3,train,anger
dia592_utt4,train,neutral
dia592_utt5,train,neutral
dia592_utt6,train,neutral
dia592_utt7,train,neutral
dia592_utt8,train,neutral
dia592_utt9,train,anger
dia592_utt10,train,anger
dia592_utt11,train,neutral
dia592_utt12,train,anger
dia592_utt13,train,anger
dia593_utt0,train,neutral
dia593_utt1,train,neutral
dia593_utt2,train,joy
dia593_utt3,train,sadness
dia593_utt4,train,sadness
dia593_utt5,train,anger
dia593_utt6,train,sadness
dia593_utt7,train,sadness
dia593_utt8,train,sadness
dia593_utt9,train,surprise
dia593_utt10,train,disgust
dia594_utt0,train,sadness
dia594_utt1,train,sadness
dia594_utt2,train,sadness
dia594_utt3,train,sadness
dia594_utt4,train,neutral
dia594_utt5,train,sadness
dia594_utt6,train,sadness
dia594_utt7,train,sadness
dia594_utt8,train,joy
dia594_utt9,train,neutral
dia594_utt10,train,joy
dia595_utt0,train,anger
dia595_utt1,train,neutral
dia595_utt2,train,anger
dia595_utt3,train,anger
dia595_utt4,train,sadness
dia595_utt5,train,anger
dia595_utt6,train,fear
dia596_utt0,train,anger
dia596_utt1,train,neutral
dia596_utt2,train,neutral
dia596_utt3,train,neutral
dia596_utt4,train,neutral
dia596_utt5,train,sadness
dia596_utt6,train,anger
dia596_utt7,train,neutral
dia596_utt8,train,anger
dia596_utt9,train,neutral
dia596_utt10,train,anger
dia596_utt11,train,fear
dia596_utt12,train,neutral
dia596_utt13,train,neutral
dia596_utt14,train,neutral
dia596_utt15,train,anger
dia596_utt16,train,anger
dia596_utt17,train,neutral
dia596_utt18,train,neutral
dia596_utt19,train,anger
dia596_utt20,train,anger
dia596_utt21,train,anger
dia597_utt0,train,joy
dia597_utt1,train,joy
dia597_utt2,train,surprise
dia597_utt3,train,surprise
dia597_utt4,train,neutral
dia597_utt5,train,neutral
dia597_utt6,train,joy
dia597_utt7,train,neutral
dia597_utt8,train,joy
dia597_utt9,train,neutral
dia597_utt10,train,neutral
dia597_utt11,train,neutral
dia598_utt0,train,joy
dia598_utt1,train,joy
dia598_utt2,train,anger
dia598_utt3,train,neutral
dia598_utt4,train,neutral
dia599_utt0,train,surprise
dia599_utt1,train,neutral
dia599_utt2,train,anger
dia599_utt3,train,neutral
dia599_utt4,train,anger
dia599_utt5,train,anger
dia599_utt6,train,joy
dia599_utt7,train,joy
dia599_utt8,train,neutral
dia599_utt9,train,joy
dia599_utt10,train,anger
dia599_utt11,train,neutral
dia599_utt12,train,neutral
dia599_utt13,train,neutral
dia599_utt14,train,surprise
dia599_utt15,train,joy
dia599_utt16,train,neutral
dia599_utt17,train,neutral
dia600_utt0,train,neutral
dia600_utt1,train,joy
dia601_utt0,train,surprise
dia601_utt1,train,neutral
dia601_utt2,train,joy
dia601_utt3,train,joy
dia601_utt4,train,joy
dia601_utt5,train,joy
dia602_utt0,train,joy
dia602_utt1,train,joy
dia602_utt2,train,joy
dia602_utt3,train,joy
dia602_utt4,train,surprise
dia602_utt5,train,neutral
dia603_utt0,train,neutral
dia603_utt1,train,neutral
dia603_utt2,train,joy
dia603_utt3,train,joy
dia603_utt4,train,surprise
dia603_utt5,train,neutral
dia603_utt6,train,neutral
dia603_utt7,train,joy
dia603_utt8,train,neutral
dia603_utt9,train,surprise
dia603_utt10,train,joy
dia603_utt11,train,neutral
dia603_utt12,train,neutral
dia603_utt13,train,neutral
dia604_utt0,train,joy
dia604_utt1,train,joy
dia604_utt2,train,surprise
dia604_utt3,train,neutral
dia604_utt4,train,surprise
dia604_utt5,train,neutral
dia604_utt6,train,neutral
dia604_utt7,train,neutral
dia604_utt8,train,joy
dia604_utt9,train,neutral
dia604_utt10,train,fear
dia604_utt11,train,neutral
dia604_utt12,train,neutral
dia604_utt13,train,neutral
dia605_utt0,train,neutral
dia605_utt1,train,anger
dia605_utt2,train,neutral
dia605_utt3,train,joy
dia605_utt4,train,joy
dia605_utt5,train,surprise
dia605_utt6,train,fear
dia605_utt7,train,neutral
dia605_utt8,train,neutral
dia606_utt0,train,surprise
dia606_utt1,train,surprise
dia606_utt2,train,neutral
dia606_utt3,train,surprise
dia606_utt4,train,joy
dia606_utt5,train,surprise
dia606_utt6,train,neutral
dia606_utt7,train,neutral
dia606_utt8,train,neutral
dia606_utt9,train,neutral
dia606_utt10,train,neutral
dia606_utt11,train,surprise
dia607_utt0,train,disgust
dia607_utt1,train,disgust
dia607_utt2,train,anger
dia607_utt3,train,neutral
dia607_utt4,train,neutral
dia607_utt5,train,surprise
dia607_utt6,train,surprise
dia607_utt7,train,joy
dia607_utt8,train,surprise
dia607_utt9,train,neutral
dia607_utt10,train,neutral
dia607_utt11,train,neutral
dia607_utt12,train,joy
dia607_utt13,train,joy
dia607_utt14,train,neutral
dia607_utt15,train,neutral
dia608_utt0,train,surprise
dia608_utt1,train,neutral
dia608_utt2,train,neutral
dia608_utt3,train,neutral
dia608_utt4,train,neutral
dia608_utt5,train,fear
dia608_utt6,train,joy
dia608_utt7,train,joy
dia608_utt8,train,neutral
dia608_utt9,train,neutral
dia609_utt0,train,neutral
dia610_utt0,train,joy
dia610_utt1,train,joy
dia610_utt2,train,neutral
dia610_utt3,train,surprise
dia610_utt4,train,joy
dia610_utt5,train,surprise
dia610_utt6,train,joy
dia610_utt7,train,joy
dia611_utt0,train,neutral
dia611_utt1,train,neutral
dia611_utt2,train,neutral
dia611_utt3,train,neutral
dia611_utt4,train,neutral
dia611_utt5,train,neutral
dia611_utt6,train,neutral
dia611_utt7,train,surprise
dia611_utt8,train,neutral
dia611_utt9,train,neutral
dia611_utt10,train,joy
dia611_utt11,train,neutral
dia611_utt12,train,neutral
dia611_utt13,train,neutral
dia611_utt14,train,neutral
dia612_utt0,train,joy
dia612_utt1,train,fear
dia612_utt2,train,neutral
dia612_utt3,train,neutral
dia612_utt4,train,surprise
dia612_utt5,train,fear
dia612_utt6,train,anger
dia612_utt7,train,neutral
dia612_utt8,train,neutral
dia612_utt9,train,neutral
dia613_utt0,train,neutral
dia613_utt1,train,neutral
dia613_utt2,train,neutral
dia613_utt3,train,neutral
dia613_utt4,train,neutral
dia613_utt5,train,neutral
dia613_utt6,train,neutral
dia613_utt7,train,neutral
dia613_utt8,train,surprise
dia613_utt9,train,anger
dia613_utt10,train,anger
dia614_utt0,train,neutral
dia614_utt1,train,joy
dia614_utt2,train,joy
dia614_utt3,train,neutral
dia614_utt4,train,neutral
dia614_utt5,train,neutral
dia614_utt6,train,disgust
dia614_utt7,train,neutral
dia614_utt8,train,joy
dia614_utt9,train,neutral
dia614_utt10,train,joy
dia614_utt11,train,neutral
dia614_utt12,train,neutral
dia614_utt13,train,joy
dia614_utt14,train,joy
dia614_utt15,train,neutral
dia614_utt16,train,joy
dia614_utt17,train,joy
dia614_utt18,train,joy
dia614_utt19,train,sadness
dia614_utt20,train,joy
dia615_utt0,train,neutral
dia615_utt1,train,neutral
dia615_utt2,train,disgust
dia615_utt3,train,anger
dia615_utt4,train,disgust
dia615_utt5,train,anger
dia615_utt6,train,surprise
dia615_utt7,train,anger
dia615_utt8,train,anger
dia615_utt9,train,anger
dia615_utt10,train,anger
dia615_utt11,train,anger
dia615_utt12,train,disgust
dia615_utt13,train,anger
dia615_utt14,train,anger
dia615_utt15,train,neutral
dia615_utt16,train,neutral
dia615_utt17,train,neutral
dia615_utt18,train,anger
dia615_utt19,train,neutral
dia615_utt20,train,joy
dia615_utt21,train,neutral
dia615_utt22,train,anger
dia616_utt0,train,sadness
dia616_utt1,train,neutral
dia616_utt2,train,sadness
dia616_utt3,train,neutral
dia616_utt4,train,neutral
dia617_utt0,train,neutral
dia617_utt1,train,neutral
dia617_utt2,train,neutral
dia617_utt3,train,disgust
dia617_utt4,train,neutral
dia617_utt5,train,neutral
dia617_utt6,train,anger
dia617_utt7,train,anger
dia617_utt8,train,neutral
dia617_utt9,train,neutral
dia617_utt10,train,neutral
dia618_utt0,train,joy
dia618_utt1,train,joy
dia619_utt0,train,neutral
dia619_utt1,train,neutral
dia619_utt2,train,neutral
dia619_utt3,train,neutral
dia619_utt4,train,neutral
dia619_utt5,train,neutral
dia619_utt6,train,neutral
dia619_utt7,train,sadness
dia619_utt8,train,disgust
dia620_utt0,train,neutral
dia621_utt0,train,neutral
dia621_utt1,train,neutral
dia621_utt2,train,neutral
dia621_utt3,train,anger
dia621_utt4,train,anger
dia621_utt5,train,neutral
dia621_utt6,train,neutral
dia621_utt7,train,surprise
dia622_utt0,train,neutral
dia622_utt1,train,neutral
dia622_utt2,train,surprise
dia622_utt3,train,neutral
dia622_utt4,train,sadness
dia622_utt5,train,neutral
dia622_utt6,train,neutral
dia622_utt7,train,neutral
dia622_utt8,train,neutral
dia622_utt9,train,neutral
dia622_utt10,train,surprise
dia622_utt11,train,neutral
dia622_utt12,train,neutral
dia622_utt13,train,joy
dia622_utt14,train,neutral
dia623_utt0,train,disgust
dia623_utt1,train,fear
dia623_utt2,train,anger
dia623_utt3,train,anger
dia623_utt4,train,joy
dia623_utt5,train,joy
dia623_utt6,train,neutral
dia623_utt7,train,joy
dia623_utt8,train,joy
dia623_utt9,train,joy
dia623_utt10,train,joy
dia623_utt11,train,surprise
dia623_utt12,train,joy
dia623_utt13,train,joy
dia623_utt14,train,neutral
dia623_utt15,train,surprise
dia623_utt16,train,surprise
dia623_utt17,train,joy
dia623_utt18,train,joy
dia624_utt0,train,surprise
dia625_utt0,train,neutral
dia625_utt1,train,neutral
dia625_utt2,train,neutral
dia625_utt3,train,neutral
dia625_utt4,train,joy
dia625_utt5,train,neutral
dia625_utt6,train,neutral
dia625_utt7,train,neutral
dia625_utt8,train,neutral
dia625_utt9,train,neutral
dia625_utt10,train,neutral
dia625_utt11,train,anger
dia625_utt12,train,neutral
dia625_utt13,train,anger
dia625_utt14,train,neutral
dia625_utt15,train,neutral
dia625_utt16,train,neutral
dia625_utt17,train,neutral
dia625_utt18,train,neutral
dia625_utt19,train,neutral
dia626_utt0,train,neutral
dia626_utt1,train,neutral
dia626_utt2,train,neutral
dia626_utt3,train,joy
dia626_utt4,train,anger
dia626_utt5,train,neutral
dia626_utt6,train,neutral
dia626_utt7,train,surprise
dia626_utt8,train,surprise
dia626_utt9,train,neutral
dia626_utt10,train,neutral
dia626_utt11,train,neutral
dia626_utt12,train,surprise
dia626_utt13,train,neutral
dia627_utt0,train,neutral
dia628_utt0,train,surprise
dia628_utt1,train,neutral
dia628_utt2,train,surprise
dia628_utt3,train,neutral
dia628_utt4,train,disgust
dia628_utt5,train,neutral
dia628_utt6,train,neutral
dia628_utt7,train,surprise
dia628_utt8,train,surprise
dia628_utt9,train,neutral
dia628_utt10,train,neutral
dia628_utt11,train,neutral
dia628_utt12,train,neutral
dia628_utt13,train,joy
dia629_utt0,train,neutral
dia629_utt1,train,joy
dia629_utt2,train,joy
dia629_utt3,train,joy
dia629_utt4,train,joy
dia629_utt5,train,joy
dia629_utt6,train,joy
dia629_utt7,train,neutral
dia629_utt8,train,joy
dia629_utt9,train,neutral
dia629_utt10,train,neutral
dia629_utt11,train,neutral
dia629_utt12,train,neutral
dia629_utt13,train,neutral
dia629_utt14,train,neutral
dia629_utt15,train,neutral
dia629_utt16,train,surprise
dia629_utt17,train,neutral
dia630_utt0,train,joy
dia630_utt1,train,joy
dia630_utt2,train,disgust
dia630_utt3,train,surprise
dia630_utt4,train,neutral
dia630_utt5,train,joy
dia630_utt6,train,joy
dia630_utt7,train,neutral
dia630_utt8,train,neutral
dia630_utt9,train,surprise
dia630_utt10,train,neutral
dia630_utt11,train,neutral
dia630_utt12,train,neutral
dia630_utt13,train,neutral
dia630_utt14,train,neutral
dia631_utt0,train,surprise
dia632_utt0,train,surprise
dia632_utt1,train,fear
dia632_utt2,train,surprise
dia632_utt3,train,anger
dia632_utt4,train,anger
dia632_utt5,train,anger
dia632_utt6,train,disgust
dia632_utt7,train,disgust
dia632_utt8,train,surprise
dia632_utt9,train,neutral
dia632_utt10,train,sadness
dia632_utt11,train,sadness
dia632_utt12,train,neutral
dia632_utt13,train,neutral
dia632_utt14,train,neutral
dia632_utt15,train,neutral
dia632_utt16,train,sadness
dia632_utt17,train,sadness
dia633_utt0,train,neutral
dia633_utt1,train,joy
dia633_utt2,train,surprise
dia633_utt3,train,joy
dia633_utt4,train,joy
dia633_utt5,train,joy
dia633_utt6,train,neutral
dia633_utt7,train,fear
dia633_utt8,train,neutral
dia633_utt9,train,anger
dia634_utt0,train,anger
dia634_utt1,train,neutral
dia634_utt2,train,anger
dia634_utt3,train,anger
dia634_utt4,train,neutral
dia634_utt5,train,sadness
dia634_utt6,train,neutral
dia634_utt7,train,anger
dia634_utt8,train,neutral
dia635_utt0,train,surprise
dia635_utt1,train,neutral
dia635_utt2,train,surprise
dia635_utt3,train,neutral
dia635_utt4,train,surprise
dia635_utt5,train,neutral
dia635_utt6,train,neutral
dia635_utt7,train,neutral
dia635_utt8,train,neutral
dia635_utt9,train,neutral
dia636_utt0,train,joy
dia636_utt1,train,neutral
dia636_utt2,train,joy
dia636_utt3,train,neutral
dia636_utt4,train,neutral
dia636_utt5,train,joy
dia636_utt6,train,neutral
dia637_utt0,train,joy
dia637_utt1,train,anger
dia637_utt2,train,anger
dia637_utt3,train,anger
dia637_utt4,train,neutral
dia637_utt5,train,disgust
dia637_utt6,train,anger
dia637_utt7,train,neutral
dia637_utt8,train,anger
dia637_utt9,train,neutral
dia637_utt10,train,neutral
dia637_utt11,train,neutral
dia638_utt0,train,neutral
dia638_utt1,train,neutral
dia638_utt2,train,surprise
dia638_utt3,train,joy
dia638_utt4,train,sadness
dia638_utt5,train,neutral
dia638_utt6,train,neutral
dia638_utt7,train,sadness
dia638_utt8,train,joy
dia638_utt9,train,neutral
dia638_utt10,train,neutral
dia638_utt11,train,neutral
dia638_utt12,train,neutral
dia639_utt0,train,neutral
dia639_utt1,train,joy
dia639_utt2,train,neutral
dia639_utt3,train,neutral
dia639_utt4,train,neutral
dia639_utt5,train,neutral
dia639_utt6,train,neutral
dia639_utt7,train,neutral
dia639_utt8,train,neutral
dia639_utt9,train,surprise
dia639_utt10,train,surprise
dia640_utt0,train,joy
dia640_utt1,train,joy
dia640_utt2,train,neutral
dia640_utt3,train,surprise
dia640_utt4,train,neutral
dia640_utt5,train,joy
dia640_utt6,train,neutral
dia640_utt7,train,neutral
dia640_utt8,train,joy
dia640_utt9,train,joy
dia640_utt10,train,neutral
dia640_utt11,train,joy
dia640_utt12,train,neutral
dia640_utt13,train,neutral
dia640_utt14,train,neutral
dia640_utt15,train,joy
dia640_utt16,train,neutral
dia641_utt0,train,neutral
dia641_utt1,train,fear
dia642_utt0,train,neutral
dia642_utt1,train,surprise
dia642_utt2,train,neutral
dia642_utt3,train,neutral
dia642_utt4,train,neutral
dia643_utt0,train,neutral
dia643_utt1,train,neutral
dia643_utt2,train,disgust
dia643_utt3,train,surprise
dia643_utt4,train,surprise
dia643_utt5,train,neutral
dia643_utt6,train,neutral
dia644_utt0,train,surprise
dia644_utt1,train,neutral
dia644_utt2,train,anger
dia644_utt3,train,neutral
dia644_utt4,train,neutral
dia644_utt5,train,joy
dia644_utt6,train,surprise
dia644_utt7,train,anger
dia644_utt8,train,joy
dia644_utt9,train,anger
dia644_utt10,train,neutral
dia645_utt0,train,neutral
dia645_utt1,train,joy
dia645_utt2,train,neutral
dia645_utt3,train,neutral
dia645_utt4,train,neutral
dia645_utt5,train,sadness
dia645_utt6,train,sadness
dia645_utt7,train,neutral
dia645_utt8,train,fear
dia645_utt9,train,neutral
dia645_utt10,train,neutral
dia645_utt11,train,neutral
dia645_utt12,train,neutral
dia645_utt13,train,joy
dia645_utt14,train,surprise
dia645_utt15,train,neutral
dia645_utt16,train,neutral
dia646_utt0,train,neutral
dia646_utt1,train,joy
dia646_utt2,train,neutral
dia646_utt3,train,joy
dia646_utt4,train,joy
dia646_utt5,train,joy
dia646_utt6,train,neutral
dia646_utt7,train,neutral
dia646_utt8,train,joy
dia646_utt9,train,anger
dia646_utt10,train,neutral
dia646_utt11,train,neutral
dia646_utt12,train,neutral
dia646_utt13,train,neutral
dia646_utt14,train,neutral
dia646_utt15,train,neutral
dia646_utt16,train,surprise
dia646_utt17,train,joy
dia646_utt18,train,neutral
dia646_utt19,train,joy
dia646_utt20,train,anger
dia646_utt21,train,joy
dia647_utt0,train,neutral
dia648_utt0,train,neutral
dia648_utt1,train,anger
dia648_utt2,train,anger
dia648_utt3,train,anger
dia648_utt4,train,neutral
dia648_utt5,train,surprise
dia648_utt6,train,neutral
dia649_utt0,train,surprise
dia649_utt1,train,neutral
dia649_utt2,train,joy
dia649_utt3,train,joy
dia649_utt4,train,neutral
dia649_utt5,train,neutral
dia649_utt6,train,neutral
dia649_utt7,train,joy
dia649_utt8,train,joy
dia649_utt9,train,joy
dia649_utt10,train,neutral
dia649_utt11,train,neutral
dia649_utt12,train,neutral
dia649_utt13,train,surprise
dia649_utt14,train,neutral
dia649_utt15,train,surprise
dia649_utt16,train,neutral
dia649_utt17,train,neutral
dia649_utt18,train,neutral
dia649_utt19,train,joy
dia649_utt20,train,neutral
dia649_utt21,train,neutral
dia649_utt22,train,neutral
dia649_utt23,train,anger
dia650_utt0,train,anger
dia650_utt1,train,neutral
dia650_utt2,train,joy
dia650_utt3,train,neutral
dia650_utt4,train,neutral
dia650_utt5,train,disgust
dia650_utt6,train,neutral
dia650_utt7,train,neutral
dia650_utt8,train,joy
dia651_utt0,train,surprise
dia651_utt1,train,surprise
dia651_utt2,train,surprise
dia651_utt3,train,neutral
dia651_utt4,train,neutral
dia651_utt5,train,neutral
dia651_utt6,train,neutral
dia651_utt7,train,neutral
dia651_utt8,train,neutral
dia651_utt9,train,neutral
dia651_utt10,train,anger
dia651_utt11,train,surprise
dia651_utt12,train,neutral
dia652_utt0,train,disgust
dia652_utt1,train,disgust
dia652_utt2,train,neutral
dia652_utt3,train,sadness
dia652_utt4,train,neutral
dia652_utt5,train,joy
dia652_utt6,train,joy
dia652_utt7,train,joy
dia652_utt8,train,joy
dia652_utt9,train,fear
dia652_utt10,train,joy
dia652_utt11,train,neutral
dia652_utt12,train,neutral
dia652_utt13,train,neutral
dia652_utt14,train,joy
dia652_utt15,train,surprise
dia653_utt0,train,neutral
dia653_utt1,train,neutral
dia653_utt2,train,joy
dia653_utt3,train,neutral
dia653_utt4,train,neutral
dia654_utt0,train,sadness
dia654_utt1,train,disgust
dia654_utt2,train,fear
dia654_utt3,train,anger
dia654_utt4,train,sadness
dia654_utt5,train,neutral
dia654_utt6,train,neutral
dia654_utt7,train,neutral
dia654_utt8,train,joy
dia655_utt0,train,surprise
dia655_utt1,train,neutral
dia655_utt2,train,neutral
dia655_utt3,train,sadness
dia655_utt4,train,joy
dia655_utt5,train,neutral
dia655_utt6,train,surprise
dia655_utt7,train,surprise
dia655_utt8,train,joy
dia655_utt9,train,surprise
dia655_utt10,train,neutral
dia655_utt11,train,joy
dia655_utt12,train,joy
dia655_utt13,train,joy
dia655_utt14,train,joy
dia655_utt15,train,joy
dia656_utt0,train,joy
dia657_utt0,train,joy
dia657_utt1,train,neutral
dia657_utt2,train,neutral
dia657_utt3,train,joy
dia657_utt4,train,joy
dia657_utt5,train,neutral
dia657_utt6,train,neutral
dia657_utt7,train,joy
dia657_utt8,train,neutral
dia657_utt9,train,neutral
dia657_utt10,train,neutral
dia657_utt11,train,surprise
dia657_utt12,train,joy
dia657_utt13,train,neutral
dia657_utt14,train,sadness
dia657_utt15,train,joy
dia657_utt16,train,neutral
dia657_utt17,train,neutral
dia657_utt18,train,disgust
dia657_utt19,train,neutral
dia658_utt0,train,neutral
dia658_utt1,train,surprise
dia658_utt2,train,joy
dia658_utt3,train,neutral
dia658_utt4,train,fear
dia658_utt5,train,anger
dia658_utt6,train,joy
dia658_utt7,train,neutral
dia658_utt8,train,neutral
dia658_utt9,train,neutral
dia658_utt10,train,surprise
dia658_utt11,train,anger
dia658_utt12,train,neutral
dia658_utt13,train,neutral
dia658_utt14,train,neutral
dia658_utt15,train,neutral
dia658_utt16,train,disgust
dia658_utt17,train,surprise
dia658_utt18,train,neutral
dia658_utt19,train,neutral
dia658_utt20,train,neutral
dia659_utt0,train,neutral
dia659_utt1,train,neutral
dia659_utt2,train,neutral
dia659_utt3,train,sadness
dia659_utt4,train,neutral
dia659_utt5,train,neutral
dia659_utt6,train,sadness
dia659_utt7,train,neutral
dia659_utt8,train,neutral
dia659_utt9,train,neutral
dia659_utt10,train,neutral
dia659_utt11,train,neutral
dia659_utt12,train,neutral
dia659_utt13,train,joy
dia659_utt14,train,neutral
dia659_utt15,train,neutral
dia659_utt16,train,neutral
dia659_utt17,train,neutral
dia659_utt18,train,neutral
dia659_utt19,train,joy
dia660_utt0,train,neutral
dia660_utt1,train,neutral
dia660_utt2,train,neutral
dia660_utt3,train,neutral
dia660_utt4,train,anger
dia660_utt5,train,sadness
dia660_utt6,train,sadness
dia660_utt7,train,joy
dia660_utt8,train,neutral
dia660_utt9,train,joy
dia660_utt10,train,joy
dia660_utt11,train,neutral
dia660_utt12,train,neutral
dia660_utt13,train,neutral
dia660_utt14,train,sadness
dia660_utt15,train,surprise
dia661_utt0,train,anger
dia661_utt1,train,surprise
dia661_utt2,train,neutral
dia661_utt3,train,neutral
dia661_utt4,train,neutral
dia661_utt5,train,neutral
dia661_utt6,train,neutral
dia661_utt7,train,anger
dia661_utt8,train,anger
dia661_utt9,train,sadness
dia662_utt0,train,neutral
dia662_utt1,train,neutral
dia662_utt2,train,neutral
dia662_utt3,train,neutral
dia662_utt4,train,neutral
dia662_utt5,train,neutral
dia662_utt6,train,sadness
dia663_utt0,train,joy
dia663_utt1,train,neutral
dia663_utt2,train,joy
dia663_utt3,train,joy
dia663_utt4,train,neutral
dia663_utt5,train,neutral
dia663_utt6,train,neutral
dia663_utt7,train,neutral
dia663_utt8,train,neutral
dia663_utt9,train,neutral
dia664_utt0,train,neutral
dia664_utt1,train,sadness
dia664_utt2,train,sadness
dia664_utt3,train,sadness
dia664_utt4,train,anger
dia664_utt5,train,neutral
dia664_utt6,train,neutral
dia664_utt7,train,neutral
dia664_utt8,train,neutral
dia665_utt0,train,neutral
dia665_utt1,train,joy
dia665_utt2,train,neutral
dia665_utt3,train,neutral
dia665_utt4,train,surprise
dia665_utt5,train,neutral
dia665_utt6,train,neutral
dia665_utt7,train,neutral
dia665_utt8,train,surprise
dia665_utt9,train,neutral
dia665_utt10,train,neutral
dia665_utt11,train,neutral
dia665_utt12,train,neutral
dia665_utt13,train,neutral
dia665_utt14,train,neutral
dia665_utt15,train,disgust
dia665_utt16,train,neutral
dia665_utt17,train,surprise
dia665_utt18,train,anger
dia666_utt0,train,neutral
dia666_utt1,train,neutral
dia666_utt2,train,surprise
dia666_utt3,train,disgust
dia666_utt4,train,anger
dia666_utt5,train,neutral
dia666_utt6,train,neutral
dia666_utt7,train,neutral
dia666_utt8,train,fear
dia666_utt9,train,anger
dia666_utt10,train,surprise
dia666_utt11,train,anger
dia666_utt12,train,neutral
dia666_utt13,train,neutral
dia666_utt14,train,neutral
dia666_utt15,train,joy
dia666_utt16,train,neutral
dia667_utt0,train,joy
dia667_utt1,train,joy
dia667_utt2,train,sadness
dia667_utt3,train,neutral
dia667_utt4,train,joy
dia667_utt5,train,neutral
dia667_utt6,train,joy
dia667_utt7,train,neutral
dia667_utt8,train,sadness
dia667_utt9,train,neutral
dia668_utt0,train,joy
dia668_utt1,train,neutral
dia669_utt0,train,neutral
dia669_utt1,train,joy
dia669_utt2,train,joy
dia669_utt3,train,surprise
dia669_utt4,train,neutral
dia670_utt0,train,joy
dia670_utt1,train,anger
dia670_utt2,train,sadness
dia670_utt3,train,anger
dia670_utt4,train,joy
dia670_utt5,train,neutral
dia670_utt6,train,neutral
dia670_utt7,train,anger
dia670_utt8,train,joy
dia670_utt9,train,anger
dia670_utt10,train,joy
dia670_utt11,train,joy
dia670_utt12,train,neutral
dia670_utt13,train,joy
dia670_utt14,train,neutral
dia670_utt15,train,sadness
dia671_utt0,train,neutral
dia671_utt1,train,neutral
dia671_utt2,train,neutral
dia671_utt3,train,neutral
dia671_utt4,train,neutral
dia671_utt5,train,neutral
dia671_utt6,train,neutral
dia671_utt7,train,neutral
dia671_utt8,train,surprise
dia671_utt9,train,joy
dia671_utt10,train,surprise
dia671_utt11,train,surprise
dia671_utt12,train,neutral
dia671_utt13,train,neutral
dia671_utt14,train,neutral
dia671_utt15,train,anger
dia671_utt16,train,neutral
dia671_utt17,train,anger
dia672_utt0,train,neutral
dia672_utt1,train,surprise
dia672_utt2,train,joy
dia672_utt3,train,surprise
dia672_utt4,train,neutral
dia672_utt5,train,joy
dia672_utt6,train,joy
dia672_utt7,train,neutral
dia672_utt8,train,sadness
dia672_utt9,train,fear
dia672_utt10,train,neutral
dia672_utt11,train,anger
dia672_utt12,train,anger
dia672_utt13,train,neutral
dia672_utt14,train,joy
dia672_utt15,train,joy
dia673_utt0,train,neutral
dia673_utt1,train,neutral
dia673_utt2,train,neutral
dia673_utt3,train,neutral
dia673_utt4,train,neutral
dia673_utt5,train,neutral
dia673_utt6,train,neutral
dia673_utt7,train,surprise
dia673_utt8,train,neutral
dia673_utt9,train,neutral
dia673_utt10,train,neutral
dia673_utt11,train,neutral
dia673_utt12,train,neutral
dia673_utt13,train,neutral
dia673_utt14,train,neutral
dia673_utt15,train,neutral
dia673_utt16,train,neutral
dia673_utt17,train,neutral
dia673_utt18,train,surprise
dia673_utt19,train,surprise
dia673_utt20,train,fear
dia674_utt0,train,neutral
dia674_utt1,train,neutral
dia674_utt2,train,neutral
dia674_utt3,train,surprise
dia674_utt4,train,neutral
dia674_utt5,train,neutral
dia674_utt6,train,neutral
dia674_utt7,train,neutral
dia674_utt8,train,neutral
dia675_utt0,train,neutral
dia675_utt1,train,joy
dia675_utt2,train,neutral
dia675_utt3,train,neutral
dia675_utt4,train,neutral
dia675_utt5,train,neutral
dia676_utt0,train,sadness
dia676_utt1,train,surprise
dia676_utt2,train,surprise
dia676_utt3,train,sadness
dia676_utt4,train,fear
dia676_utt5,train,sadness
dia676_utt6,train,sadness
dia676_utt7,train,sadness
dia676_utt8,train,surprise
dia676_utt9,train,sadness
dia676_utt10,train,anger
dia676_utt11,train,surprise
dia676_utt12,train,anger
dia676_utt13,train,neutral
dia676_utt14,train,anger
dia677_utt0,train,surprise
dia677_utt1,train,neutral
dia677_utt2,train,joy
dia677_utt3,train,neutral
dia678_utt0,train,neutral
dia678_utt1,train,neutral
dia678_utt2,train,neutral
dia678_utt3,train,neutral
dia678_utt4,train,joy
dia678_utt5,train,neutral
dia678_utt6,train,neutral
dia678_utt7,train,surprise
dia678_utt8,train,neutral
dia678_utt9,train,joy
dia678_utt10,train,surprise
dia678_utt11,train,neutral
dia678_utt12,train,joy
dia678_utt13,train,neutral
dia678_utt14,train,neutral
dia678_utt15,train,joy
dia678_utt16,train,neutral
dia678_utt17,train,neutral
dia678_utt18,train,neutral
dia679_utt0,train,neutral
dia679_utt1,train,neutral
dia679_utt2,train,joy
dia679_utt3,train,joy
dia679_utt4,train,surprise
dia679_utt5,train,surprise
dia679_utt6,train,neutral
dia679_utt7,train,joy
dia679_utt8,train,surprise
dia679_utt9,train,joy
dia679_utt10,train,joy
dia679_utt11,train,neutral
dia679_utt12,train,fear
dia679_utt13,train,anger
dia679_utt14,train,anger
dia679_utt15,train,anger
dia679_utt16,train,neutral
dia680_utt0,train,joy
dia680_utt1,train,surprise
dia680_utt2,train,surprise
dia680_utt3,train,joy
dia680_utt4,train,neutral
dia680_utt5,train,sadness
dia680_utt6,train,neutral
dia680_utt7,train,neutral
dia680_utt8,train,joy
dia680_utt9,train,joy
dia680_utt10,train,joy
dia680_utt11,train,neutral
dia680_utt12,train,neutral
dia680_utt13,train,sadness
dia680_utt14,train,sadness
dia681_utt0,train,neutral
dia681_utt1,train,neutral
dia681_utt2,train,sadness
dia681_utt3,train,disgust
dia681_utt4,train,sadness
dia681_utt5,train,neutral
dia682_utt0,train,sadness
dia682_utt1,train,neutral
dia682_utt2,train,neutral
dia682_utt3,train,neutral
dia682_utt4,train,neutral
dia682_utt5,train,joy
dia682_utt6,train,joy
dia682_utt7,train,neutral
dia682_utt8,train,joy
dia682_utt9,train,neutral
dia682_utt10,train,neutral
dia682_utt11,train,neutral
dia682_utt12,train,neutral
dia682_utt13,train,neutral
dia682_utt14,train,neutral
dia683_utt0,train,joy
dia684_utt0,train,neutral
dia684_utt1,train,neutral
dia684_utt2,train,neutral
dia685_utt0,train,neutral
dia685_utt1,train,neutral
dia686_utt0,train,neutral
dia686_utt1,train,neutral
dia686_utt2,train,neutral
dia686_utt3,train,anger
dia686_utt4,train,disgust
dia686_utt5,train,anger
dia686_utt6,train,sadness
dia686_utt7,train,joy
dia686_utt8,train,neutral
dia686_utt9,train,joy
dia686_utt10,train,neutral
dia686_utt11,train,surprise
dia687_utt0,train,neutral
dia687_utt1,train,neutral
dia687_utt2,train,neutral
dia687_utt3,train,neutral
dia687_utt4,train,surprise
dia687_utt5,train,surprise
dia687_utt6,train,surprise
dia687_utt7,train,surprise
dia688_utt0,train,neutral
dia689_utt0,train,neutral
dia689_utt1,train,joy
dia689_utt2,train,neutral
dia689_utt3,train,neutral
dia689_utt4,train,neutral
dia689_utt5,train,neutral
dia689_utt6,train,surprise
dia689_utt7,train,joy
dia689_utt8,train,joy
dia689_utt9,train,joy
dia689_utt10,train,neutral
dia689_utt11,train,neutral
dia689_utt12,train,neutral
dia689_utt13,train,surprise
dia689_utt14,train,neutral
dia690_utt0,train,neutral
dia690_utt1,train,joy
dia690_utt2,train,joy
dia690_utt3,train,joy
dia690_utt4,train,surprise
dia690_utt5,train,surprise
dia690_utt6,train,surprise
dia690_utt7,train,surprise
dia690_utt8,train,surprise
dia690_utt9,train,surprise
dia691_utt0,train,joy
dia692_utt0,train,sadness
dia692_utt1,train,neutral
dia693_utt0,train,neutral
dia693_utt1,train,neutral
dia693_utt2,train,anger
dia693_utt3,train,anger
dia693_utt4,train,anger
dia693_utt5,train,anger
dia694_utt0,train,joy
dia694_utt1,train,neutral
dia694_utt2,train,neutral
dia694_utt3,train,sadness
dia695_utt0,train,disgust
dia695_utt1,train,fear
dia695_utt2,train,joy
dia695_utt3,train,fear
dia695_utt4,train,joy
dia695_utt5,train,anger
dia695_utt6,train,joy
dia696_utt0,train,neutral
dia696_utt1,train,surprise
dia696_utt2,train,neutral
dia696_utt3,train,surprise
dia696_utt4,train,anger
dia696_utt5,train,anger
dia696_utt6,train,anger
dia696_utt7,train,anger
dia697_utt0,train,joy
dia697_utt1,train,surprise
dia697_utt2,train,joy
dia697_utt3,train,neutral
dia697_utt4,train,joy
dia697_utt5,train,surprise
dia697_utt6,train,surprise
dia697_utt7,train,surprise
dia698_utt0,train,anger
dia698_utt1,train,neutral
dia698_utt2,train,anger
dia698_utt3,train,disgust
dia698_utt4,train,neutral
dia698_utt5,train,sadness
dia698_utt6,train,surprise
dia698_utt7,train,sadness
dia699_utt0,train,surprise
dia699_utt1,train,anger
dia699_utt2,train,anger
dia699_utt3,train,anger
dia699_utt4,train,neutral
dia699_utt5,train,disgust
dia699_utt6,train,surprise
dia699_utt7,train,disgust
dia699_utt8,train,anger
dia699_utt9,train,neutral
dia699_utt10,train,neutral
dia699_utt11,train,disgust
dia699_utt12,train,anger
dia699_utt13,train,anger
dia699_utt14,train,neutral
dia700_utt0,train,neutral
dia700_utt1,train,neutral
dia700_utt2,train,neutral
dia700_utt3,train,anger
dia700_utt4,train,anger
dia700_utt5,train,anger
dia700_utt6,train,sadness
dia700_utt7,train,neutral
dia700_utt8,train,anger
dia700_utt9,train,neutral
dia700_utt10,train,anger
dia700_utt11,train,sadness
dia700_utt12,train,neutral
dia701_utt0,train,neutral
dia701_utt1,train,neutral
dia702_utt0,train,joy
dia702_utt1,train,sadness
dia702_utt2,train,neutral
dia703_utt0,train,neutral
dia703_utt1,train,neutral
dia703_utt2,train,neutral
dia703_utt3,train,surprise
dia703_utt4,train,surprise
dia703_utt5,train,surprise
dia703_utt6,train,neutral
dia704_utt0,train,neutral
dia704_utt1,train,anger
dia704_utt2,train,anger
dia704_utt3,train,anger
dia704_utt4,train,anger
dia705_utt0,train,neutral
dia705_utt1,train,neutral
dia705_utt2,train,joy
dia705_utt3,train,joy
dia705_utt4,train,neutral
dia705_utt5,train,joy
dia705_utt6,train,joy
dia705_utt7,train,joy
dia705_utt8,train,neutral
dia706_utt0,train,neutral
dia706_utt1,train,joy
dia706_utt2,train,surprise
dia706_utt3,train,neutral
dia706_utt4,train,neutral
dia706_utt5,train,joy
dia706_utt6,train,joy
dia706_utt7,train,neutral
dia706_utt8,train,joy
dia706_utt9,train,joy
dia706_utt10,train,joy
dia707_utt0,train,anger
dia707_utt1,train,neutral
dia707_utt2,train,neutral
dia707_utt3,train,neutral
dia707_utt4,train,neutral
dia707_utt5,train,neutral
dia707_utt6,train,neutral
dia707_utt7,train,neutral
dia707_utt8,train,surprise
dia707_utt9,train,surprise
dia707_utt10,train,anger
dia707_utt11,train,anger
dia707_utt12,train,anger
dia707_utt13,train,joy
dia707_utt14,train,anger
dia707_utt15,train,neutral
dia708_utt0,train,neutral
dia709_utt0,train,joy
dia709_utt1,train,joy
dia710_utt0,train,joy
dia711_utt0,train,joy
dia712_utt0,train,joy
dia712_utt1,train,joy
dia712_utt2,train,fear
dia712_utt3,train,neutral
dia712_utt4,train,surprise
dia712_utt5,train,joy
dia712_utt6,train,neutral
dia712_utt7,train,joy
dia712_utt8,train,surprise
dia712_utt9,train,joy
dia712_utt10,train,joy
dia712_utt11,train,disgust
dia713_utt0,train,neutral
dia713_utt1,train,surprise
dia713_utt2,train,joy
dia714_utt0,train,neutral
dia714_utt1,train,joy
dia714_utt2,train,anger
dia714_utt3,train,neutral
dia714_utt4,train,anger
dia714_utt5,train,anger
dia715_utt0,train,neutral
dia716_utt0,train,neutral
dia716_utt1,train,sadness
dia716_utt2,train,anger
dia716_utt3,train,anger
dia716_utt4,train,anger
dia716_utt5,train,anger
dia717_utt0,train,neutral
dia717_utt1,train,surprise
dia717_utt2,train,surprise
dia717_utt3,train,neutral
dia717_utt4,train,surprise
dia717_utt5,train,neutral
dia717_utt6,train,anger
dia717_utt7,train,neutral
dia717_utt8,train,neutral
dia717_utt9,train,sadness
dia717_utt10,train,neutral
dia717_utt11,train,neutral
dia717_utt12,train,anger
dia718_utt0,train,neutral
dia718_utt1,train,neutral
dia718_utt2,train,neutral
dia718_utt3,train,neutral
dia718_utt4,train,joy
dia718_utt5,train,neutral
dia718_utt6,train,neutral
dia719_utt0,train,joy
dia719_utt1,train,neutral
dia719_utt2,train,joy
dia719_utt3,train,neutral
dia719_utt4,train,neutral
dia719_utt5,train,neutral
dia719_utt6,train,joy
dia719_utt7,train,joy
dia720_utt0,train,fear
dia720_utt1,train,neutral
dia720_utt2,train,anger
dia720_utt3,train,joy
dia720_utt4,train,neutral
dia720_utt5,train,neutral
dia720_utt6,train,neutral
dia720_utt7,train,neutral
dia720_utt8,train,neutral
dia720_utt9,train,anger
dia720_utt10,train,neutral
dia720_utt11,train,anger
dia720_utt12,train,neutral
dia720_utt13,train,neutral
dia720_utt14,train,neutral
dia720_utt15,train,fear
dia720_utt16,train,joy
dia720_utt17,train,neutral
dia720_utt18,train,neutral
dia721_utt0,train,neutral
dia722_utt0,train,neutral
dia722_utt1,train,neutral
dia722_utt2,train,anger
dia722_utt3,train,joy
dia722_utt4,train,joy
dia722_utt5,train,sadness
dia722_utt6,train,sadness
dia722_utt7,train,surprise
dia722_utt8,train,neutral
dia722_utt9,train,joy
dia722_utt10,train,anger
dia722_utt11,train,neutral
dia722_utt12,train,joy
dia722_utt13,train,neutral
dia722_utt14,train,surprise
dia722_utt15,train,surprise
dia722_utt16,train,joy
dia723_utt0,train,joy
dia723_utt1,train,joy
dia723_utt2,train,neutral
dia723_utt3,train,joy
dia723_utt4,train,joy
dia723_utt5,train,neutral
dia723_utt6,train,surprise
dia723_utt7,train,fear
dia724_utt0,train,neutral
dia724_utt1,train,neutral
dia724_utt2,train,neutral
dia724_utt3,train,neutral
dia724_utt4,train,neutral
dia724_utt5,train,neutral
dia725_utt0,train,joy
dia725_utt1,train,joy
dia725_utt2,train,joy
dia725_utt3,train,joy
dia725_utt4,train,neutral
dia725_utt5,train,neutral
dia725_utt6,train,joy
dia726_utt0,train,sadness
dia726_utt1,train,neutral
dia726_utt2,train,joy
dia726_utt3,train,neutral
dia726_utt4,train,surprise
dia726_utt5,train,neutral
dia726_utt6,train,joy
dia726_utt7,train,disgust
dia727_utt0,train,joy
dia727_utt1,train,neutral
dia727_utt2,train,neutral
dia727_utt3,train,neutral
dia727_utt4,train,neutral
dia727_utt5,train,neutral
dia727_utt6,train,anger
dia727_utt7,train,neutral
dia727_utt8,train,neutral
dia727_utt9,train,neutral
dia728_utt0,train,anger
dia728_utt1,train,neutral
dia728_utt2,train,anger
dia728_utt3,train,neutral
dia728_utt4,train,neutral
dia728_utt5,train,neutral
dia728_utt6,train,neutral
dia728_utt7,train,neutral
dia728_utt8,train,neutral
dia728_utt9,train,neutral
dia728_utt10,train,surprise
dia728_utt11,train,surprise
dia729_utt0,train,surprise
dia729_utt1,train,joy
dia730_utt0,train,surprise
dia730_utt1,train,neutral
dia730_utt2,train,neutral
dia730_utt3,train,neutral
dia730_utt4,train,neutral
dia730_utt5,train,neutral
dia730_utt6,train,neutral
dia730_utt7,train,neutral
dia730_utt8,train,joy
dia730_utt9,train,surprise
dia730_utt10,train,neutral
dia730_utt11,train,surprise
dia730_utt12,train,neutral
dia730_utt13,train,neutral
dia731_utt0,train,neutral
dia732_utt0,train,neutral
dia732_utt1,train,surprise
dia733_utt0,train,joy
dia733_utt1,train,neutral
dia733_utt2,train,neutral
dia733_utt3,train,neutral
dia733_utt4,train,neutral
dia733_utt5,train,neutral
dia733_utt6,train,neutral
dia733_utt7,train,neutral
dia733_utt8,train,joy
dia733_utt9,train,neutral
dia733_utt10,train,sadness
dia733_utt11,train,surprise
dia733_utt12,train,joy
dia734_utt0,train,neutral
dia734_utt1,train,joy
dia734_utt2,train,joy
dia735_utt0,train,fear
dia735_utt1,train,neutral
dia735_utt2,train,neutral
dia735_utt3,train,joy
dia735_utt4,train,neutral
dia735_utt5,train,neutral
dia735_utt6,train,neutral
dia735_utt7,train,neutral
dia735_utt8,train,neutral
dia735_utt9,train,neutral
dia735_utt10,train,joy
dia735_utt11,train,neutral
dia735_utt12,train,neutral
dia735_utt13,train,neutral
dia735_utt14,train,anger
dia735_utt15,train,neutral
dia735_utt16,train,neutral
dia735_utt17,train,neutral
dia735_utt18,train,neutral
dia735_utt19,train,neutral
dia736_utt0,train,joy
dia736_utt1,train,surprise
dia736_utt2,train,joy
dia736_utt3,train,joy
dia736_utt4,train,sadness
dia736_utt5,train,neutral
dia736_utt6,train,neutral
dia736_utt7,train,neutral
dia736_utt8,train,fear
dia736_utt9,train,fear
dia736_utt10,train,fear
dia736_utt11,train,joy
dia736_utt12,train,neutral
dia736_utt13,train,neutral
dia737_utt0,train,surprise
dia737_utt1,train,neutral
dia737_utt2,train,neutral
dia737_utt3,train,neutral
dia737_utt4,train,surprise
dia737_utt5,train,anger
dia737_utt6,train,neutral
dia737_utt7,train,neutral
dia737_utt8,train,neutral
dia738_utt0,train,sadness
dia738_utt1,train,neutral
dia738_utt2,train,neutral
dia738_utt3,train,neutral
dia738_utt4,train,surprise
dia738_utt5,train,surprise
dia738_utt6,train,anger
dia738_utt7,train,joy
dia738_utt8,train,surprise
dia739_utt0,train,neutral
dia739_utt1,train,neutral
dia739_utt2,train,neutral
dia739_utt3,train,joy
dia739_utt4,train,joy
dia739_utt5,train,neutral
dia739_utt6,train,surprise
dia739_utt7,train,surprise
dia739_utt10,train,joy
dia739_utt11,train,joy
dia739_utt12,train,anger
dia739_utt13,train,joy
dia739_utt14,train,joy
dia739_utt15,train,neutral
dia739_utt16,train,neutral
dia740_utt0,train,sadness
dia740_utt1,train,neutral
dia740_utt2,train,anger
dia740_utt3,train,anger
dia740_utt4,train,surprise
dia740_utt5,train,sadness
dia740_utt6,train,joy
dia740_utt7,train,sadness
dia740_utt8,train,surprise
dia740_utt9,train,neutral
dia740_utt10,train,neutral
dia740_utt11,train,neutral
dia740_utt12,train,neutral
dia740_utt13,train,joy
dia741_utt0,train,joy
dia741_utt1,train,surprise
dia741_utt2,train,joy
dia741_utt3,train,surprise
dia741_utt4,train,surprise
dia742_utt0,train,joy
dia743_utt0,train,anger
dia743_utt1,train,neutral
dia743_utt2,train,joy
dia743_utt3,train,fear
dia743_utt4,train,neutral
dia743_utt5,train,joy
dia744_utt0,train,neutral
dia744_utt1,train,neutral
dia744_utt2,train,neutral
dia744_utt3,train,neutral
dia744_utt4,train,neutral
dia744_utt5,train,neutral
dia744_utt6,train,surprise
dia744_utt7,train,surprise
dia744_utt8,train,fear
dia744_utt9,train,anger
dia744_utt10,train,disgust
dia744_utt11,train,disgust
dia745_utt0,train,sadness
dia745_utt1,train,neutral
dia745_utt2,train,neutral
dia745_utt3,train,surprise
dia745_utt4,train,neutral
dia745_utt5,train,neutral
dia745_utt6,train,neutral
dia745_utt7,train,anger
dia745_utt8,train,neutral
dia745_utt9,train,anger
dia745_utt10,train,anger
dia745_utt11,train,anger
dia746_utt0,train,neutral
dia747_utt0,train,neutral
dia747_utt1,train,surprise
dia747_utt2,train,sadness
dia747_utt3,train,surprise
dia747_utt4,train,surprise
dia747_utt5,train,neutral
dia747_utt6,train,joy
dia747_utt7,train,surprise
dia747_utt8,train,joy
dia747_utt9,train,neutral
dia747_utt10,train,anger
dia747_utt11,train,joy
dia747_utt12,train,anger
dia747_utt13,train,neutral
dia747_utt14,train,sadness
dia747_utt15,train,sadness
dia747_utt16,train,joy
dia747_utt17,train,neutral
dia747_utt18,train,neutral
dia748_utt0,train,joy
dia749_utt0,train,joy
dia749_utt1,train,joy
dia749_utt2,train,joy
dia749_utt3,train,neutral
dia749_utt4,train,neutral
dia749_utt5,train,joy
dia749_utt6,train,joy
dia749_utt7,train,joy
dia750_utt0,train,neutral
dia750_utt1,train,neutral
dia750_utt2,train,neutral
dia750_utt3,train,sadness
dia750_utt4,train,sadness
dia751_utt0,train,surprise
dia752_utt0,train,neutral
dia752_utt1,train,neutral
dia752_utt2,train,joy
dia752_utt3,train,neutral
dia752_utt4,train,joy
dia752_utt5,train,joy
dia752_utt6,train,joy
dia752_utt7,train,joy
dia752_utt8,train,neutral
dia752_utt9,train,joy
dia752_utt10,train,joy
dia752_utt11,train,surprise
dia753_utt0,train,neutral
dia753_utt1,train,neutral
dia753_utt2,train,joy
dia754_utt0,train,sadness
dia754_utt1,train,disgust
dia754_utt2,train,neutral
dia754_utt3,train,neutral
dia754_utt4,train,anger
dia755_utt0,train,neutral
dia755_utt1,train,anger
dia755_utt2,train,anger
dia755_utt3,train,anger
dia755_utt4,train,neutral
dia755_utt5,train,anger
dia755_utt6,train,joy
dia755_utt7,train,joy
dia755_utt8,train,anger
dia755_utt9,train,neutral
dia756_utt0,train,neutral
dia756_utt1,train,surprise
dia756_utt2,train,neutral
dia756_utt3,train,neutral
dia756_utt4,train,neutral
dia756_utt5,train,sadness
dia756_utt6,train,surprise
dia756_utt7,train,neutral
dia756_utt8,train,neutral
dia756_utt9,train,neutral
dia757_utt0,train,surprise
dia757_utt1,train,neutral
dia757_utt2,train,neutral
dia757_utt3,train,neutral
dia757_utt4,train,neutral
dia757_utt5,train,neutral
dia757_utt6,train,surprise
dia757_utt7,train,neutral
dia757_utt8,train,neutral
dia757_utt9,train,neutral
dia757_utt10,train,joy
dia758_utt0,train,anger
dia758_utt1,train,surprise
dia758_utt2,train,anger
dia758_utt3,train,anger
dia758_utt4,train,anger
dia758_utt5,train,anger
dia759_utt0,train,surprise
dia759_utt1,train,neutral
dia759_utt2,train,surprise
dia759_utt3,train,neutral
dia759_utt4,train,anger
dia759_utt5,train,anger
dia759_utt6,train,neutral
dia759_utt7,train,neutral
dia759_utt8,train,anger
dia759_utt9,train,neutral
dia759_utt10,train,anger
dia759_utt11,train,neutral
dia759_utt12,train,disgust
dia759_utt13,train,disgust
dia759_utt14,train,sadness
dia759_utt15,train,joy
dia760_utt0,train,joy
dia760_utt1,train,anger
dia760_utt2,train,fear
dia760_utt3,train,surprise
dia760_utt4,train,anger
dia761_utt0,train,anger
dia761_utt1,train,joy
dia761_utt2,train,anger
dia761_utt3,train,anger
dia761_utt4,train,anger
dia761_utt5,train,anger
dia761_utt6,train,neutral
dia761_utt7,train,anger
dia761_utt8,train,anger
dia761_utt9,train,neutral
dia762_utt0,train,neutral
dia762_utt1,train,surprise
dia762_utt2,train,joy
dia762_utt3,train,neutral
dia762_utt4,train,neutral
dia763_utt0,train,neutral
dia763_utt1,train,neutral
dia763_utt2,train,sadness
dia763_utt3,train,neutral
dia763_utt4,train,neutral
dia763_utt5,train,sadness
dia763_utt6,train,surprise
dia763_utt7,train,anger
dia763_utt8,train,neutral
dia763_utt9,train,joy
dia763_utt10,train,joy
dia764_utt0,train,joy
dia765_utt0,train,neutral
dia765_utt1,train,joy
dia766_utt0,train,neutral
dia766_utt1,train,joy
dia766_utt2,train,anger
dia766_utt3,train,anger
dia766_utt4,train,neutral
dia766_utt5,train,anger
dia766_utt6,train,neutral
dia767_utt0,train,joy
dia767_utt1,train,neutral
dia767_utt2,train,neutral
dia767_utt3,train,sadness
dia767_utt4,train,neutral
dia767_utt5,train,joy
dia767_utt6,train,fear
dia767_utt7,train,neutral
dia767_utt8,train,neutral
dia767_utt9,train,neutral
dia767_utt10,train,anger
dia767_utt11,train,neutral
dia768_utt0,train,surprise
dia768_utt1,train,sadness
dia768_utt2,train,neutral
dia768_utt3,train,anger
dia768_utt4,train,surprise
dia768_utt5,train,joy
dia768_utt6,train,joy
dia768_utt7,train,neutral
dia768_utt8,train,neutral
dia769_utt0,train,sadness
dia769_utt1,train,fear
dia769_utt2,train,surprise
dia770_utt0,train,neutral
dia770_utt1,train,anger
dia770_utt2,train,anger
dia770_utt3,train,neutral
dia770_utt4,train,neutral
dia770_utt5,train,anger
dia770_utt6,train,neutral
dia770_utt7,train,anger
dia770_utt8,train,disgust
dia770_utt9,train,anger
dia770_utt10,train,anger
dia770_utt11,train,anger
dia770_utt12,train,anger
dia770_utt13,train,anger
dia770_utt14,train,anger
dia770_utt15,train,sadness
dia770_utt16,train,anger
dia770_utt17,train,fear
dia771_utt0,train,neutral
dia771_utt1,train,neutral
dia771_utt2,train,neutral
dia771_utt3,train,neutral
dia771_utt4,train,neutral
dia771_utt5,train,neutral
dia771_utt6,train,neutral
dia771_utt7,train,neutral
dia771_utt8,train,neutral
dia771_utt9,train,neutral
dia771_utt10,train,neutral
dia771_utt11,train,neutral
dia771_utt12,train,neutral
dia771_utt13,train,neutral
dia771_utt14,train,anger
dia771_utt15,train,surprise
dia771_utt16,train,anger
dia771_utt17,train,neutral
dia772_utt0,train,neutral
dia772_utt1,train,anger
dia772_utt2,train,sadness
dia772_utt3,train,anger
dia772_utt4,train,joy
dia772_utt5,train,joy
dia772_utt6,train,joy
dia772_utt7,train,joy
dia772_utt8,train,joy
dia772_utt9,train,joy
dia772_utt10,train,joy
dia772_utt11,train,joy
dia772_utt12,train,joy
dia772_utt13,train,joy
dia772_utt14,train,neutral
dia772_utt15,train,neutral
dia773_utt0,train,neutral
dia773_utt1,train,disgust
dia773_utt2,train,neutral
dia774_utt0,train,sadness
dia774_utt1,train,sadness
dia774_utt2,train,fear
dia774_utt3,train,neutral
dia774_utt4,train,neutral
dia774_utt5,train,joy
dia774_utt6,train,neutral
dia774_utt7,train,neutral
dia774_utt8,train,neutral
dia774_utt9,train,surprise
dia774_utt10,train,surprise
dia775_utt0,train,neutral
dia775_utt1,train,neutral
dia775_utt2,train,surprise
dia775_utt3,train,neutral
dia775_utt4,train,neutral
dia775_utt5,train,surprise
dia775_utt6,train,neutral
dia775_utt7,train,neutral
dia775_utt8,train,neutral
dia775_utt9,train,neutral
dia775_utt10,train,surprise
dia775_utt11,train,neutral
dia775_utt12,train,joy
dia775_utt13,train,neutral
dia776_utt0,train,joy
dia776_utt1,train,joy
dia776_utt2,train,neutral
dia776_utt3,train,neutral
dia776_utt4,train,neutral
dia776_utt5,train,joy
dia776_utt6,train,neutral
dia776_utt7,train,neutral
dia777_utt0,train,neutral
dia777_utt1,train,neutral
dia777_utt2,train,neutral
dia777_utt3,train,neutral
dia777_utt4,train,neutral
dia777_utt5,train,joy
dia777_utt6,train,surprise
dia777_utt7,train,surprise
dia777_utt8,train,neutral
dia777_utt9,train,joy
dia777_utt10,train,joy
dia777_utt11,train,neutral
dia777_utt12,train,neutral
dia777_utt13,train,joy
dia778_utt0,train,surprise
dia778_utt1,train,sadness
dia778_utt2,train,anger
dia778_utt3,train,neutral
dia778_utt4,train,neutral
dia778_utt5,train,neutral
dia778_utt6,train,surprise
dia778_utt7,train,neutral
dia778_utt8,train,neutral
dia778_utt9,train,surprise
dia778_utt10,train,surprise
dia779_utt0,train,neutral
dia779_utt1,train,neutral
dia780_utt0,train,neutral
dia780_utt1,train,neutral
dia780_utt2,train,anger
dia780_utt3,train,neutral
dia780_utt4,train,sadness
dia780_utt5,train,surprise
dia780_utt6,train,sadness
dia780_utt7,train,neutral
dia781_utt0,train,neutral
dia781_utt1,train,joy
dia782_utt0,train,neutral
dia782_utt1,train,neutral
dia782_utt2,train,joy
dia782_utt3,train,joy
dia782_utt4,train,fear
dia782_utt5,train,neutral
dia782_utt6,train,fear
dia782_utt7,train,joy
dia782_utt8,train,fear
dia782_utt9,train,fear
dia782_utt10,train,surprise
dia782_utt11,train,neutral
dia783_utt0,train,neutral
dia783_utt1,train,joy
dia783_utt2,train,joy
dia783_utt3,train,joy
dia783_utt4,train,joy
dia783_utt5,train,joy
dia783_utt6,train,neutral
dia783_utt7,train,neutral
dia783_utt8,train,sadness
dia784_utt0,train,neutral
dia784_utt1,train,sadness
dia785_utt0,train,neutral
dia785_utt1,train,anger
dia786_utt0,train,neutral
dia786_utt1,train,anger
dia786_utt2,train,anger
dia786_utt3,train,anger
dia787_utt0,train,neutral
dia787_utt1,train,neutral
dia787_utt2,train,neutral
dia787_utt3,train,neutral
dia787_utt4,train,neutral
dia787_utt5,train,neutral
dia787_utt6,train,neutral
dia787_utt7,train,neutral
dia787_utt8,train,neutral
dia787_utt9,train,neutral
dia787_utt10,train,neutral
dia788_utt0,train,fear
dia788_utt1,train,joy
dia788_utt2,train,neutral
dia788_utt3,train,neutral
dia788_utt4,train,neutral
dia789_utt0,train,joy
dia789_utt1,train,joy
dia789_utt2,train,joy
dia789_utt3,train,fear
dia789_utt4,train,neutral
dia789_utt5,train,fear
dia789_utt6,train,fear
dia789_utt7,train,anger
dia789_utt8,train,joy
dia789_utt9,train,surprise
dia790_utt0,train,surprise
dia791_utt0,train,joy
dia791_utt1,train,joy
dia791_utt2,train,neutral
dia791_utt3,train,neutral
dia791_utt4,train,neutral
dia791_utt5,train,neutral
dia791_utt6,train,joy
dia791_utt7,train,neutral
dia791_utt8,train,neutral
dia791_utt9,train,sadness
dia791_utt10,train,neutral
dia791_utt11,train,joy
dia791_utt12,train,neutral
dia791_utt13,train,neutral
dia791_utt14,train,neutral
dia791_utt15,train,neutral
dia791_utt16,train,surprise
dia791_utt17,train,joy
dia791_utt18,train,joy
dia791_utt19,train,joy
dia791_utt20,train,neutral
dia791_utt21,train,neutral
dia792_utt0,train,joy
dia792_utt1,train,joy
dia792_utt2,train,neutral
dia792_utt3,train,joy
dia792_utt4,train,joy
dia792_utt5,train,surprise
dia792_utt6,train,disgust
dia792_utt7,train,neutral
dia792_utt8,train,anger
dia792_utt9,train,neutral
dia792_utt10,train,surprise
dia792_utt11,train,surprise
dia792_utt12,train,anger
dia792_utt13,train,sadness
dia792_utt14,train,joy
dia792_utt15,train,surprise
dia792_utt16,train,sadness
dia792_utt17,train,sadness
dia792_utt18,train,sadness
dia792_utt19,train,joy
dia792_utt20,train,surprise
dia793_utt0,train,joy
dia793_utt1,train,neutral
dia793_utt2,train,joy
dia793_utt3,train,joy
dia793_utt4,train,joy
dia793_utt5,train,anger
dia793_utt6,train,joy
dia793_utt7,train,joy
dia793_utt8,train,joy
dia793_utt9,train,joy
dia793_utt10,train,joy
dia794_utt0,train,anger
dia794_utt1,train,anger
dia794_utt2,train,anger
dia794_utt3,train,anger
dia794_utt4,train,anger
dia794_utt5,train,sadness
dia794_utt6,train,anger
dia794_utt7,train,sadness
dia794_utt8,train,anger
dia794_utt9,train,neutral
dia794_utt10,train,anger
dia795_utt0,train,surprise
dia795_utt1,train,surprise
dia795_utt2,train,neutral
dia795_utt3,train,neutral
dia795_utt4,train,neutral
dia795_utt5,train,neutral
dia795_utt6,train,anger
dia795_utt7,train,anger
dia795_utt8,train,neutral
dia796_utt0,train,sadness
dia796_utt1,train,surprise
dia796_utt2,train,neutral
dia796_utt3,train,neutral
dia796_utt4,train,surprise
dia796_utt5,train,fear
dia796_utt6,train,surprise
dia796_utt7,train,neutral
dia796_utt8,train,neutral
dia796_utt9,train,neutral
dia796_utt10,train,joy
dia796_utt11,train,joy
dia796_utt12,train,fear
dia796_utt13,train,joy
dia796_utt14,train,fear
dia796_utt15,train,neutral
dia796_utt16,train,joy
dia796_utt17,train,joy
dia796_utt18,train,joy
dia796_utt19,train,sadness
dia796_utt20,train,neutral
dia797_utt0,train,neutral
dia797_utt1,train,neutral
dia797_utt2,train,neutral
dia797_utt3,train,neutral
dia797_utt4,train,neutral
dia797_utt5,train,surprise
dia797_utt6,train,neutral
dia797_utt7,train,neutral
dia797_utt8,train,joy
dia797_utt9,train,neutral
dia797_utt10,train,surprise
dia797_utt11,train,sadness
dia797_utt12,train,sadness
dia797_utt13,train,sadness
dia798_utt0,train,disgust
dia798_utt1,train,neutral
dia798_utt2,train,neutral
dia798_utt3,train,fear
dia798_utt4,train,sadness
dia798_utt5,train,sadness
dia798_utt6,train,surprise
dia799_utt0,train,fear
dia799_utt1,train,fear
dia799_utt2,train,neutral
dia799_utt3,train,neutral
dia799_utt4,train,neutral
dia799_utt5,train,neutral
dia799_utt6,train,neutral
dia800_utt0,train,fear
dia800_utt1,train,neutral
dia801_utt0,train,neutral
dia801_utt1,train,neutral
dia801_utt2,train,neutral
dia801_utt3,train,neutral
dia801_utt4,train,neutral
dia801_utt5,train,fear
dia801_utt6,train,neutral
dia801_utt7,train,anger
dia801_utt8,train,anger
dia802_utt0,train,joy
dia802_utt1,train,joy
dia802_utt2,train,neutral
dia802_utt3,train,joy
dia802_utt4,train,neutral
dia803_utt0,train,anger
dia803_utt1,train,sadness
dia803_utt2,train,surprise
dia803_utt3,train,joy
dia803_utt4,train,joy
dia803_utt5,train,joy
dia803_utt6,train,anger
dia804_utt0,train,fear
dia804_utt1,train,neutral
dia804_utt2,train,joy
dia804_utt3,train,anger
dia804_utt4,train,sadness
dia804_utt5,train,anger
dia804_utt6,train,disgust
dia804_utt7,train,anger
dia804_utt8,train,anger
dia804_utt9,train,sadness
dia805_utt0,train,joy
dia805_utt1,train,neutral
dia805_utt2,train,neutral
dia805_utt3,train,joy
dia805_utt4,train,surprise
dia805_utt5,train,joy
dia805_utt6,train,anger
dia805_utt7,train,neutral
dia806_utt0,train,surprise
dia806_utt1,train,surprise
dia806_utt2,train,joy
dia806_utt3,train,joy
dia806_utt4,train,neutral
dia806_utt5,train,sadness
dia806_utt6,train,sadness
dia806_utt7,train,neutral
dia806_utt8,train,sadness
dia806_utt9,train,joy
dia806_utt10,train,surprise
dia806_utt11,train,neutral
dia806_utt12,train,neutral
dia806_utt13,train,joy
dia806_utt14,train,surprise
dia806_utt15,train,fear
dia806_utt16,train,neutral
dia806_utt17,train,joy
dia807_utt0,train,neutral
dia807_utt1,train,anger
dia808_utt0,train,disgust
dia808_utt1,train,neutral
dia808_utt2,train,neutral
dia808_utt3,train,neutral
dia808_utt4,train,neutral
dia808_utt5,train,neutral
dia808_utt6,train,joy
dia808_utt7,train,joy
dia809_utt0,train,joy
dia809_utt1,train,joy
dia809_utt2,train,joy
dia809_utt3,train,joy
dia809_utt4,train,joy
dia809_utt5,train,joy
dia809_utt6,train,joy
dia809_utt7,train,neutral
dia809_utt8,train,neutral
dia809_utt9,train,surprise
dia809_utt10,train,anger
dia809_utt11,train,joy
dia809_utt12,train,neutral
dia809_utt13,train,neutral
dia809_utt14,train,anger
dia809_utt15,train,fear
dia810_utt0,train,surprise
dia810_utt1,train,sadness
dia810_utt2,train,fear
dia810_utt3,train,fear
dia810_utt4,train,fear
dia810_utt5,train,neutral
dia810_utt6,train,joy
dia810_utt7,train,neutral
dia810_utt8,train,joy
dia810_utt9,train,joy
dia810_utt10,train,neutral
dia810_utt11,train,neutral
dia810_utt12,train,neutral
dia810_utt13,train,sadness
dia810_utt14,train,neutral
dia810_utt15,train,neutral
dia810_utt16,train,surprise
dia810_utt17,train,neutral
dia811_utt0,train,joy
dia811_utt1,train,neutral
dia811_utt2,train,neutral
dia811_utt3,train,neutral
dia811_utt4,train,surprise
dia811_utt5,train,joy
dia811_utt6,train,neutral
dia811_utt7,train,neutral
dia811_utt8,train,joy
dia811_utt9,train,fear
dia811_utt10,train,joy
dia812_utt0,train,neutral
dia812_utt1,train,joy
dia812_utt2,train,neutral
dia812_utt3,train,neutral
dia812_utt4,train,joy
dia812_utt5,train,anger
dia812_utt8,train,joy
dia812_utt9,train,joy
dia812_utt10,train,neutral
dia812_utt11,train,neutral
dia812_utt12,train,joy
dia812_utt13,train,joy
dia812_utt14,train,neutral
dia812_utt15,train,neutral
dia813_utt0,train,neutral
dia813_utt1,train,surprise
dia813_utt2,train,neutral
dia813_utt3,train,anger
dia813_utt4,train,neutral
dia813_utt5,train,sadness
dia813_utt6,train,neutral
dia813_utt7,train,neutral
dia813_utt8,train,surprise
dia813_utt9,train,neutral
dia813_utt10,train,neutral
dia814_utt0,train,neutral
dia814_utt1,train,neutral
dia814_utt2,train,joy
dia814_utt3,train,neutral
dia814_utt4,train,joy
dia815_utt0,train,neutral
dia815_utt1,train,neutral
dia815_utt2,train,neutral
dia815_utt3,train,neutral
dia816_utt0,train,sadness
dia816_utt1,train,sadness
dia816_utt2,train,sadness
dia816_utt3,train,sadness
dia816_utt4,train,neutral
dia817_utt0,train,joy
dia817_utt1,train,neutral
dia817_utt2,train,neutral
dia817_utt3,train,surprise
dia817_utt4,train,neutral
dia817_utt5,train,neutral
dia817_utt6,train,neutral
dia817_utt7,train,anger
dia817_utt8,train,neutral
dia817_utt9,train,neutral
dia817_utt10,train,sadness
dia817_utt11,train,surprise
dia817_utt12,train,anger
dia817_utt13,train,neutral
dia817_utt14,train,neutral
dia818_utt0,train,neutral
dia818_utt1,train,disgust
dia818_utt2,train,joy
dia818_utt3,train,neutral
dia818_utt4,train,neutral
dia818_utt5,train,neutral
dia818_utt6,train,sadness
dia818_utt7,train,neutral
dia819_utt0,train,surprise
dia819_utt1,train,neutral
dia819_utt2,train,neutral
dia819_utt3,train,neutral
dia819_utt4,train,neutral
dia819_utt5,train,anger
dia819_utt6,train,neutral
dia819_utt7,train,neutral
dia819_utt8,train,neutral
dia819_utt9,train,fear
dia819_utt10,train,neutral
dia819_utt11,train,neutral
dia819_utt12,train,neutral
dia819_utt13,train,neutral
dia819_utt14,train,disgust
dia819_utt15,train,neutral
dia819_utt16,train,neutral
dia819_utt17,train,joy
dia819_utt18,train,joy
dia820_utt0,train,joy
dia820_utt1,train,neutral
dia820_utt2,train,neutral
dia820_utt3,train,surprise
dia820_utt4,train,sadness
dia820_utt5,train,joy
dia820_utt6,train,neutral
dia820_utt7,train,neutral
dia820_utt8,train,joy
dia820_utt9,train,joy
dia820_utt10,train,neutral
dia820_utt11,train,neutral
dia820_utt12,train,neutral
dia820_utt13,train,joy
dia820_utt14,train,joy
dia820_utt15,train,joy
dia820_utt16,train,surprise
dia820_utt17,train,neutral
dia820_utt18,train,surprise
dia820_utt19,train,surprise
dia820_utt20,train,joy
dia820_utt21,train,joy
dia821_utt0,train,joy
dia821_utt1,train,surprise
dia821_utt2,train,neutral
dia821_utt3,train,neutral
dia821_utt4,train,neutral
dia821_utt5,train,neutral
dia821_utt6,train,neutral
dia821_utt7,train,surprise
dia821_utt8,train,neutral
dia821_utt9,train,joy
dia821_utt10,train,joy
dia821_utt11,train,surprise
dia821_utt12,train,neutral
dia821_utt13,train,joy
dia821_utt14,train,joy
dia822_utt0,train,neutral
dia822_utt1,train,neutral
dia822_utt2,train,neutral
dia822_utt3,train,neutral
dia822_utt4,train,joy
dia822_utt5,train,neutral
dia822_utt6,train,neutral
dia822_utt7,train,sadness
dia822_utt8,train,neutral
dia823_utt0,train,neutral
dia823_utt1,train,neutral
dia823_utt2,train,joy
dia823_utt3,train,surprise
dia823_utt4,train,neutral
dia823_utt5,train,disgust
dia823_utt6,train,joy
dia823_utt7,train,surprise
dia823_utt8,train,surprise
dia823_utt9,train,disgust
dia823_utt10,train,neutral
dia823_utt11,train,neutral
dia823_utt12,train,joy
dia823_utt13,train,neutral
dia823_utt14,train,surprise
dia824_utt0,train,joy
dia824_utt1,train,joy
dia825_utt0,train,surprise
dia825_utt1,train,neutral
dia825_utt2,train,neutral
dia826_utt0,train,joy
dia826_utt1,train,joy
dia826_utt2,train,neutral
dia826_utt3,train,joy
dia826_utt4,train,sadness
dia827_utt0,train,neutral
dia827_utt1,train,joy
dia827_utt2,train,neutral
dia827_utt3,train,neutral
dia827_utt4,train,neutral
dia827_utt5,train,fear
dia827_utt6,train,neutral
dia827_utt7,train,neutral
dia827_utt8,train,joy
dia827_utt11,train,joy
dia827_utt12,train,joy
dia827_utt13,train,fear
dia827_utt14,train,joy
dia827_utt15,train,neutral
dia828_utt0,train,anger
dia828_utt1,train,joy
dia828_utt2,train,disgust
dia828_utt3,train,anger
dia828_utt4,train,anger
dia828_utt5,train,surprise
dia828_utt6,train,anger
dia828_utt7,train,neutral
dia828_utt8,train,disgust
dia828_utt9,train,neutral
dia828_utt10,train,neutral
dia828_utt11,train,neutral
dia828_utt12,train,neutral
dia828_utt13,train,anger
dia828_utt14,train,neutral
dia828_utt15,train,anger
dia829_utt0,train,anger
dia829_utt1,train,joy
dia829_utt2,train,anger
dia830_utt0,train,joy
dia830_utt1,train,joy
dia830_utt2,train,anger
dia830_utt3,train,joy
dia830_utt4,train,joy
dia830_utt5,train,joy
dia830_utt6,train,sadness
dia830_utt7,train,sadness
dia831_utt0,train,anger
dia831_utt1,train,anger
dia831_utt2,train,neutral
dia831_utt3,train,anger
dia831_utt4,train,anger
dia831_utt5,train,anger
dia831_utt6,train,sadness
dia831_utt7,train,joy
dia832_utt0,train,anger
dia832_utt1,train,neutral
dia832_utt2,train,neutral
dia832_utt3,train,surprise
dia832_utt4,train,neutral
dia832_utt5,train,neutral
dia832_utt6,train,surprise
dia832_utt7,train,neutral
dia832_utt8,train,neutral
dia832_utt9,train,joy
dia832_utt10,train,joy
dia832_utt11,train,sadness
dia832_utt12,train,neutral
dia832_utt13,train,joy
dia832_utt14,train,anger
dia832_utt15,train,joy
dia833_utt0,train,joy
dia833_utt1,train,neutral
dia833_utt2,train,anger
dia833_utt3,train,anger
dia833_utt4,train,anger
dia833_utt5,train,anger
dia833_utt6,train,neutral
dia834_utt0,train,surprise
dia834_utt1,train,neutral
dia834_utt2,train,neutral
dia834_utt3,train,neutral
dia834_utt4,train,neutral
dia834_utt5,train,joy
dia834_utt6,train,neutral
dia834_utt7,train,neutral
dia834_utt8,train,neutral
dia834_utt9,train,neutral
dia834_utt10,train,neutral
dia834_utt11,train,neutral
dia834_utt12,train,neutral
dia834_utt13,train,neutral
dia834_utt14,train,surprise
dia834_utt15,train,neutral
dia835_utt0,train,sadness
dia835_utt1,train,neutral
dia835_utt2,train,anger
dia835_utt3,train,neutral
dia835_utt4,train,surprise
dia835_utt5,train,anger
dia835_utt6,train,neutral
dia835_utt7,train,anger
dia835_utt8,train,disgust
dia835_utt9,train,anger
dia835_utt10,train,anger
dia835_utt11,train,neutral
dia836_utt0,train,neutral
dia836_utt1,train,surprise
dia836_utt2,train,surprise
dia836_utt3,train,neutral
dia836_utt4,train,neutral
dia836_utt5,train,neutral
dia836_utt6,train,surprise
dia836_utt7,train,surprise
dia836_utt8,train,neutral
dia836_utt9,train,surprise
dia836_utt10,train,anger
dia836_utt11,train,neutral
dia836_utt12,train,joy
dia837_utt0,train,neutral
dia837_utt1,train,joy
dia837_utt2,train,joy
dia838_utt0,train,surprise
dia839_utt0,train,anger
dia839_utt1,train,anger
dia839_utt2,train,neutral
dia839_utt3,train,neutral
dia839_utt4,train,joy
dia839_utt5,train,neutral
dia839_utt6,train,surprise
dia839_utt7,train,neutral
dia839_utt8,train,disgust
dia839_utt11,train,anger
dia839_utt12,train,disgust
dia839_utt13,train,disgust
dia839_utt14,train,disgust
dia839_utt15,train,disgust
dia840_utt0,train,joy
dia840_utt1,train,joy
dia840_utt2,train,neutral
dia840_utt3,train,neutral
dia840_utt4,train,neutral
dia840_utt5,train,neutral
dia840_utt6,train,fear
dia840_utt7,train,joy
dia840_utt8,train,neutral
dia840_utt9,train,neutral
dia840_utt10,train,surprise
dia840_utt11,train,neutral
dia840_utt12,train,surprise
dia840_utt13,train,neutral
dia840_utt14,train,neutral
dia840_utt15,train,sadness
dia841_utt0,train,fear
dia841_utt1,train,neutral
dia841_utt2,train,neutral
dia841_utt3,train,neutral
dia841_utt4,train,anger
dia841_utt5,train,neutral
dia841_utt6,train,sadness
dia841_utt7,train,anger
dia841_utt8,train,anger
dia841_utt9,train,sadness
dia841_utt10,train,sadness
dia841_utt11,train,neutral
dia841_utt12,train,joy
dia841_utt13,train,neutral
dia841_utt14,train,neutral
dia841_utt15,train,neutral
dia841_utt16,train,anger
dia841_utt17,train,neutral
dia841_utt18,train,neutral
dia841_utt19,train,neutral
dia841_utt20,train,neutral
dia841_utt21,train,joy
dia841_utt22,train,neutral
dia842_utt0,train,neutral
dia842_utt1,train,neutral
dia842_utt2,train,neutral
dia842_utt3,train,neutral
dia842_utt4,train,sadness
dia842_utt5,train,sadness
dia842_utt6,train,sadness
dia842_utt7,train,neutral
dia842_utt10,train,joy
dia842_utt11,train,neutral
dia842_utt12,train,surprise
dia843_utt0,train,surprise
dia843_utt1,train,sadness
dia843_utt2,train,anger
dia843_utt3,train,neutral
dia843_utt4,train,neutral
dia843_utt5,train,anger
dia843_utt6,train,surprise
dia843_utt7,train,sadness
dia843_utt8,train,neutral
dia843_utt9,train,sadness
dia843_utt10,train,neutral
dia843_utt11,train,neutral
dia843_utt12,train,neutral
dia843_utt13,train,neutral
dia843_utt14,train,neutral
dia844_utt0,train,neutral
dia844_utt1,train,neutral
dia844_utt2,train,neutral
dia844_utt3,train,neutral
dia844_utt4,train,neutral
dia844_utt5,train,sadness
dia844_utt6,train,fear
dia844_utt7,train,neutral
dia844_utt8,train,joy
dia844_utt9,train,joy
dia844_utt10,train,joy
dia844_utt11,train,anger
dia844_utt12,train,joy
dia844_utt13,train,anger
dia844_utt14,train,neutral
dia844_utt15,train,joy
dia844_utt16,train,neutral
dia844_utt17,train,surprise
dia844_utt18,train,neutral
dia844_utt19,train,neutral
dia844_utt20,train,fear
dia845_utt0,train,neutral
dia845_utt1,train,joy
dia845_utt2,train,neutral
dia845_utt3,train,joy
dia845_utt4,train,neutral
dia845_utt5,train,joy
dia845_utt6,train,neutral
dia845_utt7,train,fear
dia845_utt8,train,neutral
dia845_utt9,train,joy
dia845_utt10,train,joy
dia845_utt11,train,joy
dia846_utt0,train,neutral
dia846_utt1,train,neutral
dia846_utt2,train,neutral
dia846_utt3,train,neutral
dia846_utt4,train,neutral
dia847_utt0,train,joy
dia847_utt1,train,joy
dia847_utt2,train,joy
dia847_utt3,train,joy
dia847_utt4,train,joy
dia847_utt5,train,joy
dia848_utt0,train,neutral
dia848_utt1,train,neutral
dia848_utt2,train,neutral
dia848_utt3,train,surprise
dia848_utt4,train,sadness
dia848_utt5,train,surprise
dia848_utt6,train,surprise
dia848_utt7,train,surprise
dia848_utt8,train,sadness
dia848_utt9,train,surprise
dia848_utt10,train,neutral
dia848_utt11,train,surprise
dia849_utt0,train,joy
dia849_utt1,train,joy
dia849_utt2,train,joy
dia849_utt3,train,neutral
dia849_utt4,train,joy
dia849_utt5,train,joy
dia849_utt6,train,joy
dia849_utt7,train,disgust
dia849_utt8,train,neutral
dia849_utt9,train,neutral
dia849_utt10,train,anger
dia849_utt11,train,joy
dia850_utt0,train,joy
dia850_utt1,train,neutral
dia850_utt2,train,neutral
dia850_utt3,train,neutral
dia850_utt4,train,surprise
dia850_utt5,train,neutral
dia850_utt6,train,joy
dia851_utt0,train,neutral
dia851_utt1,train,surprise
dia851_utt2,train,neutral
dia851_utt3,train,neutral
dia851_utt4,train,neutral
dia851_utt5,train,joy
dia851_utt6,train,neutral
dia851_utt7,train,neutral
dia851_utt8,train,neutral
dia851_utt9,train,neutral
dia851_utt10,train,joy
dia851_utt11,train,neutral
dia851_utt12,train,neutral
dia851_utt13,train,joy
dia851_utt14,train,neutral
dia851_utt15,train,neutral
dia851_utt16,train,neutral
dia851_utt17,train,neutral
dia851_utt18,train,joy
dia851_utt19,train,neutral
dia851_utt20,train,neutral
dia852_utt0,train,neutral
dia852_utt1,train,neutral
dia852_utt2,train,sadness
dia852_utt3,train,neutral
dia852_utt4,train,sadness
dia852_utt5,train,neutral
dia852_utt6,train,neutral
dia852_utt7,train,anger
dia852_utt8,train,sadness
dia853_utt0,train,neutral
dia853_utt1,train,anger
dia853_utt2,train,sadness
dia853_utt3,train,anger
dia853_utt4,train,sadness
dia853_utt5,train,joy
dia853_utt6,train,neutral
dia853_utt7,train,anger
dia853_utt8,train,anger
dia853_utt9,train,anger
dia853_utt10,train,surprise
dia853_utt11,train,anger
dia853_utt12,train,anger
dia853_utt13,train,joy
dia853_utt14,train,anger
dia854_utt0,train,fear
dia854_utt1,train,neutral
dia854_utt2,train,anger
dia854_utt3,train,anger
dia854_utt4,train,neutral
dia854_utt5,train,neutral
dia855_utt0,train,joy
dia855_utt1,train,anger
dia855_utt2,train,neutral
dia855_utt3,train,joy
dia855_utt4,train,joy
dia855_utt5,train,sadness
dia855_utt6,train,surprise
dia855_utt7,train,fear
dia856_utt0,train,neutral
dia856_utt1,train,neutral
dia856_utt2,train,sadness
dia856_utt3,train,surprise
dia856_utt4,train,joy
dia857_utt0,train,surprise
dia857_utt1,train,neutral
dia857_utt2,train,neutral
dia857_utt3,train,neutral
dia857_utt4,train,neutral
dia857_utt5,train,neutral
dia857_utt6,train,neutral
dia857_utt7,train,neutral
dia857_utt8,train,neutral
dia857_utt9,train,neutral
dia857_utt10,train,neutral
dia857_utt11,train,joy
dia858_utt0,train,surprise
dia858_utt1,train,surprise
dia858_utt2,train,neutral
dia858_utt3,train,neutral
dia858_utt4,train,joy
dia858_utt5,train,neutral
dia858_utt6,train,neutral
dia858_utt7,train,neutral
dia858_utt8,train,neutral
dia858_utt9,train,neutral
dia858_utt10,train,surprise
dia858_utt11,train,neutral
dia858_utt12,train,neutral
dia858_utt13,train,neutral
dia859_utt0,train,surprise
dia859_utt1,train,neutral
dia859_utt2,train,surprise
dia859_utt3,train,neutral
dia860_utt0,train,surprise
dia860_utt1,train,neutral
dia860_utt2,train,fear
dia860_utt3,train,neutral
dia860_utt4,train,neutral
dia860_utt5,train,neutral
dia860_utt6,train,neutral
dia860_utt7,train,neutral
dia860_utt8,train,neutral
dia860_utt9,train,surprise
dia860_utt10,train,neutral
dia860_utt11,train,disgust
dia860_utt12,train,neutral
dia860_utt13,train,surprise
dia860_utt14,train,joy
dia860_utt15,train,disgust
dia861_utt0,train,sadness
dia861_utt1,train,sadness
dia861_utt2,train,sadness
dia861_utt3,train,anger
dia861_utt4,train,surprise
dia861_utt5,train,surprise
dia861_utt6,train,neutral
dia861_utt7,train,neutral
dia861_utt8,train,anger
dia861_utt9,train,neutral
dia861_utt10,train,neutral
dia861_utt11,train,surprise
dia861_utt12,train,neutral
dia861_utt13,train,surprise
dia861_utt14,train,disgust
dia861_utt15,train,joy
dia861_utt16,train,joy
dia861_utt17,train,joy
dia861_utt18,train,neutral
dia862_utt0,train,neutral
dia862_utt1,train,surprise
dia862_utt2,train,surprise
dia862_utt3,train,neutral
dia863_utt0,train,neutral
dia863_utt1,train,neutral
dia863_utt2,train,neutral
dia863_utt3,train,neutral
dia863_utt4,train,joy
dia863_utt5,train,neutral
dia863_utt6,train,neutral
dia863_utt7,train,surprise
dia864_utt0,train,neutral
dia864_utt1,train,neutral
dia864_utt2,train,neutral
dia864_utt3,train,joy
dia864_utt4,train,anger
dia865_utt0,train,neutral
dia865_utt1,train,anger
dia865_utt2,train,neutral
dia865_utt3,train,anger
dia865_utt4,train,sadness
dia865_utt5,train,joy
dia865_utt6,train,neutral
dia866_utt0,train,surprise
dia866_utt1,train,neutral
dia866_utt2,train,joy
dia866_utt3,train,neutral
dia866_utt4,train,neutral
dia866_utt5,train,neutral
dia866_utt6,train,neutral
dia866_utt7,train,joy
dia866_utt8,train,joy
dia866_utt9,train,anger
dia866_utt10,train,sadness
dia867_utt0,train,neutral
dia867_utt1,train,anger
dia867_utt2,train,fear
dia867_utt3,train,anger
dia867_utt4,train,surprise
dia867_utt5,train,joy
dia867_utt6,train,neutral
dia867_utt7,train,anger
dia868_utt0,train,anger
dia868_utt1,train,neutral
dia868_utt2,train,neutral
dia868_utt3,train,neutral
dia869_utt0,train,surprise
dia869_utt1,train,surprise
dia869_utt2,train,anger
dia869_utt3,train,anger
dia869_utt4,train,neutral
dia869_utt5,train,fear
dia869_utt6,train,neutral
dia869_utt7,train,neutral
dia869_utt8,train,fear
dia869_utt9,train,disgust
dia869_utt10,train,disgust
dia869_utt11,train,anger
dia869_utt12,train,anger
dia869_utt13,train,anger
dia869_utt14,train,joy
dia869_utt15,train,disgust
dia869_utt16,train,disgust
dia869_utt17,train,neutral
dia870_utt0,train,neutral
dia870_utt1,train,neutral
dia870_utt2,train,neutral
dia870_utt3,train,neutral
dia870_utt4,train,neutral
dia870_utt5,train,neutral
dia870_utt6,train,neutral
dia870_utt7,train,neutral
dia871_utt0,train,neutral
dia871_utt1,train,sadness
dia871_utt2,train,neutral
dia871_utt3,train,neutral
dia871_utt4,train,neutral
dia871_utt5,train,neutral
dia871_utt6,train,neutral
dia871_utt7,train,neutral
dia871_utt8,train,neutral
dia871_utt9,train,neutral
dia871_utt10,train,sadness
dia872_utt0,train,sadness
dia872_utt1,train,surprise
dia872_utt2,train,joy
dia872_utt3,train,surprise
dia872_utt4,train,neutral
dia872_utt5,train,neutral
dia872_utt6,train,neutral
dia872_utt7,train,neutral
dia872_utt8,train,neutral
dia872_utt9,train,neutral
dia873_utt0,train,neutral
dia873_utt1,train,neutral
dia873_utt2,train,joy
dia873_utt3,train,neutral
dia873_utt4,train,surprise
dia873_utt5,train,anger
dia874_utt0,train,surprise
dia874_utt1,train,sadness
dia874_utt2,train,surprise
dia874_utt3,train,sadness
dia874_utt4,train,sadness
dia874_utt5,train,sadness
dia874_utt6,train,anger
dia874_utt7,train,sadness
dia874_utt8,train,anger
dia874_utt9,train,neutral
dia874_utt10,train,sadness
dia874_utt11,train,sadness
dia874_utt12,train,sadness
dia874_utt13,train,anger
dia874_utt14,train,neutral
dia874_utt15,train,neutral
dia875_utt0,train,neutral
dia875_utt1,train,joy
dia875_utt2,train,neutral
dia875_utt3,train,surprise
dia875_utt4,train,anger
dia875_utt5,train,surprise
dia875_utt6,train,anger
dia875_utt7,train,joy
dia875_utt8,train,anger
dia875_utt9,train,neutral
dia875_utt10,train,neutral
dia876_utt0,train,anger
dia876_utt1,train,anger
dia876_utt2,train,surprise
dia877_utt0,train,joy
dia877_utt1,train,surprise
dia877_utt2,train,joy
dia877_utt3,train,joy
dia877_utt4,train,joy
dia878_utt0,train,joy
dia878_utt1,train,neutral
dia878_utt2,train,neutral
dia878_utt3,train,neutral
dia879_utt0,train,neutral
dia879_utt1,train,neutral
dia879_utt2,train,neutral
dia880_utt0,train,surprise
dia880_utt1,train,neutral
dia880_utt2,train,joy
dia881_utt0,train,joy
dia882_utt0,train,neutral
dia883_utt0,train,neutral
dia883_utt1,train,neutral
dia883_utt2,train,neutral
dia883_utt3,train,neutral
dia883_utt4,train,neutral
dia883_utt5,train,neutral
dia883_utt6,train,neutral
dia883_utt7,train,neutral
dia884_utt0,train,neutral
dia884_utt1,train,joy
dia884_utt2,train,joy
dia884_utt3,train,surprise
dia884_utt4,train,neutral
dia884_utt5,train,surprise
dia884_utt6,train,neutral
dia884_utt7,train,surprise
dia884_utt8,train,anger
dia884_utt9,train,surprise
dia884_utt10,train,surprise
dia884_utt11,train,disgust
dia884_utt12,train,sadness
dia884_utt13,train,anger
dia884_utt14,train,neutral
dia884_utt15,train,surprise
dia884_utt16,train,neutral
dia884_utt17,train,neutral
dia885_utt0,train,joy
dia885_utt1,train,neutral
dia885_utt2,train,neutral
dia885_utt3,train,anger
dia885_utt4,train,anger
dia886_utt0,train,joy
dia886_utt1,train,joy
dia886_utt2,train,neutral
dia886_utt3,train,neutral
dia886_utt4,train,neutral
dia886_utt5,train,joy
dia886_utt6,train,neutral
dia886_utt7,train,joy
dia886_utt8,train,joy
dia886_utt9,train,joy
dia886_utt10,train,joy
dia886_utt11,train,joy
dia886_utt12,train,disgust
dia886_utt13,train,neutral
dia886_utt14,train,neutral
dia886_utt15,train,fear
dia886_utt16,train,surprise
dia886_utt17,train,joy
dia886_utt20,train,neutral
dia886_utt21,train,neutral
dia886_utt22,train,neutral
dia887_utt0,train,neutral
dia887_utt1,train,surprise
dia887_utt2,train,neutral
dia887_utt3,train,surprise
dia887_utt4,train,neutral
dia887_utt5,train,anger
dia887_utt6,train,anger
dia887_utt7,train,surprise
dia887_utt8,train,surprise
dia887_utt9,train,surprise
dia887_utt10,train,neutral
dia887_utt11,train,anger
dia887_utt12,train,neutral
dia887_utt13,train,neutral
dia888_utt0,train,sadness
dia888_utt1,train,anger
dia888_utt2,train,anger
dia888_utt3,train,anger
dia888_utt4,train,neutral
dia888_utt5,train,neutral
dia888_utt6,train,joy
dia888_utt7,train,neutral
dia888_utt8,train,neutral
dia888_utt9,train,neutral
dia888_utt10,train,neutral
dia888_utt11,train,neutral
dia888_utt12,train,neutral
dia888_utt13,train,neutral
dia888_utt14,train,joy
dia888_utt15,train,neutral
dia888_utt16,train,joy
dia888_utt17,train,anger
dia888_utt18,train,joy
dia888_utt19,train,joy
dia889_utt0,train,neutral
dia889_utt1,train,neutral
dia889_utt2,train,neutral
dia889_utt3,train,neutral
dia889_utt4,train,neutral
dia889_utt5,train,surprise
dia890_utt0,train,neutral
dia890_utt1,train,neutral
dia890_utt2,train,neutral
dia890_utt3,train,neutral
dia890_utt4,train,surprise
dia891_utt0,train,joy
dia891_utt1,train,neutral
dia891_utt2,train,surprise
dia891_utt3,train,surprise
dia891_utt4,train,surprise
dia891_utt5,train,joy
dia891_utt6,train,joy
dia892_utt0,train,neutral
dia892_utt1,train,neutral
dia892_utt2,train,neutral
dia892_utt3,train,neutral
dia892_utt4,train,neutral
dia892_utt5,train,neutral
dia892_utt6,train,surprise
dia892_utt7,train,neutral
dia892_utt8,train,neutral
dia892_utt9,train,neutral
dia892_utt10,train,anger
dia892_utt11,train,surprise
dia892_utt12,train,neutral
dia892_utt13,train,neutral
dia892_utt14,train,joy
dia892_utt15,train,joy
dia892_utt16,train,sadness
dia893_utt0,train,neutral
dia893_utt1,train,disgust
dia893_utt2,train,sadness
dia893_utt3,train,joy
dia893_utt4,train,joy
dia893_utt5,train,neutral
dia893_utt6,train,neutral
dia893_utt7,train,neutral
dia893_utt8,train,neutral
dia893_utt9,train,anger
dia893_utt10,train,joy
dia893_utt11,train,neutral
dia893_utt12,train,joy
dia893_utt13,train,joy
dia893_utt14,train,joy
dia893_utt15,train,joy
dia893_utt16,train,joy
dia893_utt17,train,joy
dia894_utt0,train,joy
dia895_utt0,train,fear
dia895_utt1,train,neutral
dia895_utt2,train,anger
dia895_utt3,train,surprise
dia895_utt4,train,neutral
dia895_utt5,train,neutral
dia895_utt6,train,neutral
dia895_utt7,train,neutral
dia895_utt8,train,anger
dia895_utt9,train,sadness
dia895_utt10,train,neutral
dia896_utt0,train,neutral
dia896_utt1,train,sadness
dia896_utt2,train,sadness
dia896_utt3,train,neutral
dia896_utt4,train,surprise
dia896_utt5,train,neutral
dia897_utt0,train,anger
dia897_utt1,train,neutral
dia897_utt2,train,sadness
dia897_utt3,train,neutral
dia897_utt4,train,neutral
dia897_utt5,train,neutral
dia897_utt6,train,neutral
dia897_utt7,train,joy
dia897_utt8,train,neutral
dia897_utt9,train,surprise
dia897_utt10,train,neutral
dia898_utt0,train,joy
dia898_utt1,train,joy
dia898_utt2,train,joy
dia898_utt3,train,neutral
dia898_utt4,train,disgust
dia899_utt0,train,neutral
dia899_utt1,train,neutral
dia900_utt0,train,neutral
dia900_utt1,train,neutral
dia900_utt2,train,neutral
dia900_utt3,train,neutral
dia900_utt4,train,joy
dia900_utt5,train,neutral
dia900_utt6,train,neutral
dia900_utt7,train,joy
dia900_utt8,train,joy
dia900_utt9,train,neutral
dia900_utt10,train,neutral
dia900_utt11,train,joy
dia900_utt12,train,surprise
dia900_utt13,train,neutral
dia900_utt14,train,neutral
dia900_utt15,train,neutral
dia901_utt0,train,anger
dia901_utt1,train,neutral
dia901_utt2,train,neutral
dia901_utt3,train,surprise
dia901_utt4,train,anger
dia901_utt5,train,disgust
dia901_utt6,train,neutral
dia901_utt7,train,neutral
dia901_utt8,train,neutral
dia901_utt9,train,anger
dia901_utt10,train,fear
dia901_utt11,train,surprise
dia901_utt12,train,neutral
dia901_utt13,train,sadness
dia901_utt14,train,sadness
dia901_utt15,train,surprise
dia901_utt16,train,neutral
dia901_utt17,train,sadness
dia902_utt0,train,anger
dia902_utt1,train,surprise
dia902_utt2,train,joy
dia902_utt3,train,neutral
dia902_utt4,train,neutral
dia902_utt5,train,anger
dia902_utt6,train,neutral
dia902_utt7,train,neutral
dia902_utt8,train,neutral
dia902_utt9,train,joy
dia902_utt10,train,joy
dia902_utt11,train,joy
dia902_utt12,train,joy
dia902_utt13,train,joy
dia902_utt14,train,joy
dia902_utt15,train,anger
dia902_utt16,train,joy
dia903_utt0,train,neutral
dia903_utt1,train,joy
dia903_utt2,train,anger
dia904_utt0,train,neutral
dia904_utt1,train,neutral
dia904_utt2,train,sadness
dia904_utt3,train,sadness
dia904_utt4,train,disgust
dia904_utt5,train,joy
dia904_utt6,train,joy
dia904_utt7,train,anger
dia905_utt0,train,sadness
dia905_utt1,train,neutral
dia905_utt2,train,anger
dia905_utt3,train,disgust
dia905_utt4,train,joy
dia905_utt5,train,neutral
dia905_utt6,train,neutral
dia905_utt7,train,neutral
dia905_utt8,train,joy
dia905_utt9,train,anger
dia905_utt10,train,neutral
dia905_utt11,train,joy
dia905_utt12,train,joy
dia905_utt13,train,joy
dia905_utt14,train,joy
dia905_utt15,train,disgust
dia905_utt16,train,joy
dia906_utt0,train,neutral
dia906_utt1,train,neutral
dia906_utt2,train,neutral
dia906_utt3,train,neutral
dia906_utt4,train,surprise
dia906_utt5,train,surprise
dia907_utt0,train,neutral
dia907_utt1,train,anger
dia907_utt2,train,neutral
dia907_utt3,train,anger
dia907_utt4,train,anger
dia907_utt5,train,anger
dia907_utt6,train,surprise
dia907_utt7,train,anger
dia907_utt8,train,surprise
dia907_utt9,train,disgust
dia907_utt10,train,neutral
dia907_utt11,train,anger
dia907_utt12,train,fear
dia907_utt13,train,neutral
dia908_utt0,train,fear
dia908_utt1,train,neutral
dia908_utt2,train,surprise
dia908_utt3,train,neutral
dia908_utt4,train,surprise
dia908_utt5,train,neutral
dia908_utt6,train,surprise
dia908_utt7,train,anger
dia908_utt8,train,neutral
dia908_utt9,train,neutral
dia908_utt10,train,neutral
dia908_utt11,train,neutral
dia908_utt12,train,joy
dia908_utt13,train,anger
dia908_utt14,train,anger
dia908_utt15,train,anger
dia908_utt16,train,surprise
dia909_utt0,train,joy
dia909_utt1,train,neutral
dia909_utt2,train,neutral
dia909_utt3,train,neutral
dia909_utt4,train,neutral
dia909_utt5,train,neutral
dia909_utt6,train,neutral
dia909_utt7,train,neutral
dia909_utt8,train,neutral
dia910_utt0,train,neutral
dia910_utt1,train,neutral
dia910_utt2,train,joy
dia910_utt3,train,surprise
dia910_utt4,train,neutral
dia910_utt5,train,joy
dia910_utt6,train,joy
dia910_utt7,train,joy
dia910_utt8,train,joy
dia910_utt9,train,neutral
dia910_utt10,train,surprise
dia910_utt11,train,neutral
dia910_utt12,train,joy
dia910_utt13,train,joy
dia910_utt14,train,joy
dia911_utt0,train,joy
dia911_utt1,train,fear
dia911_utt2,train,surprise
dia911_utt3,train,neutral
dia911_utt4,train,neutral
dia911_utt5,train,disgust
dia912_utt0,train,surprise
dia912_utt1,train,surprise
dia912_utt2,train,surprise
dia912_utt3,train,anger
dia912_utt4,train,surprise
dia912_utt5,train,neutral
dia912_utt6,train,neutral
dia912_utt7,train,neutral
dia913_utt0,train,anger
dia913_utt1,train,neutral
dia913_utt2,train,anger
dia913_utt3,train,anger
dia913_utt4,train,neutral
dia913_utt5,train,neutral
dia913_utt6,train,neutral
dia913_utt7,train,neutral
dia913_utt8,train,joy
dia913_utt9,train,neutral
dia913_utt10,train,neutral
dia913_utt11,train,joy
dia913_utt12,train,joy
dia913_utt13,train,neutral
dia913_utt14,train,neutral
dia914_utt0,train,joy
dia914_utt1,train,neutral
dia914_utt2,train,neutral
dia915_utt0,train,neutral
dia915_utt1,train,neutral
dia915_utt2,train,neutral
dia915_utt3,train,fear
dia915_utt4,train,fear
dia915_utt5,train,neutral
dia915_utt6,train,neutral
dia915_utt7,train,fear
dia915_utt8,train,neutral
dia915_utt9,train,fear
dia916_utt0,train,joy
dia916_utt1,train,neutral
dia916_utt2,train,joy
dia916_utt3,train,joy
dia916_utt4,train,neutral
dia916_utt5,train,neutral
dia916_utt6,train,joy
dia916_utt7,train,neutral
dia916_utt8,train,surprise
dia916_utt9,train,neutral
dia916_utt10,train,joy
dia916_utt11,train,neutral
dia916_utt12,train,fear
dia916_utt13,train,sadness
dia917_utt0,train,neutral
dia917_utt1,train,joy
dia917_utt2,train,joy
dia917_utt3,train,anger
dia917_utt4,train,surprise
dia917_utt5,train,joy
dia918_utt0,train,neutral
dia918_utt1,train,neutral
dia918_utt2,train,neutral
dia918_utt3,train,neutral
dia918_utt4,train,surprise
dia918_utt5,train,anger
dia918_utt6,train,neutral
dia918_utt7,train,anger
dia918_utt8,train,sadness
dia918_utt9,train,anger
dia918_utt10,train,anger
dia918_utt11,train,sadness
dia918_utt12,train,neutral
dia919_utt0,train,surprise
dia919_utt1,train,neutral
dia920_utt0,train,sadness
dia920_utt1,train,surprise
dia920_utt2,train,neutral
dia920_utt3,train,surprise
dia920_utt4,train,neutral
dia921_utt0,train,surprise
dia921_utt1,train,fear
dia921_utt2,train,surprise
dia921_utt3,train,sadness
dia921_utt4,train,disgust
dia921_utt5,train,sadness
dia921_utt6,train,fear
dia921_utt7,train,sadness
dia921_utt8,train,sadness
dia921_utt9,train,sadness
dia921_utt10,train,anger
dia922_utt0,train,joy
dia922_utt1,train,neutral
dia922_utt2,train,neutral
dia922_utt3,train,sadness
dia922_utt4,train,neutral
dia922_utt5,train,surprise
dia922_utt6,train,neutral
dia922_utt7,train,neutral
dia922_utt8,train,neutral
dia923_utt0,train,neutral
dia923_utt1,train,sadness
dia923_utt2,train,fear
dia923_utt3,train,joy
dia923_utt4,train,sadness
dia923_utt5,train,disgust
dia923_utt6,train,surprise
dia923_utt7,train,neutral
dia923_utt8,train,joy
dia923_utt9,train,anger
dia923_utt10,train,anger
dia923_utt11,train,neutral
dia923_utt12,train,sadness
dia923_utt13,train,joy
dia924_utt0,train,joy
dia924_utt1,train,joy
dia924_utt2,train,neutral
dia924_utt3,train,neutral
dia924_utt4,train,neutral
dia924_utt5,train,sadness
dia924_utt6,train,sadness
dia925_utt0,train,neutral
dia925_utt1,train,neutral
dia925_utt2,train,neutral
dia925_utt3,train,neutral
dia925_utt4,train,neutral
dia925_utt5,train,joy
dia925_utt6,train,neutral
dia925_utt7,train,joy
dia925_utt8,train,neutral
dia926_utt0,train,neutral
dia926_utt1,train,sadness
dia926_utt2,train,sadness
dia926_utt3,train,neutral
dia926_utt4,train,anger
dia926_utt5,train,sadness
dia926_utt6,train,neutral
dia926_utt7,train,neutral
dia926_utt8,train,neutral
dia926_utt9,train,neutral
dia926_utt10,train,joy
dia926_utt11,train,neutral
dia926_utt12,train,neutral
dia926_utt13,train,joy
dia926_utt14,train,joy
dia926_utt15,train,neutral
dia926_utt16,train,neutral
dia926_utt17,train,surprise
dia927_utt0,train,neutral
dia927_utt1,train,neutral
dia927_utt2,train,surprise
dia927_utt3,train,neutral
dia927_utt4,train,surprise
dia928_utt0,train,disgust
dia928_utt1,train,neutral
dia928_utt2,train,neutral
dia928_utt3,train,joy
dia928_utt4,train,anger
dia928_utt5,train,neutral
dia929_utt0,train,joy
dia929_utt1,train,anger
dia929_utt2,train,neutral
dia929_utt3,train,neutral
dia929_utt4,train,neutral
dia929_utt5,train,neutral
dia930_utt0,train,joy
dia930_utt1,train,neutral
dia930_utt2,train,neutral
dia930_utt3,train,neutral
dia930_utt4,train,neutral
dia930_utt5,train,neutral
dia930_utt6,train,neutral
dia930_utt7,train,neutral
dia930_utt8,train,neutral
dia930_utt9,train,joy
dia930_utt10,train,neutral
dia930_utt11,train,neutral
dia930_utt12,train,neutral
dia930_utt13,train,anger
dia930_utt14,train,neutral
dia930_utt15,train,anger
dia931_utt0,train,joy
dia931_utt1,train,anger
dia931_utt2,train,disgust
dia932_utt0,train,joy
dia932_utt1,train,anger
dia932_utt2,train,joy
dia932_utt3,train,joy
dia932_utt4,train,anger
dia932_utt5,train,fear
dia932_utt6,train,anger
dia932_utt7,train,anger
dia932_utt8,train,anger
dia932_utt9,train,neutral
dia932_utt10,train,anger
dia932_utt11,train,neutral
dia932_utt12,train,joy
dia932_utt13,train,neutral
dia932_utt14,train,neutral
dia932_utt15,train,neutral
dia932_utt16,train,neutral
dia933_utt0,train,joy
dia933_utt1,train,joy
dia933_utt2,train,neutral
dia933_utt3,train,neutral
dia933_utt4,train,joy
dia933_utt5,train,neutral
dia933_utt6,train,neutral
dia933_utt7,train,neutral
dia933_utt8,train,neutral
dia933_utt9,train,neutral
dia933_utt10,train,surprise
dia933_utt11,train,anger
dia933_utt12,train,anger
dia933_utt13,train,neutral
dia933_utt14,train,anger
dia933_utt15,train,sadness
dia933_utt16,train,surprise
dia933_utt17,train,neutral
dia933_utt18,train,neutral
dia933_utt19,train,neutral
dia934_utt0,train,neutral
dia934_utt1,train,neutral
dia934_utt2,train,neutral
dia934_utt3,train,neutral
dia934_utt4,train,surprise
dia935_utt0,train,neutral
dia935_utt1,train,neutral
dia935_utt2,train,anger
dia935_utt3,train,neutral
dia935_utt4,train,sadness
dia935_utt5,train,neutral
dia935_utt6,train,neutral
dia935_utt7,train,sadness
dia935_utt8,train,anger
dia935_utt9,train,joy
dia935_utt10,train,joy
dia935_utt11,train,neutral
dia935_utt12,train,joy
dia935_utt13,train,neutral
dia936_utt0,train,neutral
dia936_utt1,train,surprise
dia936_utt2,train,neutral
dia936_utt3,train,surprise
dia936_utt4,train,neutral
dia936_utt5,train,neutral
dia936_utt6,train,fear
dia936_utt7,train,fear
dia936_utt8,train,sadness
dia936_utt9,train,neutral
dia936_utt10,train,sadness
dia936_utt11,train,sadness
dia936_utt12,train,sadness
dia936_utt13,train,surprise
dia936_utt14,train,sadness
dia936_utt15,train,sadness
dia936_utt16,train,anger
dia936_utt17,train,anger
dia936_utt18,train,sadness
dia936_utt19,train,sadness
dia936_utt20,train,anger
dia936_utt21,train,joy
dia937_utt0,train,neutral
dia937_utt1,train,neutral
dia937_utt2,train,neutral
dia937_utt3,train,neutral
dia937_utt4,train,neutral
dia937_utt5,train,neutral
dia937_utt6,train,neutral
dia938_utt0,train,neutral
dia938_utt1,train,sadness
dia938_utt2,train,sadness
dia938_utt3,train,joy
dia938_utt4,train,joy
dia938_utt5,train,neutral
dia938_utt6,train,neutral
dia938_utt7,train,surprise
dia938_utt8,train,surprise
dia938_utt9,train,neutral
dia939_utt0,train,anger
dia939_utt1,train,neutral
dia939_utt2,train,neutral
dia939_utt3,train,fear
dia939_utt4,train,surprise
dia939_utt5,train,joy
dia939_utt6,train,surprise
dia939_utt7,train,joy
dia939_utt8,train,sadness
dia939_utt9,train,sadness
dia939_utt10,train,neutral
dia939_utt11,train,sadness
dia939_utt12,train,surprise
dia939_utt13,train,surprise
dia939_utt14,train,joy
dia939_utt15,train,neutral
dia939_utt16,train,surprise
dia939_utt17,train,joy
dia939_utt18,train,neutral
dia939_utt19,train,neutral
dia939_utt20,train,neutral
dia940_utt0,train,sadness
dia940_utt1,train,neutral
dia940_utt2,train,joy
dia940_utt3,train,neutral
dia940_utt4,train,neutral
dia940_utt5,train,neutral
dia940_utt6,train,joy
dia940_utt7,train,neutral
dia940_utt8,train,neutral
dia941_utt0,train,neutral
dia941_utt1,train,neutral
dia941_utt2,train,surprise
dia941_utt3,train,neutral
dia941_utt4,train,neutral
dia941_utt5,train,neutral
dia941_utt6,train,neutral
dia941_utt7,train,neutral
dia941_utt8,train,neutral
dia941_utt9,train,neutral
dia941_utt10,train,neutral
dia941_utt11,train,neutral
dia941_utt12,train,neutral
dia941_utt13,train,joy
dia941_utt14,train,joy
dia942_utt0,train,neutral
dia942_utt1,train,surprise
dia942_utt2,train,neutral
dia942_utt3,train,surprise
dia942_utt4,train,neutral
dia942_utt5,train,surprise
dia942_utt6,train,neutral
dia942_utt7,train,neutral
dia942_utt8,train,neutral
dia943_utt0,train,neutral
dia943_utt1,train,anger
dia943_utt2,train,neutral
dia943_utt3,train,neutral
dia943_utt4,train,surprise
dia943_utt5,train,neutral
dia944_utt0,train,neutral
dia944_utt1,train,anger
dia945_utt0,train,disgust
dia945_utt1,train,sadness
dia945_utt2,train,sadness
dia945_utt3,train,joy
dia945_utt4,train,sadness
dia945_utt5,train,disgust
dia945_utt6,train,anger
dia945_utt7,train,fear
dia945_utt8,train,anger
dia945_utt9,train,neutral
dia945_utt10,train,joy
dia945_utt11,train,joy
dia945_utt12,train,neutral
dia945_utt13,train,joy
dia945_utt14,train,neutral
dia945_utt15,train,neutral
dia946_utt0,train,neutral
dia946_utt1,train,surprise
dia946_utt2,train,neutral
dia946_utt3,train,surprise
dia946_utt4,train,neutral
dia946_utt5,train,neutral
dia946_utt6,train,joy
dia946_utt7,train,anger
dia946_utt8,train,joy
dia946_utt9,train,anger
dia946_utt10,train,neutral
dia946_utt11,train,anger
dia946_utt12,train,joy
dia946_utt13,train,anger
dia946_utt14,train,joy
dia946_utt15,train,joy
dia946_utt16,train,surprise
dia947_utt0,train,neutral
dia947_utt1,train,surprise
dia947_utt2,train,neutral
dia947_utt3,train,joy
dia947_utt4,train,anger
dia947_utt5,train,joy
dia947_utt6,train,disgust
dia947_utt7,train,joy
dia947_utt8,train,neutral
dia947_utt9,train,neutral
dia947_utt10,train,neutral
dia947_utt11,train,neutral
dia947_utt12,train,neutral
dia947_utt13,train,neutral
dia947_utt14,train,neutral
dia947_utt15,train,joy
dia948_utt0,train,neutral
dia948_utt1,train,neutral
dia948_utt2,train,neutral
dia948_utt3,train,joy
dia948_utt4,train,surprise
dia948_utt5,train,joy
dia948_utt6,train,joy
dia948_utt7,train,joy
dia948_utt8,train,joy
dia948_utt9,train,joy
dia948_utt10,train,joy
dia948_utt11,train,neutral
dia948_utt12,train,neutral
dia948_utt13,train,neutral
dia948_utt14,train,neutral
dia948_utt15,train,neutral
dia949_utt0,train,sadness
dia949_utt1,train,neutral
dia949_utt2,train,joy
dia949_utt3,train,joy
dia949_utt4,train,neutral
dia949_utt5,train,neutral
dia949_utt6,train,sadness
dia949_utt7,train,neutral
dia949_utt8,train,neutral
dia949_utt9,train,neutral
dia949_utt10,train,joy
dia949_utt11,train,neutral
dia949_utt12,train,neutral
dia950_utt0,train,surprise
dia950_utt1,train,sadness
dia950_utt2,train,anger
dia950_utt3,train,disgust
dia950_utt4,train,sadness
dia950_utt5,train,anger
dia950_utt6,train,joy
dia950_utt7,train,sadness
dia950_utt8,train,joy
dia950_utt9,train,joy
dia950_utt10,train,joy
dia950_utt11,train,joy
dia950_utt12,train,joy
dia950_utt13,train,joy
dia950_utt14,train,joy
dia950_utt15,train,joy
dia950_utt16,train,neutral
dia950_utt17,train,neutral
dia951_utt0,train,anger
dia951_utt1,train,surprise
dia952_utt0,train,neutral
dia952_utt1,train,neutral
dia952_utt2,train,joy
dia952_utt3,train,neutral
dia952_utt4,train,neutral
dia952_utt5,train,disgust
dia952_utt6,train,neutral
dia953_utt0,train,neutral
dia953_utt1,train,neutral
dia953_utt2,train,neutral
dia953_utt3,train,neutral
dia953_utt4,train,surprise
dia953_utt5,train,neutral
dia953_utt6,train,anger
dia953_utt7,train,sadness
dia953_utt8,train,neutral
dia953_utt9,train,neutral
dia953_utt10,train,fear
dia953_utt11,train,sadness
dia953_utt12,train,anger
dia953_utt13,train,neutral
dia953_utt14,train,surprise
dia953_utt15,train,surprise
dia953_utt16,train,surprise
dia953_utt17,train,neutral
dia953_utt18,train,neutral
dia953_utt19,train,neutral
dia953_utt20,train,sadness
dia953_utt21,train,neutral
dia953_utt22,train,neutral
dia954_utt0,train,joy
dia954_utt1,train,neutral
dia954_utt2,train,neutral
dia954_utt3,train,neutral
dia954_utt4,train,sadness
dia954_utt5,train,surprise
dia955_utt0,train,surprise
dia955_utt1,train,anger
dia955_utt2,train,anger
dia955_utt3,train,anger
dia955_utt4,train,neutral
dia955_utt5,train,anger
dia955_utt6,train,anger
dia956_utt0,train,surprise
dia956_utt1,train,neutral
dia956_utt2,train,surprise
dia956_utt3,train,neutral
dia956_utt4,train,anger
dia956_utt5,train,neutral
dia956_utt6,train,neutral
dia956_utt7,train,neutral
dia956_utt8,train,neutral
dia956_utt9,train,neutral
dia956_utt10,train,neutral
dia956_utt11,train,neutral
dia956_utt12,train,neutral
dia956_utt13,train,neutral
dia956_utt14,train,neutral
dia956_utt15,train,surprise
dia956_utt16,train,neutral
dia957_utt0,train,sadness
dia957_utt1,train,sadness
dia958_utt0,train,sadness
dia959_utt0,train,neutral
dia959_utt1,train,sadness
dia959_utt2,train,neutral
dia959_utt3,train,neutral
dia959_utt4,train,joy
dia959_utt5,train,neutral
dia959_utt6,train,neutral
dia959_utt7,train,neutral
dia959_utt8,train,neutral
dia959_utt9,train,joy
dia960_utt0,train,anger
dia960_utt1,train,neutral
dia960_utt2,train,neutral
dia960_utt3,train,disgust
dia960_utt4,train,disgust
dia960_utt5,train,disgust
dia960_utt6,train,anger
dia960_utt7,train,surprise
dia960_utt8,train,neutral
dia960_utt9,train,anger
dia960_utt10,train,neutral
dia961_utt0,train,neutral
dia961_utt1,train,anger
dia961_utt2,train,neutral
dia961_utt3,train,anger
dia961_utt4,train,anger
dia961_utt5,train,surprise
dia961_utt6,train,sadness
dia961_utt7,train,neutral
dia961_utt8,train,sadness
dia961_utt9,train,surprise
dia961_utt10,train,sadness
dia961_utt11,train,neutral
dia961_utt12,train,neutral
dia961_utt13,train,neutral
dia961_utt14,train,surprise
dia962_utt0,train,joy
dia962_utt1,train,neutral
dia962_utt2,train,joy
dia962_utt3,train,joy
dia962_utt4,train,joy
dia962_utt5,train,neutral
dia963_utt0,train,anger
dia963_utt1,train,surprise
dia963_utt2,train,anger
dia963_utt3,train,anger
dia963_utt4,train,anger
dia963_utt5,train,neutral
dia963_utt6,train,anger
dia963_utt7,train,neutral
dia963_utt8,train,anger
dia963_utt9,train,disgust
dia964_utt0,train,neutral
dia964_utt1,train,joy
dia964_utt2,train,joy
dia964_utt3,train,neutral
dia964_utt4,train,surprise
dia964_utt5,train,neutral
dia964_utt6,train,surprise
dia964_utt7,train,sadness
dia964_utt8,train,sadness
dia964_utt9,train,anger
dia964_utt10,train,sadness
dia964_utt11,train,disgust
dia964_utt12,train,sadness
dia964_utt13,train,neutral
dia964_utt14,train,neutral
dia964_utt15,train,sadness
dia964_utt16,train,sadness
dia964_utt17,train,neutral
dia965_utt0,train,fear
dia965_utt1,train,neutral
dia965_utt2,train,joy
dia965_utt3,train,joy
dia965_utt4,train,neutral
dia965_utt5,train,neutral
dia965_utt6,train,surprise
dia966_utt0,train,joy
dia966_utt1,train,surprise
dia966_utt2,train,neutral
dia966_utt3,train,surprise
dia966_utt4,train,surprise
dia966_utt5,train,surprise
dia966_utt6,train,neutral
dia966_utt7,train,neutral
dia967_utt0,train,surprise
dia967_utt1,train,surprise
dia967_utt2,train,surprise
dia967_utt3,train,surprise
dia967_utt4,train,joy
dia967_utt5,train,neutral
dia967_utt6,train,joy
dia967_utt7,train,joy
dia967_utt8,train,surprise
dia967_utt9,train,surprise
dia968_utt0,train,neutral
dia968_utt1,train,surprise
dia968_utt2,train,sadness
dia968_utt3,train,surprise
dia968_utt4,train,surprise
dia968_utt5,train,neutral
dia968_utt6,train,neutral
dia968_utt7,train,joy
dia969_utt0,train,anger
dia969_utt1,train,neutral
dia969_utt2,train,neutral
dia969_utt3,train,joy
dia969_utt4,train,neutral
dia969_utt5,train,joy
dia969_utt6,train,neutral
dia970_utt0,train,neutral
dia971_utt0,train,neutral
dia971_utt1,train,sadness
dia971_utt2,train,anger
dia972_utt0,train,neutral
dia972_utt1,train,neutral
dia972_utt2,train,joy
dia972_utt3,train,neutral
dia972_utt4,train,neutral
dia972_utt5,train,neutral
dia972_utt6,train,joy
dia972_utt7,train,sadness
dia972_utt8,train,joy
dia972_utt9,train,joy
dia972_utt10,train,surprise
dia972_utt11,train,neutral
dia973_utt0,train,neutral
dia973_utt1,train,neutral
dia973_utt2,train,neutral
dia973_utt3,train,neutral
dia973_utt4,train,joy
dia973_utt5,train,anger
dia973_utt6,train,sadness
dia973_utt7,train,neutral
dia973_utt8,train,neutral
dia973_utt9,train,neutral
dia973_utt10,train,neutral
dia973_utt11,train,sadness
dia973_utt12,train,joy
dia973_utt13,train,sadness
dia973_utt14,train,neutral
dia973_utt15,train,neutral
dia973_utt16,train,joy
dia973_utt17,train,neutral
dia973_utt18,train,disgust
dia974_utt0,train,neutral
dia974_utt1,train,neutral
dia975_utt0,train,neutral
dia975_utt1,train,neutral
dia975_utt2,train,neutral
dia975_utt3,train,joy
dia975_utt4,train,neutral
dia975_utt5,train,neutral
dia975_utt6,train,neutral
dia976_utt0,train,joy
dia976_utt1,train,neutral
dia976_utt2,train,neutral
dia976_utt3,train,neutral
dia976_utt4,train,neutral
dia976_utt5,train,neutral
dia976_utt6,train,neutral
dia976_utt7,train,neutral
dia976_utt8,train,surprise
dia976_utt9,train,disgust
dia976_utt10,train,sadness
dia976_utt11,train,neutral
dia976_utt12,train,fear
dia977_utt0,train,sadness
dia977_utt1,train,neutral
dia977_utt2,train,surprise
dia977_utt3,train,anger
dia977_utt4,train,anger
dia977_utt5,train,joy
dia977_utt6,train,anger
dia977_utt7,train,neutral
dia977_utt8,train,neutral
dia977_utt9,train,neutral
dia977_utt10,train,sadness
dia977_utt11,train,surprise
dia977_utt12,train,surprise
dia977_utt13,train,joy
dia977_utt14,train,neutral
dia978_utt0,train,surprise
dia978_utt1,train,joy
dia978_utt2,train,neutral
dia978_utt3,train,joy
dia978_utt4,train,joy
dia978_utt5,train,neutral
dia978_utt6,train,surprise
dia978_utt7,train,neutral
dia978_utt8,train,surprise
dia978_utt9,train,neutral
dia978_utt10,train,joy
dia979_utt0,train,surprise
dia979_utt1,train,joy
dia979_utt2,train,joy
dia979_utt3,train,surprise
dia979_utt4,train,joy
dia979_utt5,train,neutral
dia979_utt6,train,neutral
dia980_utt0,train,neutral
dia980_utt1,train,neutral
dia980_utt2,train,neutral
dia980_utt3,train,sadness
dia980_utt4,train,disgust
dia980_utt5,train,anger
dia980_utt6,train,neutral
dia980_utt7,train,neutral
dia980_utt8,train,neutral
dia980_utt9,train,neutral
dia980_utt10,train,fear
dia980_utt11,train,sadness
dia981_utt0,train,neutral
dia981_utt1,train,sadness
dia981_utt2,train,surprise
dia981_utt3,train,sadness
dia981_utt4,train,surprise
dia982_utt0,train,neutral
dia982_utt1,train,neutral
dia982_utt2,train,neutral
dia982_utt3,train,joy
dia982_utt4,train,surprise
dia982_utt5,train,neutral
dia982_utt6,train,neutral
dia982_utt7,train,surprise
dia982_utt8,train,neutral
dia982_utt9,train,surprise
dia982_utt10,train,joy
dia983_utt0,train,surprise
dia983_utt1,train,neutral
dia983_utt2,train,anger
dia983_utt3,train,sadness
dia983_utt4,train,sadness
dia983_utt5,train,anger
dia983_utt6,train,sadness
dia983_utt7,train,anger
dia984_utt0,train,joy
dia984_utt1,train,neutral
dia984_utt2,train,neutral
dia984_utt3,train,neutral
dia984_utt4,train,neutral
dia984_utt5,train,joy
dia985_utt0,train,sadness
dia985_utt1,train,neutral
dia985_utt2,train,surprise
dia985_utt3,train,sadness
dia985_utt4,train,anger
dia986_utt0,train,surprise
dia986_utt1,train,surprise
dia986_utt2,train,joy
dia986_utt3,train,surprise
dia986_utt4,train,joy
dia986_utt5,train,neutral
dia986_utt6,train,neutral
dia986_utt7,train,neutral
dia986_utt8,train,neutral
dia986_utt9,train,neutral
dia986_utt10,train,neutral
dia986_utt11,train,neutral
dia986_utt12,train,surprise
dia986_utt13,train,neutral
dia986_utt14,train,neutral
dia986_utt15,train,neutral
dia986_utt16,train,joy
dia987_utt0,train,neutral
dia988_utt0,train,neutral
dia988_utt1,train,surprise
dia988_utt2,train,surprise
dia988_utt3,train,sadness
dia988_utt4,train,sadness
dia988_utt5,train,neutral
dia988_utt6,train,sadness
dia988_utt7,train,neutral
dia989_utt0,train,surprise
dia989_utt1,train,neutral
dia989_utt2,train,sadness
dia989_utt3,train,fear
dia989_utt4,train,fear
dia989_utt5,train,neutral
dia989_utt6,train,neutral
dia989_utt7,train,neutral
dia989_utt8,train,fear
dia989_utt9,train,surprise
dia989_utt10,train,fear
dia989_utt11,train,fear
dia990_utt0,train,neutral
dia990_utt1,train,neutral
dia990_utt2,train,neutral
dia990_utt3,train,neutral
dia990_utt4,train,neutral
dia990_utt5,train,neutral
dia990_utt6,train,sadness
dia990_utt7,train,neutral
dia990_utt8,train,neutral
dia990_utt9,train,neutral
dia990_utt10,train,neutral
dia990_utt11,train,neutral
dia990_utt12,train,neutral
dia990_utt13,train,neutral
dia990_utt14,train,neutral
dia990_utt15,train,neutral
dia990_utt16,train,joy
dia990_utt17,train,neutral
dia990_utt18,train,neutral
dia990_utt19,train,anger
dia991_utt0,train,neutral
dia991_utt1,train,neutral
dia991_utt2,train,neutral
dia991_utt3,train,neutral
dia991_utt4,train,neutral
dia991_utt5,train,neutral
dia991_utt6,train,neutral
dia991_utt7,train,surprise
dia991_utt8,train,surprise
dia991_utt9,train,neutral
dia991_utt10,train,neutral
dia991_utt11,train,joy
dia991_utt12,train,neutral
dia991_utt13,train,joy
dia991_utt14,train,joy
dia992_utt0,train,neutral
dia992_utt1,train,neutral
dia992_utt2,train,neutral
dia992_utt3,train,joy
dia992_utt4,train,neutral
dia992_utt5,train,neutral
dia992_utt6,train,neutral
dia992_utt7,train,neutral
dia992_utt8,train,disgust
dia992_utt9,train,disgust
dia992_utt10,train,sadness
dia992_utt11,train,neutral
dia992_utt12,train,neutral
dia992_utt13,train,neutral
dia992_utt14,train,disgust
dia992_utt15,train,sadness
dia993_utt0,train,joy
dia993_utt1,train,joy
dia993_utt2,train,neutral
dia993_utt3,train,neutral
dia994_utt0,train,fear
dia994_utt1,train,neutral
dia994_utt2,train,sadness
dia994_utt3,train,anger
dia994_utt4,train,neutral
dia994_utt5,train,neutral
dia994_utt6,train,anger
dia995_utt0,train,anger
dia995_utt1,train,neutral
dia996_utt0,train,surprise
dia996_utt1,train,neutral
dia996_utt2,train,joy
dia996_utt3,train,anger
dia996_utt4,train,anger
dia996_utt5,train,neutral
dia996_utt6,train,sadness
dia996_utt7,train,anger
dia996_utt8,train,anger
dia996_utt9,train,anger
dia996_utt10,train,anger
dia996_utt11,train,anger
dia996_utt12,train,neutral
dia996_utt13,train,anger
dia996_utt14,train,neutral
dia996_utt15,train,anger
dia996_utt16,train,anger
dia996_utt17,train,anger
dia996_utt18,train,anger
dia996_utt19,train,anger
dia996_utt20,train,sadness
dia997_utt0,train,neutral
dia997_utt1,train,neutral
dia997_utt2,train,joy
dia997_utt3,train,anger
dia997_utt4,train,neutral
dia997_utt5,train,surprise
dia997_utt6,train,neutral
dia997_utt7,train,fear
dia997_utt8,train,surprise
dia997_utt9,train,anger
dia998_utt0,train,surprise
dia998_utt1,train,neutral
dia998_utt2,train,surprise
dia999_utt0,train,neutral
dia999_utt1,train,neutral
dia999_utt2,train,neutral
dia999_utt3,train,surprise
dia999_utt4,train,neutral
dia1000_utt0,train,disgust
dia1000_utt1,train,disgust
dia1000_utt2,train,anger
dia1000_utt3,train,neutral
dia1001_utt0,train,neutral
dia1001_utt1,train,neutral
dia1001_utt2,train,neutral
dia1001_utt3,train,joy
dia1001_utt4,train,sadness
dia1001_utt5,train,joy
dia1001_utt6,train,joy
dia1001_utt7,train,joy
dia1001_utt8,train,neutral
dia1001_utt9,train,neutral
dia1001_utt10,train,joy
dia1001_utt11,train,neutral
dia1002_utt0,train,neutral
dia1002_utt1,train,joy
dia1002_utt2,train,joy
dia1002_utt3,train,neutral
dia1002_utt4,train,joy
dia1002_utt5,train,joy
dia1003_utt0,train,neutral
dia1003_utt1,train,neutral
dia1003_utt2,train,neutral
dia1003_utt3,train,neutral
dia1003_utt4,train,neutral
dia1003_utt5,train,neutral
dia1003_utt6,train,joy
dia1003_utt7,train,surprise
dia1004_utt0,train,neutral
dia1004_utt1,train,joy
dia1004_utt2,train,neutral
dia1005_utt0,train,neutral
dia1005_utt1,train,joy
dia1005_utt2,train,joy
dia1005_utt3,train,neutral
dia1005_utt4,train,neutral
dia1005_utt5,train,neutral
dia1005_utt6,train,disgust
dia1005_utt7,train,neutral
dia1005_utt8,train,neutral
dia1005_utt9,train,neutral
dia1005_utt10,train,joy
dia1005_utt11,train,anger
dia1005_utt12,train,neutral
dia1005_utt13,train,disgust
dia1005_utt14,train,anger
dia1005_utt15,train,neutral
dia1005_utt16,train,anger
dia1005_utt17,train,neutral
dia1005_utt18,train,joy
dia1005_utt19,train,neutral
dia1005_utt20,train,anger
dia1005_utt21,train,disgust
dia1006_utt0,train,sadness
dia1006_utt1,train,joy
dia1006_utt2,train,sadness
dia1006_utt3,train,neutral
dia1006_utt4,train,neutral
dia1006_utt5,train,neutral
dia1007_utt0,train,neutral
dia1007_utt1,train,sadness
dia1007_utt2,train,sadness
dia1007_utt3,train,anger
dia1007_utt4,train,joy
dia1007_utt5,train,sadness
dia1007_utt6,train,sadness
dia1007_utt7,train,sadness
dia1007_utt8,train,sadness
dia1007_utt9,train,neutral
dia1007_utt10,train,anger
dia1007_utt11,train,anger
dia1007_utt12,train,sadness
dia1007_utt13,train,sadness
dia1007_utt14,train,sadness
dia1007_utt15,train,neutral
dia1008_utt0,train,surprise
dia1008_utt1,train,surprise
dia1008_utt2,train,joy
dia1008_utt3,train,neutral
dia1008_utt4,train,neutral
dia1008_utt5,train,neutral
dia1008_utt6,train,neutral
dia1008_utt7,train,neutral
dia1008_utt8,train,surprise
dia1008_utt9,train,neutral
dia1009_utt0,train,sadness
dia1009_utt1,train,neutral
dia1009_utt2,train,joy
dia1009_utt3,train,neutral
dia1009_utt4,train,neutral
dia1009_utt5,train,neutral
dia1009_utt6,train,joy
dia1009_utt7,train,sadness
dia1009_utt8,train,surprise
dia1009_utt9,train,surprise
dia1009_utt10,train,joy
dia1009_utt11,train,joy
dia1009_utt12,train,surprise
dia1009_utt13,train,surprise
dia1009_utt14,train,neutral
dia1009_utt15,train,neutral
dia1009_utt16,train,joy
dia1009_utt17,train,joy
dia1009_utt18,train,sadness
dia1010_utt0,train,neutral
dia1010_utt1,train,neutral
dia1010_utt2,train,joy
dia1010_utt3,train,disgust
dia1010_utt4,train,disgust
dia1010_utt5,train,sadness
dia1010_utt6,train,neutral
dia1010_utt7,train,joy
dia1010_utt8,train,neutral
dia1010_utt9,train,disgust
dia1010_utt10,train,neutral
dia1010_utt11,train,joy
dia1011_utt0,train,surprise
dia1011_utt1,train,neutral
dia1011_utt2,train,joy
dia1011_utt3,train,neutral
dia1011_utt4,train,neutral
dia1011_utt5,train,anger
dia1011_utt6,train,neutral
dia1011_utt7,train,neutral
dia1011_utt8,train,neutral
dia1011_utt9,train,neutral
dia1011_utt10,train,neutral
dia1011_utt11,train,anger
dia1011_utt12,train,neutral
dia1012_utt0,train,neutral
dia1012_utt1,train,surprise
dia1012_utt2,train,joy
dia1012_utt3,train,joy
dia1012_utt4,train,joy
dia1012_utt5,train,anger
dia1012_utt6,train,anger
dia1012_utt7,train,surprise
dia1012_utt8,train,surprise
dia1012_utt9,train,anger
dia1012_utt10,train,anger
dia1012_utt11,train,joy
dia1013_utt0,train,neutral
dia1013_utt1,train,anger
dia1013_utt2,train,neutral
dia1013_utt3,train,anger
dia1014_utt0,train,neutral
dia1014_utt1,train,neutral
dia1014_utt2,train,neutral
dia1014_utt3,train,surprise
dia1014_utt4,train,neutral
dia1015_utt0,train,neutral
dia1015_utt1,train,neutral
dia1015_utt2,train,joy
dia1015_utt3,train,neutral
dia1015_utt4,train,neutral
dia1015_utt5,train,neutral
dia1015_utt6,train,joy
dia1015_utt7,train,neutral
dia1015_utt8,train,neutral
dia1015_utt9,train,neutral
dia1016_utt0,train,anger
dia1016_utt1,train,anger
dia1016_utt2,train,anger
dia1016_utt3,train,anger
dia1016_utt4,train,joy
dia1016_utt5,train,surprise
dia1016_utt6,train,neutral
dia1016_utt7,train,joy
dia1016_utt8,train,surprise
dia1016_utt9,train,disgust
dia1016_utt10,train,joy
dia1016_utt11,train,fear
dia1016_utt12,train,joy
dia1016_utt13,train,neutral
dia1016_utt14,train,anger
dia1016_utt15,train,neutral
dia1016_utt16,train,anger
dia1016_utt17,train,neutral
dia1016_utt18,train,anger
dia1016_utt19,train,anger
dia1016_utt20,train,neutral
dia1016_utt21,train,neutral
dia1017_utt0,train,sadness
dia1017_utt1,train,sadness
dia1017_utt2,train,sadness
dia1017_utt3,train,anger
dia1017_utt4,train,anger
dia1017_utt5,train,anger
dia1017_utt6,train,neutral
dia1017_utt7,train,anger
dia1017_utt8,train,anger
dia1017_utt9,train,anger
dia1017_utt10,train,joy
dia1017_utt11,train,joy
dia1017_utt12,train,neutral
dia1017_utt13,train,joy
dia1018_utt0,train,joy
dia1018_utt1,train,fear
dia1018_utt2,train,neutral
dia1018_utt3,train,sadness
dia1018_utt4,train,anger
dia1018_utt5,train,neutral
dia1018_utt6,train,anger
dia1018_utt7,train,fear
dia1018_utt8,train,anger
dia1018_utt9,train,neutral
dia1018_utt10,train,anger
dia1018_utt11,train,anger
dia1018_utt12,train,surprise
dia1018_utt13,train,anger
dia1018_utt14,train,anger
dia1018_utt15,train,anger
dia1018_utt16,train,surprise
dia1019_utt0,train,neutral
dia1019_utt1,train,neutral
dia1019_utt2,train,neutral
dia1019_utt3,train,neutral
dia1019_utt4,train,neutral
dia1019_utt5,train,surprise
dia1019_utt6,train,neutral
dia1019_utt7,train,sadness
dia1019_utt8,train,neutral
dia1019_utt9,train,surprise
dia1019_utt10,train,anger
dia1019_utt11,train,neutral
dia1019_utt12,train,neutral
dia1019_utt13,train,neutral
dia1019_utt14,train,neutral
dia1019_utt15,train,neutral
dia1019_utt16,train,neutral
dia1020_utt0,train,neutral
dia1020_utt1,train,joy
dia1020_utt2,train,surprise
dia1020_utt3,train,neutral
dia1020_utt4,train,neutral
dia1020_utt5,train,surprise
dia1020_utt6,train,neutral
dia1021_utt0,train,neutral
dia1021_utt1,train,neutral
dia1021_utt2,train,neutral
dia1021_utt3,train,disgust
dia1021_utt4,train,sadness
dia1021_utt5,train,disgust
dia1021_utt6,train,neutral
dia1022_utt0,train,neutral
dia1022_utt1,train,neutral
dia1022_utt2,train,neutral
dia1022_utt3,train,joy
dia1022_utt4,train,neutral
dia1022_utt5,train,joy
dia1022_utt6,train,surprise
dia1022_utt7,train,neutral
dia1022_utt8,train,anger
dia1022_utt9,train,joy
dia1022_utt10,train,anger
dia1022_utt11,train,surprise
dia1022_utt12,train,anger
dia1022_utt15,train,neutral
dia1022_utt16,train,anger
dia1022_utt17,train,joy
dia1023_utt0,train,joy
dia1023_utt1,train,neutral
dia1023_utt2,train,neutral
dia1023_utt3,train,surprise
dia1023_utt4,train,sadness
dia1023_utt5,train,neutral
dia1023_utt6,train,anger
dia1023_utt7,train,surprise
dia1024_utt0,train,joy
dia1024_utt1,train,joy
dia1024_utt2,train,neutral
dia1024_utt3,train,neutral
dia1024_utt4,train,joy
dia1024_utt5,train,neutral
dia1024_utt6,train,neutral
dia1024_utt7,train,neutral
dia1024_utt8,train,neutral
dia1024_utt9,train,neutral
dia1024_utt10,train,neutral
dia1024_utt11,train,joy
dia1024_utt12,train,neutral
dia1024_utt13,train,joy
dia1024_utt14,train,neutral
dia1024_utt15,train,sadness
dia1025_utt0,train,disgust
dia1025_utt1,train,disgust
dia1025_utt2,train,anger
dia1025_utt3,train,sadness
dia1025_utt4,train,surprise
dia1025_utt5,train,anger
dia1025_utt6,train,neutral
dia1025_utt7,train,anger
dia1025_utt8,train,anger
dia1025_utt9,train,anger
dia1025_utt10,train,anger
dia1025_utt11,train,fear
dia1025_utt12,train,neutral
dia1025_utt13,train,joy
dia1025_utt14,train,anger
dia1025_utt15,train,anger
dia1025_utt16,train,neutral
dia1025_utt17,train,neutral
dia1026_utt0,train,joy
dia1026_utt1,train,joy
dia1026_utt2,train,joy
dia1026_utt3,train,neutral
dia1026_utt4,train,surprise
dia1026_utt5,train,surprise
dia1026_utt6,train,surprise
dia1026_utt7,train,joy
dia1026_utt8,train,joy
dia1026_utt9,train,surprise
dia1026_utt10,train,joy
dia1026_utt11,train,anger
dia1026_utt12,train,sadness
dia1026_utt13,train,anger
dia1026_utt14,train,surprise
dia1026_utt15,train,anger
dia1027_utt0,train,neutral
dia1027_utt1,train,sadness
dia1027_utt2,train,sadness
dia1027_utt3,train,sadness
dia1027_utt4,train,joy
dia1027_utt5,train,anger
dia1027_utt6,train,disgust
dia1028_utt0,train,neutral
dia1028_utt1,train,neutral
dia1028_utt2,train,neutral
dia1028_utt3,train,neutral
dia1028_utt4,train,neutral
dia1028_utt5,train,joy
dia1029_utt0,train,surprise
dia1029_utt1,train,neutral
dia1029_utt2,train,joy
dia1029_utt3,train,surprise
dia1029_utt4,train,joy
dia1029_utt5,train,surprise
dia1029_utt6,train,joy
dia1029_utt7,train,joy
dia1029_utt8,train,neutral
dia1029_utt9,train,neutral
dia1029_utt10,train,neutral
dia1029_utt11,train,neutral
dia1029_utt12,train,neutral
dia1029_utt13,train,neutral
dia1029_utt14,train,joy
dia1030_utt0,train,neutral
dia1030_utt1,train,sadness
dia1030_utt2,train,surprise
dia1030_utt3,train,sadness
dia1030_utt4,train,sadness
dia1030_utt5,train,neutral
dia1031_utt0,train,neutral
dia1031_utt1,train,neutral
dia1031_utt2,train,joy
dia1031_utt3,train,joy
dia1032_utt0,train,neutral
dia1032_utt1,train,neutral
dia1032_utt2,train,neutral
dia1032_utt3,train,neutral
dia1032_utt4,train,neutral
dia1032_utt5,train,neutral
dia1032_utt6,train,neutral
dia1032_utt7,train,joy
dia1032_utt8,train,surprise
dia1032_utt9,train,neutral
dia1032_utt10,train,neutral
dia1032_utt11,train,neutral
dia1033_utt0,train,neutral
dia1033_utt1,train,neutral
dia1033_utt2,train,joy
dia1033_utt3,train,surprise
dia1034_utt0,train,neutral
dia1034_utt1,train,joy
dia1034_utt2,train,surprise
dia1035_utt0,train,anger
dia1035_utt1,train,neutral
dia1035_utt2,train,anger
dia1035_utt3,train,neutral
dia1035_utt4,train,neutral
dia1035_utt5,train,anger
dia1035_utt6,train,joy
dia1036_utt0,train,joy
dia1036_utt1,train,sadness
dia1036_utt2,train,surprise
dia1036_utt3,train,sadness
dia1036_utt4,train,surprise
dia1036_utt5,train,neutral
dia1036_utt6,train,surprise
dia1036_utt7,train,neutral
dia1036_utt8,train,sadness
dia1036_utt9,train,neutral
dia1036_utt10,train,anger
dia1036_utt11,train,neutral
dia1036_utt12,train,neutral
dia1036_utt13,train,neutral
dia1036_utt14,train,neutral
dia1036_utt15,train,anger
dia1036_utt16,train,neutral
dia1036_utt17,train,neutral
dia1036_utt18,train,neutral
dia1036_utt19,train,neutral
dia1036_utt20,train,sadness
dia1037_utt0,train,neutral
dia1037_utt1,train,neutral
dia1037_utt2,train,neutral
dia1038_utt0,train,neutral
dia1038_utt1,train,joy
dia1038_utt2,train,neutral
dia1038_utt3,train,neutral
dia1038_utt4,train,surprise
dia1038_utt5,train,disgust
dia1038_utt6,train,neutral
dia1038_utt7,train,disgust
dia1038_utt8,train,surprise
dia1038_utt9,train,neutral
dia1038_utt10,train,neutral
dia1038_utt11,train,disgust
dia1038_utt12,train,disgust
dia1038_utt13,train,neutral
dia1038_utt14,train,neutral
dia1038_utt15,train,surprise
dia1038_utt16,train,neutral
dia1038_utt17,train,joy
dia0_utt0,dev,sadness
dia0_utt1,dev,surprise
dia1_utt0,dev,neutral
dia1_utt1,dev,joy
dia1_utt2,dev,sadness
dia1_utt3,dev,neutral
dia1_utt4,dev,neutral
dia1_utt5,dev,joy
dia1_utt6,dev,neutral
dia1_utt7,dev,surprise
dia1_utt8,dev,neutral
dia1_utt9,dev,neutral
dia1_utt10,dev,surprise
dia1_utt11,dev,anger
dia1_utt12,dev,neutral
dia1_utt13,dev,joy
dia1_utt14,dev,neutral
dia1_utt15,dev,neutral
dia2_utt0,dev,neutral
dia2_utt1,dev,surprise
dia2_utt2,dev,surprise
dia2_utt3,dev,surprise
dia2_utt4,dev,joy
dia2_utt5,dev,neutral
dia3_utt0,dev,neutral
dia3_utt1,dev,joy
dia3_utt2,dev,surprise
dia4_utt0,dev,neutral
dia4_utt1,dev,neutral
dia4_utt2,dev,surprise
dia4_utt3,dev,neutral
dia4_utt4,dev,neutral
dia4_utt5,dev,neutral
dia4_utt6,dev,anger
dia4_utt7,dev,neutral
dia4_utt8,dev,neutral
dia4_utt9,dev,surprise
dia4_utt10,dev,neutral
dia4_utt11,dev,surprise
dia4_utt12,dev,surprise
dia4_utt13,dev,surprise
dia4_utt14,dev,neutral
dia5_utt0,dev,anger
dia5_utt1,dev,surprise
dia5_utt2,dev,anger
dia5_utt3,dev,anger
dia5_utt4,dev,anger
dia5_utt5,dev,anger
dia5_utt6,dev,anger
dia5_utt7,dev,anger
dia5_utt8,dev,anger
dia5_utt9,dev,anger
dia5_utt10,dev,anger
dia5_utt11,dev,anger
dia5_utt12,dev,anger
dia6_utt0,dev,joy
dia6_utt1,dev,neutral
dia6_utt2,dev,neutral
dia6_utt3,dev,neutral
dia6_utt4,dev,surprise
dia6_utt5,dev,sadness
dia6_utt6,dev,neutral
dia6_utt7,dev,neutral
dia6_utt8,dev,surprise
dia6_utt9,dev,surprise
dia7_utt0,dev,joy
dia7_utt1,dev,joy
dia7_utt2,dev,neutral
dia7_utt3,dev,neutral
dia7_utt4,dev,surprise
dia7_utt5,dev,joy
dia7_utt6,dev,surprise
dia7_utt7,dev,anger
dia7_utt8,dev,disgust
dia7_utt9,dev,joy
dia7_utt10,dev,joy
dia8_utt0,dev,neutral
dia8_utt1,dev,neutral
dia8_utt2,dev,neutral
dia8_utt3,dev,neutral
dia8_utt4,dev,neutral
dia8_utt5,dev,neutral
dia8_utt6,dev,neutral
dia8_utt7,dev,joy
dia8_utt8,dev,neutral
dia8_utt9,dev,neutral
dia8_utt10,dev,neutral
dia8_utt11,dev,neutral
dia8_utt12,dev,neutral
dia8_utt13,dev,neutral
dia8_utt14,dev,joy
dia9_utt0,dev,neutral
dia9_utt1,dev,sadness
dia9_utt2,dev,neutral
dia9_utt3,dev,joy
dia9_utt4,dev,neutral
dia9_utt5,dev,neutral
dia9_utt6,dev,neutral
dia9_utt7,dev,neutral
dia10_utt0,dev,neutral
dia10_utt1,dev,neutral
dia10_utt2,dev,fear
dia10_utt3,dev,joy
dia10_utt4,dev,anger
dia10_utt5,dev,anger
dia10_utt6,dev,anger
dia10_utt7,dev,anger
dia10_utt8,dev,neutral
dia10_utt9,dev,neutral
dia11_utt0,dev,neutral
dia11_utt1,dev,neutral
dia11_utt2,dev,neutral
dia11_utt3,dev,surprise
dia11_utt4,dev,anger
dia11_utt5,dev,fear
dia11_utt6,dev,neutral
dia11_utt7,dev,fear
dia11_utt8,dev,anger
dia11_utt9,dev,neutral
dia11_utt10,dev,anger
dia11_utt11,dev,neutral
dia11_utt12,dev,anger
dia12_utt0,dev,neutral
dia12_utt1,dev,neutral
dia12_utt2,dev,neutral
dia12_utt3,dev,surprise
dia12_utt4,dev,sadness
dia13_utt0,dev,neutral
dia13_utt1,dev,anger
dia13_utt2,dev,joy
dia13_utt3,dev,joy
dia13_utt4,dev,joy
dia13_utt5,dev,surprise
dia13_utt6,dev,surprise
dia13_utt7,dev,surprise
dia13_utt8,dev,joy
dia13_utt9,dev,joy
dia13_utt10,dev,surprise
dia13_utt11,dev,surprise
dia13_utt12,dev,surprise
dia13_utt13,dev,surprise
dia13_utt14,dev,surprise
dia13_utt15,dev,surprise
dia13_utt16,dev,joy
dia13_utt17,dev,neutral
dia13_utt18,dev,joy
dia13_utt19,dev,surprise
dia13_utt20,dev,joy
dia13_utt21,dev,joy
dia14_utt0,dev,joy
dia14_utt1,dev,neutral
dia14_utt2,dev,neutral
dia14_utt3,dev,neutral
dia14_utt4,dev,anger
dia14_utt5,dev,sadness
dia14_utt6,dev,sadness
dia14_utt7,dev,sadness
dia14_utt8,dev,anger
dia15_utt0,dev,joy
dia15_utt1,dev,joy
dia15_utt2,dev,surprise
dia15_utt3,dev,neutral
dia15_utt4,dev,surprise
dia15_utt5,dev,neutral
dia15_utt6,dev,fear
dia15_utt7,dev,disgust
dia15_utt8,dev,fear
dia15_utt9,dev,fear
dia16_utt0,dev,neutral
dia16_utt1,dev,sadness
dia16_utt2,dev,surprise
dia16_utt3,dev,joy
dia16_utt4,dev,anger
dia16_utt5,dev,neutral
dia16_utt6,dev,anger
dia16_utt7,dev,anger
dia16_utt8,dev,neutral
dia16_utt9,dev,disgust
dia16_utt10,dev,sadness
dia16_utt11,dev,anger
dia16_utt12,dev,anger
dia16_utt13,dev,neutral
dia16_utt14,dev,sadness
dia16_utt15,dev,neutral
dia16_utt16,dev,anger
dia16_utt17,dev,anger
dia16_utt18,dev,sadness
dia17_utt0,dev,anger
dia17_utt1,dev,anger
dia17_utt2,dev,anger
dia17_utt3,dev,anger
dia17_utt4,dev,anger
dia18_utt0,dev,neutral
dia18_utt1,dev,neutral
dia18_utt2,dev,neutral
dia18_utt3,dev,neutral
dia18_utt4,dev,fear
dia18_utt5,dev,fear
dia18_utt6,dev,fear
dia18_utt7,dev,fear
dia18_utt8,dev,fear
dia18_utt9,dev,neutral
dia18_utt10,dev,anger
dia18_utt11,dev,neutral
dia18_utt12,dev,surprise
dia18_utt13,dev,anger
dia19_utt0,dev,neutral
dia19_utt1,dev,anger
dia19_utt2,dev,anger
dia19_utt3,dev,anger
dia19_utt4,dev,anger
dia19_utt5,dev,anger
dia19_utt6,dev,anger
dia19_utt7,dev,anger
dia19_utt8,dev,neutral
dia19_utt9,dev,anger
dia19_utt10,dev,sadness
dia19_utt11,dev,neutral
dia19_utt12,dev,neutral
dia19_utt13,dev,anger
dia19_utt14,dev,sadness
dia19_utt15,dev,neutral
dia19_utt16,dev,joy
dia19_utt17,dev,neutral
dia19_utt18,dev,sadness
dia19_utt19,dev,joy
dia19_utt20,dev,sadness
dia19_utt21,dev,joy
dia19_utt22,dev,sadness
dia20_utt0,dev,neutral
dia20_utt1,dev,neutral
dia20_utt2,dev,joy
dia20_utt3,dev,neutral
dia20_utt4,dev,disgust
dia20_utt5,dev,disgust
dia20_utt6,dev,disgust
dia20_utt7,dev,surprise
dia21_utt0,dev,neutral
dia21_utt1,dev,neutral
dia21_utt2,dev,neutral
dia21_utt3,dev,neutral
dia21_utt4,dev,neutral
dia21_utt5,dev,neutral
dia21_utt6,dev,surprise
dia22_utt0,dev,neutral
dia22_utt1,dev,neutral
dia22_utt2,dev,neutral
dia22_utt3,dev,surprise
dia22_utt4,dev,neutral
dia22_utt5,dev,neutral
dia22_utt6,dev,anger
dia22_utt7,dev,neutral
dia22_utt8,dev,neutral
dia22_utt9,dev,neutral
dia22_utt10,dev,neutral
dia22_utt11,dev,surprise
dia22_utt12,dev,surprise
dia22_utt13,dev,surprise
dia23_utt0,dev,neutral
dia23_utt1,dev,sadness
dia23_utt2,dev,sadness
dia23_utt3,dev,surprise
dia23_utt4,dev,sadness
dia23_utt5,dev,surprise
dia23_utt6,dev,disgust
dia23_utt7,dev,sadness
dia23_utt8,dev,neutral
dia23_utt9,dev,surprise
dia23_utt10,dev,sadness
dia23_utt11,dev,sadness
dia23_utt12,dev,sadness
dia23_utt13,dev,sadness
dia24_utt0,dev,neutral
dia24_utt1,dev,neutral
dia24_utt2,dev,sadness
dia24_utt3,dev,neutral
dia24_utt4,dev,joy
dia24_utt5,dev,neutral
dia24_utt6,dev,neutral
dia24_utt7,dev,anger
dia24_utt8,dev,surprise
dia25_utt0,dev,anger
dia25_utt1,dev,surprise
dia25_utt2,dev,anger
dia25_utt3,dev,anger
dia25_utt4,dev,sadness
dia25_utt5,dev,anger
dia26_utt0,dev,neutral
dia26_utt1,dev,surprise
dia26_utt2,dev,surprise
dia26_utt3,dev,neutral
dia26_utt4,dev,neutral
dia26_utt5,dev,neutral
dia26_utt6,dev,surprise
dia26_utt7,dev,sadness
dia26_utt8,dev,anger
dia26_utt9,dev,sadness
dia26_utt10,dev,sadness
dia26_utt11,dev,sadness
dia26_utt12,dev,anger
dia26_utt13,dev,anger
dia26_utt14,dev,anger
dia26_utt15,dev,anger
dia26_utt16,dev,sadness
dia27_utt0,dev,surprise
dia27_utt1,dev,neutral
dia27_utt2,dev,surprise
dia27_utt3,dev,sadness
dia27_utt4,dev,neutral
dia27_utt5,dev,surprise
dia27_utt6,dev,anger
dia27_utt7,dev,neutral
dia27_utt8,dev,surprise
dia27_utt9,dev,surprise
dia28_utt0,dev,neutral
dia28_utt1,dev,sadness
dia28_utt2,dev,joy
dia28_utt3,dev,neutral
dia28_utt4,dev,neutral
dia28_utt5,dev,sadness
dia28_utt6,dev,sadness
dia28_utt7,dev,joy
dia28_utt8,dev,surprise
dia28_utt9,dev,neutral
dia28_utt10,dev,neutral
dia29_utt0,dev,anger
dia29_utt1,dev,neutral
dia29_utt2,dev,sadness
dia29_utt3,dev,sadness
dia29_utt4,dev,neutral
dia29_utt5,dev,neutral
dia29_utt6,dev,neutral
dia29_utt7,dev,neutral
dia29_utt8,dev,anger
dia29_utt9,dev,anger
dia29_utt10,dev,joy
dia30_utt0,dev,fear
dia30_utt1,dev,fear
dia30_utt2,dev,fear
dia30_utt3,dev,sadness
dia30_utt4,dev,anger
dia30_utt5,dev,surprise
dia30_utt6,dev,neutral
dia30_utt7,dev,neutral
dia30_utt8,dev,joy
dia30_utt9,dev,joy
dia30_utt10,dev,joy
dia30_utt11,dev,neutral
dia30_utt12,dev,neutral
dia30_utt13,dev,anger
dia30_utt14,dev,anger
dia30_utt15,dev,anger
dia30_utt16,dev,anger
dia30_utt17,dev,anger
dia30_utt18,dev,neutral
dia31_utt0,dev,sadness
dia31_utt1,dev,surprise
dia31_utt2,dev,sadness
dia31_utt3,dev,neutral
dia31_utt4,dev,neutral
dia31_utt5,dev,sadness
dia31_utt6,dev,joy
dia31_utt7,dev,joy
dia31_utt8,dev,joy
dia31_utt9,dev,joy
dia31_utt10,dev,joy
dia31_utt11,dev,anger
dia31_utt12,dev,joy
dia32_utt0,dev,neutral
dia32_utt1,dev,neutral
dia32_utt2,dev,surprise
dia32_utt3,dev,neutral
dia32_utt4,dev,neutral
dia32_utt5,dev,neutral
dia32_utt6,dev,neutral
dia32_utt7,dev,neutral
dia32_utt8,dev,neutral
dia32_utt9,dev,anger
dia32_utt10,dev,neutral
dia32_utt11,dev,neutral
dia32_utt12,dev,neutral
dia32_utt13,dev,neutral
dia33_utt0,dev,sadness
dia33_utt1,dev,neutral
dia34_utt0,dev,neutral
dia34_utt1,dev,neutral
dia34_utt2,dev,neutral
dia34_utt3,dev,neutral
dia34_utt4,dev,neutral
dia34_utt5,dev,neutral
dia34_utt6,dev,fear
dia34_utt7,dev,disgust
dia34_utt8,dev,sadness
dia34_utt9,dev,neutral
dia34_utt10,dev,joy
dia35_utt0,dev,neutral
dia36_utt0,dev,fear
dia36_utt1,dev,neutral
dia36_utt2,dev,neutral
dia36_utt3,dev,neutral
dia36_utt4,dev,neutral
dia36_utt5,dev,sadness
dia36_utt6,dev,surprise
dia36_utt7,dev,neutral
dia36_utt8,dev,neutral
dia36_utt9,dev,surprise
dia36_utt10,dev,fear
dia36_utt11,dev,disgust
dia37_utt0,dev,neutral
dia37_utt1,dev,fear
dia37_utt2,dev,fear
dia37_utt3,dev,surprise
dia37_utt4,dev,surprise
dia37_utt5,dev,fear
dia37_utt6,dev,fear
dia37_utt7,dev,disgust
dia37_utt8,dev,surprise
dia37_utt9,dev,surprise
dia37_utt10,dev,neutral
dia38_utt0,dev,anger
dia39_utt0,dev,neutral
dia39_utt1,dev,joy
dia39_utt2,dev,joy
dia40_utt0,dev,surprise
dia40_utt1,dev,neutral
dia40_utt2,dev,disgust
dia40_utt3,dev,neutral
dia40_utt4,dev,surprise
dia40_utt5,dev,surprise
dia40_utt6,dev,anger
dia40_utt7,dev,neutral
dia40_utt8,dev,fear
dia40_utt9,dev,sadness
dia40_utt10,dev,joy
dia41_utt0,dev,neutral
dia41_utt1,dev,neutral
dia41_utt2,dev,neutral
dia42_utt0,dev,anger
dia42_utt1,dev,anger
dia42_utt2,dev,neutral
dia42_utt3,dev,neutral
dia42_utt4,dev,anger
dia43_utt0,dev,neutral
dia43_utt1,dev,neutral
dia44_utt0,dev,sadness
dia44_utt1,dev,anger
dia44_utt2,dev,neutral
dia44_utt3,dev,neutral
dia44_utt4,dev,neutral
dia44_utt5,dev,joy
dia44_utt6,dev,neutral
dia44_utt7,dev,joy
dia44_utt8,dev,neutral
dia44_utt9,dev,neutral
dia44_utt10,dev,joy
dia44_utt11,dev,neutral
dia45_utt0,dev,neutral
dia45_utt1,dev,neutral
dia45_utt2,dev,neutral
dia45_utt3,dev,surprise
dia45_utt4,dev,neutral
dia45_utt5,dev,neutral
dia45_utt6,dev,neutral
dia45_utt7,dev,neutral
dia45_utt8,dev,neutral
dia45_utt9,dev,fear
dia45_utt10,dev,neutral
dia45_utt11,dev,fear
dia46_utt0,dev,neutral
dia46_utt1,dev,neutral
dia46_utt2,dev,neutral
dia46_utt3,dev,neutral
dia46_utt4,dev,surprise
dia46_utt5,dev,surprise
dia46_utt6,dev,neutral
dia46_utt7,dev,neutral
dia46_utt8,dev,fear
dia46_utt9,dev,neutral
dia47_utt0,dev,neutral
dia47_utt1,dev,neutral
dia47_utt2,dev,neutral
dia47_utt3,dev,neutral
dia47_utt4,dev,neutral
dia47_utt5,dev,surprise
dia47_utt6,dev,joy
dia47_utt7,dev,surprise
dia47_utt8,dev,neutral
dia47_utt9,dev,surprise
dia47_utt10,dev,neutral
dia48_utt0,dev,neutral
dia48_utt1,dev,joy
dia48_utt2,dev,joy
dia48_utt3,dev,fear
dia48_utt4,dev,neutral
dia48_utt5,dev,neutral
dia48_utt6,dev,surprise
dia48_utt7,dev,sadness
dia49_utt0,dev,anger
dia49_utt1,dev,surprise
dia49_utt2,dev,anger
dia49_utt3,dev,anger
dia49_utt6,dev,anger
dia49_utt7,dev,anger
dia49_utt8,dev,neutral
dia49_utt9,dev,anger
dia49_utt10,dev,anger
dia49_utt11,dev,anger
dia49_utt12,dev,neutral
dia49_utt13,dev,anger
dia49_utt14,dev,neutral
dia50_utt0,dev,surprise
dia50_utt1,dev,surprise
dia50_utt2,dev,anger
dia50_utt3,dev,neutral
dia51_utt0,dev,neutral
dia51_utt1,dev,joy
dia51_utt2,dev,neutral
dia51_utt3,dev,neutral
dia51_utt4,dev,neutral
dia51_utt5,dev,neutral
dia51_utt6,dev,anger
dia52_utt0,dev,neutral
dia52_utt1,dev,joy
dia52_utt2,dev,neutral
dia53_utt0,dev,joy
dia53_utt1,dev,neutral
dia53_utt2,dev,joy
dia53_utt3,dev,neutral
dia53_utt4,dev,neutral
dia53_utt5,dev,neutral
dia53_utt6,dev,neutral
dia53_utt7,dev,joy
dia53_utt8,dev,joy
dia54_utt0,dev,neutral
dia54_utt1,dev,neutral
dia54_utt2,dev,joy
dia54_utt3,dev,neutral
dia54_utt4,dev,neutral
dia54_utt5,dev,disgust
dia54_utt6,dev,neutral
dia54_utt7,dev,neutral
dia54_utt8,dev,sadness
dia54_utt9,dev,surprise
dia54_utt10,dev,sadness
dia54_utt11,dev,surprise
dia54_utt12,dev,neutral
dia55_utt0,dev,sadness
dia56_utt0,dev,anger
dia56_utt1,dev,sadness
dia56_utt2,dev,sadness
dia56_utt3,dev,neutral
dia56_utt4,dev,sadness
dia56_utt5,dev,anger
dia56_utt6,dev,anger
dia56_utt7,dev,sadness
dia56_utt8,dev,sadness
dia56_utt9,dev,sadness
dia56_utt10,dev,sadness
dia56_utt11,dev,sadness
dia56_utt12,dev,sadness
dia56_utt13,dev,sadness
dia56_utt14,dev,neutral
dia56_utt15,dev,neutral
dia56_utt16,dev,sadness
dia57_utt0,dev,neutral
dia57_utt1,dev,neutral
dia57_utt2,dev,neutral
dia57_utt3,dev,joy
dia57_utt4,dev,joy
dia57_utt5,dev,joy
dia57_utt6,dev,surprise
dia57_utt7,dev,neutral
dia57_utt8,dev,neutral
dia57_utt9,dev,neutral
dia57_utt10,dev,neutral
dia57_utt11,dev,neutral
dia57_utt12,dev,joy
dia58_utt0,dev,neutral
dia58_utt1,dev,disgust
dia58_utt2,dev,neutral
dia58_utt3,dev,neutral
dia58_utt4,dev,surprise
dia58_utt5,dev,joy
dia58_utt6,dev,surprise
dia58_utt7,dev,joy
dia58_utt8,dev,neutral
dia58_utt9,dev,neutral
dia58_utt10,dev,neutral
dia58_utt11,dev,joy
dia59_utt0,dev,neutral
dia59_utt1,dev,neutral
dia59_utt2,dev,neutral
dia59_utt3,dev,neutral
dia59_utt4,dev,neutral
dia60_utt0,dev,surprise
dia60_utt1,dev,neutral
dia60_utt2,dev,anger
dia60_utt3,dev,joy
dia60_utt4,dev,neutral
dia60_utt5,dev,joy
dia60_utt6,dev,joy
dia61_utt0,dev,joy
dia61_utt1,dev,joy
dia61_utt2,dev,neutral
dia61_utt3,dev,neutral
dia61_utt4,dev,neutral
dia61_utt5,dev,joy
dia62_utt0,dev,neutral
dia62_utt1,dev,joy
dia62_utt2,dev,surprise
dia62_utt3,dev,neutral
dia62_utt4,dev,neutral
dia62_utt5,dev,neutral
dia63_utt0,dev,joy
dia63_utt1,dev,neutral
dia63_utt2,dev,anger
dia63_utt3,dev,joy
dia63_utt4,dev,joy
dia63_utt5,dev,sadness
dia63_utt6,dev,neutral
dia63_utt7,dev,neutral
dia63_utt8,dev,sadness
dia63_utt9,dev,surprise
dia63_utt10,dev,joy
dia63_utt11,dev,joy
dia63_utt12,dev,surprise
dia63_utt13,dev,neutral
dia63_utt14,dev,neutral
dia63_utt15,dev,neutral
dia63_utt16,dev,neutral
dia63_utt17,dev,neutral
dia63_utt18,dev,neutral
dia63_utt19,dev,neutral
dia63_utt20,dev,neutral
dia64_utt0,dev,surprise
dia64_utt1,dev,joy
dia64_utt2,dev,neutral
dia64_utt3,dev,neutral
dia64_utt4,dev,neutral
dia65_utt0,dev,joy
dia65_utt1,dev,neutral
dia65_utt2,dev,joy
dia65_utt3,dev,neutral
dia65_utt4,dev,surprise
dia65_utt5,dev,joy
dia65_utt6,dev,neutral
dia65_utt7,dev,neutral
dia65_utt8,dev,neutral
dia65_utt9,dev,fear
dia65_utt10,dev,joy
dia66_utt0,dev,surprise
dia66_utt1,dev,neutral
dia66_utt2,dev,neutral
dia66_utt3,dev,surprise
dia66_utt4,dev,anger
dia66_utt5,dev,sadness
dia66_utt6,dev,neutral
dia66_utt7,dev,neutral
dia66_utt8,dev,neutral
dia66_utt11,dev,neutral
dia67_utt0,dev,joy
dia67_utt1,dev,joy
dia67_utt2,dev,neutral
dia67_utt3,dev,joy
dia67_utt4,dev,joy
dia67_utt5,dev,neutral
dia67_utt6,dev,neutral
dia67_utt7,dev,neutral
dia67_utt8,dev,neutral
dia67_utt9,dev,surprise
dia67_utt10,dev,neutral
dia68_utt0,dev,joy
dia68_utt1,dev,neutral
dia68_utt2,dev,neutral
dia68_utt3,dev,surprise
dia68_utt4,dev,neutral
dia68_utt5,dev,sadness
dia68_utt6,dev,surprise
dia68_utt7,dev,fear
dia68_utt8,dev,sadness
dia68_utt9,dev,joy
dia68_utt10,dev,joy
dia68_utt11,dev,neutral
dia69_utt0,dev,joy
dia69_utt1,dev,sadness
dia69_utt2,dev,neutral
dia69_utt3,dev,neutral
dia69_utt4,dev,joy
dia69_utt5,dev,neutral
dia69_utt6,dev,neutral
dia69_utt7,dev,neutral
dia69_utt8,dev,neutral
dia69_utt9,dev,neutral
dia69_utt10,dev,neutral
dia69_utt11,dev,sadness
dia69_utt12,dev,neutral
dia69_utt13,dev,sadness
dia69_utt14,dev,sadness
dia69_utt15,dev,neutral
dia69_utt16,dev,sadness
dia69_utt17,dev,sadness
dia69_utt18,dev,surprise
dia69_utt19,dev,sadness
dia70_utt0,dev,anger
dia70_utt1,dev,neutral
dia70_utt2,dev,joy
dia70_utt3,dev,joy
dia70_utt4,dev,joy
dia70_utt5,dev,surprise
dia71_utt0,dev,joy
dia71_utt1,dev,neutral
dia71_utt2,dev,surprise
dia71_utt3,dev,surprise
dia71_utt4,dev,joy
dia71_utt5,dev,neutral
dia72_utt0,dev,anger
dia72_utt1,dev,sadness
dia72_utt2,dev,anger
dia72_utt3,dev,neutral
dia72_utt4,dev,neutral
dia72_utt5,dev,surprise
dia72_utt6,dev,anger
dia72_utt7,dev,anger
dia72_utt8,dev,neutral
dia72_utt9,dev,anger
dia72_utt10,dev,anger
dia72_utt11,dev,anger
dia72_utt12,dev,anger
dia72_utt13,dev,anger
dia72_utt14,dev,anger
dia72_utt15,dev,neutral
dia72_utt16,dev,anger
dia72_utt17,dev,neutral
dia72_utt18,dev,anger
dia73_utt0,dev,anger
dia73_utt1,dev,anger
dia73_utt2,dev,anger
dia74_utt0,dev,joy
dia74_utt1,dev,neutral
dia74_utt2,dev,joy
dia74_utt3,dev,sadness
dia74_utt4,dev,surprise
dia74_utt5,dev,neutral
dia74_utt6,dev,neutral
dia74_utt7,dev,neutral
dia74_utt8,dev,surprise
dia74_utt9,dev,sadness
dia74_utt10,dev,surprise
dia74_utt11,dev,neutral
dia74_utt12,dev,neutral
dia74_utt13,dev,neutral
dia74_utt14,dev,neutral
dia74_utt15,dev,neutral
dia74_utt16,dev,neutral
dia74_utt17,dev,joy
dia74_utt18,dev,neutral
dia74_utt19,dev,anger
dia75_utt0,dev,neutral
dia76_utt0,dev,joy
dia76_utt1,dev,surprise
dia76_utt2,dev,neutral
dia76_utt3,dev,neutral
dia76_utt4,dev,joy
dia76_utt5,dev,neutral
dia76_utt6,dev,joy
dia76_utt7,dev,joy
dia76_utt8,dev,joy
dia76_utt9,dev,anger
dia76_utt10,dev,anger
dia76_utt11,dev,anger
dia76_utt12,dev,neutral
dia76_utt13,dev,surprise
dia76_utt14,dev,disgust
dia76_utt15,dev,neutral
dia76_utt16,dev,neutral
dia77_utt0,dev,surprise
dia77_utt1,dev,surprise
dia77_utt2,dev,neutral
dia77_utt3,dev,joy
dia77_utt4,dev,neutral
dia77_utt5,dev,neutral
dia77_utt6,dev,neutral
dia77_utt7,dev,neutral
dia77_utt8,dev,sadness
dia77_utt9,dev,neutral
dia77_utt10,dev,sadness
dia77_utt11,dev,neutral
dia77_utt12,dev,sadness
dia77_utt13,dev,sadness
dia77_utt14,dev,sadness
dia77_utt15,dev,neutral
dia77_utt16,dev,sadness
dia77_utt17,dev,neutral
dia77_utt18,dev,neutral
dia77_utt19,dev,neutral
dia78_utt0,dev,joy
dia78_utt1,dev,neutral
dia78_utt2,dev,neutral
dia78_utt3,dev,anger
dia78_utt4,dev,joy
dia78_utt5,dev,fear
dia78_utt6,dev,neutral
dia78_utt7,dev,fear
dia78_utt8,dev,anger
dia79_utt0,dev,joy
dia79_utt1,dev,surprise
dia79_utt2,dev,neutral
dia79_utt3,dev,neutral
dia79_utt4,dev,joy
dia79_utt5,dev,joy
dia79_utt6,dev,neutral
dia79_utt7,dev,sadness
dia79_utt8,dev,neutral
dia79_utt9,dev,neutral
dia79_utt10,dev,sadness
dia80_utt0,dev,neutral
dia80_utt1,dev,neutral
dia80_utt2,dev,neutral
dia80_utt3,dev,neutral
dia80_utt4,dev,surprise
dia80_utt5,dev,neutral
dia80_utt6,dev,neutral
dia80_utt7,dev,joy
dia80_utt8,dev,neutral
dia80_utt9,dev,neutral
dia81_utt0,dev,joy
dia81_utt1,dev,neutral
dia81_utt2,dev,joy
dia82_utt0,dev,joy
dia82_utt1,dev,anger
dia82_utt2,dev,neutral
dia82_utt3,dev,anger
dia82_utt4,dev,neutral
dia82_utt5,dev,anger
dia82_utt6,dev,surprise
dia82_utt7,dev,neutral
dia82_utt8,dev,anger
dia82_utt9,dev,neutral
dia82_utt10,dev,neutral
dia82_utt11,dev,neutral
dia82_utt12,dev,neutral
dia82_utt13,dev,joy
dia82_utt14,dev,surprise
dia82_utt15,dev,neutral
dia82_utt16,dev,neutral
dia82_utt17,dev,neutral
dia82_utt18,dev,anger
dia83_utt0,dev,anger
dia83_utt1,dev,surprise
dia83_utt2,dev,joy
dia83_utt3,dev,surprise
dia83_utt4,dev,neutral
dia83_utt5,dev,neutral
dia83_utt6,dev,neutral
dia83_utt7,dev,joy
dia84_utt0,dev,surprise
dia84_utt1,dev,surprise
dia84_utt2,dev,neutral
dia84_utt3,dev,surprise
dia84_utt4,dev,sadness
dia84_utt5,dev,sadness
dia84_utt6,dev,neutral
dia84_utt7,dev,neutral
dia85_utt0,dev,neutral
dia85_utt1,dev,joy
dia85_utt2,dev,neutral
dia85_utt3,dev,neutral
dia85_utt4,dev,joy
dia85_utt5,dev,surprise
dia85_utt6,dev,surprise
dia85_utt7,dev,joy
dia85_utt8,dev,surprise
dia85_utt9,dev,joy
dia85_utt10,dev,anger
dia85_utt11,dev,surprise
dia85_utt12,dev,neutral
dia85_utt13,dev,neutral
dia85_utt14,dev,surprise
dia85_utt15,dev,neutral
dia85_utt16,dev,surprise
dia86_utt0,dev,neutral
dia86_utt1,dev,neutral
dia86_utt2,dev,neutral
dia86_utt3,dev,neutral
dia87_utt0,dev,neutral
dia87_utt1,dev,neutral
dia87_utt2,dev,neutral
dia87_utt3,dev,neutral
dia87_utt4,dev,joy
dia88_utt0,dev,surprise
dia88_utt1,dev,neutral
dia88_utt2,dev,surprise
dia88_utt3,dev,sadness
dia88_utt4,dev,anger
dia88_utt5,dev,neutral
dia89_utt0,dev,fear
dia89_utt1,dev,anger
dia89_utt2,dev,fear
dia89_utt3,dev,neutral
dia89_utt4,dev,neutral
dia89_utt5,dev,sadness
dia89_utt6,dev,sadness
dia89_utt7,dev,sadness
dia89_utt8,dev,joy
dia89_utt9,dev,neutral
dia89_utt10,dev,neutral
dia90_utt0,dev,joy
dia90_utt1,dev,neutral
dia90_utt2,dev,fear
dia90_utt3,dev,neutral
dia90_utt4,dev,neutral
dia90_utt5,dev,anger
dia90_utt6,dev,sadness
dia91_utt0,dev,surprise
dia91_utt1,dev,neutral
dia91_utt2,dev,neutral
dia91_utt3,dev,neutral
dia91_utt4,dev,anger
dia91_utt5,dev,surprise
dia91_utt6,dev,disgust
dia91_utt7,dev,neutral
dia91_utt8,dev,disgust
dia91_utt9,dev,neutral
dia91_utt10,dev,disgust
dia92_utt0,dev,surprise
dia92_utt1,dev,disgust
dia92_utt2,dev,joy
dia92_utt3,dev,surprise
dia92_utt4,dev,surprise
dia92_utt5,dev,surprise
dia92_utt6,dev,fear
dia92_utt7,dev,surprise
dia92_utt8,dev,anger
dia92_utt9,dev,anger
dia92_utt10,dev,disgust
dia92_utt11,dev,anger
dia93_utt0,dev,sadness
dia93_utt1,dev,neutral
dia93_utt2,dev,neutral
dia93_utt3,dev,sadness
dia93_utt4,dev,neutral
dia93_utt5,dev,neutral
dia93_utt6,dev,sadness
dia93_utt7,dev,sadness
dia94_utt0,dev,neutral
dia94_utt1,dev,joy
dia94_utt2,dev,disgust
dia94_utt3,dev,neutral
dia94_utt4,dev,neutral
dia94_utt5,dev,joy
dia94_utt6,dev,neutral
dia94_utt7,dev,surprise
dia94_utt8,dev,neutral
dia94_utt9,dev,anger
dia94_utt10,dev,neutral
dia94_utt11,dev,anger
dia95_utt0,dev,anger
dia95_utt1,dev,neutral
dia95_utt2,dev,anger
dia95_utt3,dev,neutral
dia95_utt4,dev,neutral
dia95_utt5,dev,surprise
dia95_utt6,dev,anger
dia95_utt7,dev,surprise
dia95_utt8,dev,anger
dia95_utt9,dev,neutral
dia95_utt10,dev,neutral
dia96_utt0,dev,neutral
dia96_utt1,dev,neutral
dia96_utt2,dev,surprise
dia96_utt3,dev,joy
dia97_utt0,dev,joy
dia97_utt1,dev,joy
dia97_utt2,dev,neutral
dia97_utt3,dev,joy
dia97_utt4,dev,joy
dia97_utt5,dev,joy
dia97_utt6,dev,neutral
dia97_utt7,dev,joy
dia97_utt8,dev,surprise
dia97_utt9,dev,joy
dia97_utt10,dev,surprise
dia97_utt11,dev,joy
dia97_utt12,dev,surprise
dia97_utt13,dev,neutral
dia97_utt14,dev,fear
dia97_utt15,dev,neutral
dia97_utt16,dev,surprise
dia97_utt17,dev,neutral
dia97_utt18,dev,surprise
dia97_utt19,dev,neutral
dia97_utt20,dev,joy
dia97_utt21,dev,neutral
dia98_utt0,dev,anger
dia98_utt1,dev,disgust
dia98_utt2,dev,anger
dia98_utt3,dev,joy
dia98_utt4,dev,anger
dia99_utt0,dev,joy
dia99_utt1,dev,neutral
dia99_utt2,dev,joy
dia99_utt3,dev,surprise
dia99_utt4,dev,joy
dia99_utt5,dev,surprise
dia99_utt6,dev,surprise
dia99_utt7,dev,neutral
dia99_utt8,dev,neutral
dia100_utt0,dev,neutral
dia101_utt0,dev,sadness
dia102_utt0,dev,neutral
dia102_utt1,dev,neutral
dia103_utt0,dev,neutral
dia103_utt1,dev,sadness
dia103_utt2,dev,joy
dia103_utt3,dev,neutral
dia103_utt4,dev,joy
dia104_utt0,dev,joy
dia104_utt1,dev,sadness
dia104_utt2,dev,joy
dia104_utt3,dev,neutral
dia104_utt4,dev,surprise
dia104_utt5,dev,anger
dia104_utt6,dev,joy
dia104_utt7,dev,joy
dia104_utt8,dev,surprise
dia104_utt9,dev,fear
dia104_utt10,dev,surprise
dia104_utt11,dev,fear
dia104_utt12,dev,surprise
dia104_utt13,dev,fear
dia104_utt14,dev,joy
dia104_utt15,dev,anger
dia105_utt0,dev,neutral
dia105_utt1,dev,neutral
dia105_utt2,dev,anger
dia105_utt3,dev,anger
dia105_utt4,dev,joy
dia105_utt5,dev,neutral
dia105_utt6,dev,neutral
dia105_utt7,dev,neutral
dia105_utt8,dev,joy
dia105_utt9,dev,joy
dia105_utt10,dev,anger
dia105_utt11,dev,anger
dia106_utt0,dev,neutral
dia106_utt1,dev,neutral
dia106_utt2,dev,neutral
dia106_utt3,dev,neutral
dia106_utt4,dev,joy
dia106_utt5,dev,neutral
dia107_utt0,dev,neutral
dia107_utt1,dev,neutral
dia107_utt2,dev,surprise
dia107_utt3,dev,surprise
dia108_utt0,dev,surprise
dia108_utt1,dev,fear
dia108_utt2,dev,surprise
dia108_utt3,dev,anger
dia108_utt4,dev,anger
dia108_utt5,dev,anger
dia108_utt6,dev,anger
dia108_utt7,dev,surprise
dia108_utt8,dev,sadness
dia108_utt9,dev,neutral
dia108_utt10,dev,joy
dia108_utt11,dev,joy
dia108_utt12,dev,fear
dia108_utt13,dev,neutral
dia108_utt14,dev,neutral
dia109_utt0,dev,neutral
dia109_utt1,dev,joy
dia109_utt2,dev,disgust
dia109_utt3,dev,sadness
dia109_utt4,dev,anger
dia109_utt5,dev,neutral
dia109_utt6,dev,neutral
dia109_utt7,dev,neutral
dia110_utt0,dev,neutral
dia110_utt1,dev,neutral
dia110_utt2,dev,neutral
dia110_utt3,dev,neutral
dia110_utt4,dev,neutral
dia110_utt5,dev,joy
dia110_utt6,dev,joy
dia110_utt8,dev,joy
dia110_utt9,dev,joy
dia111_utt0,dev,anger
dia111_utt1,dev,neutral
dia111_utt2,dev,neutral
dia112_utt0,dev,anger
dia112_utt1,dev,sadness
dia112_utt2,dev,neutral
dia112_utt3,dev,sadness
dia112_utt4,dev,neutral
dia113_utt0,dev,neutral
dia113_utt1,dev,sadness
dia113_utt2,dev,neutral
dia113_utt3,dev,sadness
dia113_utt4,dev,neutral
dia113_utt5,dev,neutral
dia113_utt6,dev,surprise
dia113_utt7,dev,neutral
dia113_utt8,dev,sadness
dia113_utt9,dev,sadness
dia113_utt10,dev,sadness
dia113_utt11,dev,sadness
dia113_utt12,dev,sadness
dia113_utt13,dev,sadness
dia0_utt0,test,surprise
dia0_utt1,test,anger
dia0_utt2,test,neutral
dia1_utt0,test,neutral
dia1_utt1,test,joy
dia1_utt2,test,joy
dia1_utt3,test,joy
dia1_utt4,test,joy
dia1_utt5,test,joy
dia1_utt6,test,joy
dia1_utt7,test,joy
dia2_utt0,test,neutral
dia2_utt1,test,neutral
dia2_utt2,test,sadness
dia2_utt3,test,surprise
dia2_utt4,test,anger
dia2_utt5,test,anger
dia2_utt6,test,anger
dia2_utt7,test,joy
dia2_utt8,test,joy
dia2_utt9,test,neutral
dia2_utt10,test,neutral
dia3_utt0,test,neutral
dia3_utt1,test,fear
dia3_utt2,test,neutral
dia3_utt3,test,neutral
dia3_utt4,test,anger
dia3_utt5,test,disgust
dia3_utt6,test,neutral
dia4_utt0,test,surprise
dia4_utt1,test,neutral
dia4_utt2,test,surprise
dia4_utt3,test,surprise
dia4_utt4,test,neutral
dia4_utt5,test,fear
dia4_utt6,test,disgust
dia4_utt7,test,anger
dia4_utt8,test,neutral
dia5_utt0,test,anger
dia5_utt1,test,neutral
dia5_utt2,test,neutral
dia5_utt3,test,neutral
dia5_utt4,test,neutral
dia5_utt5,test,neutral
dia5_utt6,test,neutral
dia5_utt7,test,neutral
dia5_utt8,test,neutral
dia6_utt0,test,neutral
dia6_utt1,test,neutral
dia6_utt2,test,surprise
dia7_utt0,test,neutral
dia7_utt1,test,neutral
dia7_utt2,test,neutral
dia7_utt3,test,neutral
dia7_utt4,test,surprise
dia7_utt5,test,neutral
dia7_utt6,test,surprise
dia7_utt7,test,neutral
dia7_utt8,test,neutral
dia8_utt0,test,sadness
dia8_utt1,test,joy
dia8_utt2,test,neutral
dia8_utt3,test,surprise
dia8_utt4,test,neutral
dia8_utt5,test,neutral
dia8_utt6,test,joy
dia9_utt0,test,fear
dia9_utt1,test,neutral
dia9_utt2,test,sadness
dia9_utt3,test,surprise
dia9_utt4,test,surprise
dia9_utt5,test,neutral
dia9_utt6,test,surprise
dia9_utt7,test,anger
dia9_utt8,test,sadness
dia9_utt9,test,sadness
dia9_utt10,test,neutral
dia9_utt11,test,sadness
dia9_utt12,test,neutral
dia9_utt13,test,anger
dia9_utt14,test,neutral
dia9_utt15,test,joy
dia9_utt16,test,neutral
dia9_utt17,test,neutral
dia10_utt0,test,anger
dia10_utt1,test,neutral
dia10_utt2,test,neutral
dia10_utt3,test,neutral
dia11_utt0,test,sadness
dia11_utt1,test,fear
dia11_utt2,test,neutral
dia11_utt3,test,neutral
dia11_utt4,test,neutral
dia12_utt0,test,anger
dia12_utt1,test,neutral
dia12_utt2,test,sadness
dia12_utt3,test,anger
dia12_utt4,test,anger
dia12_utt5,test,anger
dia12_utt6,test,sadness
dia12_utt7,test,sadness
dia12_utt8,test,joy
dia12_utt9,test,neutral
dia12_utt10,test,neutral
dia12_utt11,test,joy
dia12_utt12,test,joy
dia12_utt13,test,neutral
dia12_utt14,test,neutral
dia12_utt15,test,neutral
dia12_utt16,test,neutral
dia12_utt17,test,neutral
dia12_utt18,test,neutral
dia12_utt19,test,joy
dia13_utt0,test,neutral
dia13_utt1,test,neutral
dia13_utt2,test,neutral
dia13_utt3,test,surprise
dia13_utt4,test,neutral
dia13_utt5,test,anger
dia13_utt6,test,anger
dia13_utt7,test,anger
dia14_utt0,test,surprise
dia14_utt1,test,joy
dia14_utt2,test,joy
dia14_utt3,test,joy
dia14_utt4,test,neutral
dia14_utt5,test,neutral
dia14_utt6,test,joy
dia14_utt7,test,joy
dia14_utt8,test,neutral
dia14_utt9,test,joy
dia14_utt10,test,neutral
dia15_utt0,test,joy
dia15_utt1,test,joy
dia15_utt2,test,joy
dia15_utt3,test,neutral
dia15_utt4,test,neutral
dia15_utt5,test,anger
dia16_utt0,test,neutral
dia16_utt1,test,neutral
dia16_utt2,test,neutral
dia16_utt3,test,neutral
dia16_utt4,test,surprise
dia16_utt5,test,neutral
dia16_utt6,test,neutral
dia16_utt7,test,neutral
dia16_utt8,test,neutral
dia16_utt9,test,anger
dia17_utt0,test,neutral
dia17_utt1,test,neutral
dia17_utt2,test,neutral
dia17_utt3,test,disgust
dia17_utt4,test,disgust
dia17_utt5,test,joy
dia17_utt6,test,anger
dia17_utt7,test,anger
dia17_utt8,test,anger
dia17_utt9,test,anger
dia17_utt10,test,anger
dia17_utt11,test,sadness
dia17_utt12,test,disgust
dia17_utt13,test,anger
dia17_utt14,test,disgust
dia17_utt15,test,neutral
dia17_utt16,test,fear
dia17_utt17,test,fear
dia17_utt18,test,neutral
dia17_utt19,test,neutral
dia17_utt20,test,neutral
dia17_utt21,test,neutral
dia17_utt22,test,neutral
dia17_utt23,test,neutral
dia17_utt24,test,anger
dia17_utt25,test,neutral
dia17_utt26,test,anger
dia17_utt27,test,anger
dia17_utt28,test,sadness
dia17_utt29,test,anger
dia17_utt30,test,anger
dia17_utt31,test,anger
dia17_utt32,test,neutral
dia18_utt0,test,neutral
dia18_utt1,test,neutral
dia18_utt2,test,neutral
dia19_utt0,test,surprise
dia20_utt0,test,anger
dia20_utt1,test,neutral
dia20_utt2,test,neutral
dia20_utt3,test,neutral
dia20_utt4,test,neutral
dia20_utt5,test,neutral
dia20_utt6,test,joy
dia20_utt7,test,neutral
dia21_utt0,test,neutral
dia21_utt1,test,neutral
dia21_utt2,test,neutral
dia21_utt3,test,neutral
dia21_utt4,test,sadness
dia21_utt5,test,joy
dia21_utt6,test,surprise
dia22_utt0,test,joy
dia22_utt1,test,neutral
dia22_utt2,test,neutral
dia22_utt3,test,joy
dia22_utt4,test,sadness
dia22_utt5,test,neutral
dia22_utt6,test,sadness
dia22_utt7,test,surprise
dia22_utt8,test,sadness
dia22_utt9,test,surprise
dia22_utt10,test,anger
dia22_utt11,test,neutral
dia22_utt12,test,joy
dia22_utt13,test,joy
dia22_utt14,test,neutral
dia22_utt15,test,joy
dia22_utt16,test,neutral
dia22_utt17,test,joy
dia22_utt18,test,joy
dia22_utt19,test,surprise
dia22_utt20,test,neutral
dia22_utt21,test,neutral
dia23_utt0,test,joy
dia23_utt1,test,neutral
dia23_utt2,test,neutral
dia24_utt0,test,neutral
dia24_utt1,test,joy
dia24_utt2,test,neutral
dia24_utt3,test,joy
dia25_utt0,test,neutral
dia25_utt1,test,neutral
dia25_utt2,test,sadness
dia25_utt3,test,neutral
dia25_utt4,test,anger
dia25_utt5,test,surprise
dia25_utt6,test,joy
dia25_utt7,test,neutral
dia25_utt8,test,anger
dia25_utt9,test,neutral
dia25_utt10,test,anger
dia25_utt11,test,neutral
dia25_utt12,test,neutral
dia25_utt13,test,neutral
dia25_utt14,test,neutral
dia25_utt15,test,neutral
dia25_utt16,test,anger
dia26_utt0,test,joy
dia27_utt0,test,joy
dia27_utt1,test,neutral
dia28_utt0,test,neutral
dia28_utt1,test,joy
dia28_utt2,test,neutral
dia28_utt3,test,sadness
dia28_utt4,test,neutral
dia28_utt5,test,neutral
dia28_utt6,test,neutral
dia28_utt7,test,joy
dia28_utt8,test,neutral
dia28_utt9,test,sadness
dia28_utt10,test,neutral
dia28_utt11,test,neutral
dia28_utt12,test,neutral
dia28_utt13,test,neutral
dia28_utt14,test,joy
dia28_utt15,test,anger
dia28_utt16,test,neutral
dia29_utt0,test,neutral
dia29_utt1,test,surprise
dia29_utt2,test,neutral
dia29_utt3,test,surprise
dia29_utt4,test,surprise
dia29_utt5,test,surprise
dia29_utt6,test,fear
dia29_utt7,test,joy
dia29_utt8,test,neutral
dia29_utt9,test,neutral
dia29_utt10,test,fear
dia29_utt11,test,joy
dia29_utt12,test,joy
dia30_utt0,test,surprise
dia30_utt1,test,joy
dia30_utt2,test,joy
dia30_utt3,test,joy
dia30_utt4,test,surprise
dia30_utt5,test,disgust
dia31_utt0,test,neutral
dia32_utt0,test,surprise
dia32_utt1,test,joy
dia32_utt2,test,neutral
dia32_utt3,test,neutral
dia32_utt4,test,neutral
dia32_utt5,test,sadness
dia32_utt6,test,neutral
dia32_utt7,test,neutral
dia32_utt8,test,surprise
dia32_utt9,test,sadness
dia32_utt10,test,sadness
dia32_utt11,test,sadness
dia32_utt12,test,joy
dia33_utt0,test,sadness
dia33_utt1,test,anger
dia33_utt2,test,neutral
dia33_utt3,test,neutral
dia33_utt4,test,surprise
dia33_utt5,test,sadness
dia33_utt6,test,sadness
dia33_utt7,test,neutral
dia33_utt8,test,neutral
dia33_utt9,test,anger
dia33_utt10,test,anger
dia34_utt0,test,neutral
dia34_utt1,test,disgust
dia34_utt2,test,joy
dia34_utt3,test,surprise
dia34_utt4,test,anger
dia34_utt5,test,surprise
dia34_utt6,test,disgust
dia34_utt7,test,anger
dia34_utt8,test,neutral
dia34_utt9,test,neutral
dia34_utt10,test,neutral
dia34_utt11,test,neutral
dia34_utt12,test,surprise
dia34_utt13,test,surprise
dia34_utt14,test,anger
dia34_utt15,test,anger
dia34_utt16,test,neutral
dia34_utt17,test,anger
dia34_utt18,test,anger
dia35_utt0,test,neutral
dia35_utt1,test,joy
dia35_utt2,test,neutral
dia35_utt3,test,neutral
dia35_utt4,test,neutral
dia36_utt0,test,neutral
dia36_utt1,test,anger
dia37_utt0,test,anger
dia37_utt1,test,neutral
dia37_utt2,test,anger
dia37_utt3,test,fear
dia37_utt4,test,anger
dia37_utt5,test,neutral
dia37_utt6,test,anger
dia37_utt7,test,anger
dia38_utt0,test,joy
dia38_utt1,test,joy
dia38_utt2,test,neutral
dia38_utt3,test,joy
dia38_utt4,test,joy
dia39_utt0,test,neutral
dia39_utt1,test,neutral
dia39_utt2,test,neutral
dia39_utt3,test,neutral
dia39_utt4,test,neutral
dia39_utt5,test,neutral
dia39_utt6,test,joy
dia39_utt7,test,neutral
dia39_utt8,test,neutral
dia39_utt9,test,surprise
dia39_utt10,test,neutral
dia39_utt11,test,neutral
dia40_utt0,test,joy
dia40_utt1,test,neutral
dia41_utt0,test,neutral
dia41_utt1,test,anger
dia41_utt2,test,anger
dia41_utt3,test,surprise
dia41_utt4,test,anger
dia41_utt5,test,surprise
dia41_utt6,test,disgust
dia41_utt7,test,neutral
dia41_utt8,test,surprise
dia41_utt9,test,surprise
dia41_utt10,test,sadness
dia41_utt11,test,sadness
dia41_utt12,test,neutral
dia42_utt0,test,joy
dia42_utt1,test,sadness
dia42_utt2,test,neutral
dia42_utt3,test,surprise
dia42_utt4,test,neutral
dia42_utt5,test,surprise
dia42_utt6,test,joy
dia42_utt7,test,surprise
dia42_utt8,test,neutral
dia43_utt0,test,neutral
dia43_utt1,test,neutral
dia43_utt2,test,neutral
dia43_utt3,test,neutral
dia43_utt4,test,neutral
dia43_utt5,test,neutral
dia43_utt6,test,neutral
dia44_utt0,test,neutral
dia44_utt1,test,neutral
dia44_utt2,test,joy
dia44_utt3,test,neutral
dia45_utt0,test,anger
dia45_utt1,test,neutral
dia45_utt2,test,neutral
dia45_utt3,test,surprise
dia45_utt4,test,joy
dia45_utt5,test,joy
dia45_utt6,test,anger
dia45_utt7,test,neutral
dia45_utt8,test,neutral
dia46_utt0,test,joy
dia46_utt1,test,joy
dia46_utt2,test,joy
dia46_utt3,test,joy
dia46_utt4,test,joy
dia46_utt5,test,joy
dia46_utt6,test,neutral
dia46_utt7,test,joy
dia46_utt8,test,joy
dia47_utt0,test,sadness
dia47_utt1,test,sadness
dia47_utt2,test,sadness
dia47_utt3,test,neutral
dia47_utt4,test,neutral
dia47_utt5,test,neutral
dia47_utt6,test,sadness
dia47_utt7,test,neutral
dia47_utt8,test,neutral
dia47_utt9,test,neutral
dia47_utt10,test,neutral
dia47_utt11,test,neutral
dia47_utt12,test,neutral
dia47_utt13,test,neutral
dia48_utt0,test,neutral
dia48_utt1,test,neutral
dia48_utt2,test,neutral
dia48_utt3,test,joy
dia48_utt4,test,joy
dia48_utt5,test,joy
dia48_utt6,test,joy
dia49_utt0,test,joy
dia49_utt1,test,joy
dia49_utt2,test,neutral
dia49_utt3,test,neutral
dia49_utt4,test,neutral
dia49_utt5,test,neutral
dia49_utt6,test,neutral
dia49_utt7,test,neutral
dia49_utt8,test,neutral
dia49_utt9,test,joy
dia49_utt10,test,neutral
dia49_utt11,test,joy
dia49_utt12,test,surprise
dia49_utt13,test,neutral
dia49_utt14,test,joy
dia49_utt15,test,neutral
dia49_utt16,test,neutral
dia50_utt0,test,neutral
dia50_utt1,test,neutral
dia50_utt2,test,fear
dia50_utt3,test,neutral
dia51_utt0,test,joy
dia51_utt1,test,joy
dia51_utt2,test,neutral
dia52_utt0,test,neutral
dia52_utt1,test,disgust
dia52_utt2,test,neutral
dia52_utt3,test,surprise
dia52_utt4,test,neutral
dia52_utt5,test,neutral
dia52_utt6,test,neutral
dia52_utt7,test,surprise
dia52_utt8,test,surprise
dia52_utt9,test,neutral
dia52_utt10,test,anger
dia52_utt11,test,anger
dia53_utt0,test,surprise
dia53_utt1,test,neutral
dia53_utt2,test,joy
dia53_utt3,test,joy
dia53_utt4,test,joy
dia53_utt5,test,neutral
dia53_utt6,test,sadness
dia53_utt7,test,sadness
dia53_utt8,test,surprise
dia53_utt9,test,joy
dia53_utt10,test,neutral
dia53_utt11,test,joy
dia53_utt12,test,joy
dia54_utt0,test,neutral
dia54_utt1,test,neutral
dia54_utt2,test,neutral
dia54_utt3,test,anger
dia54_utt4,test,neutral
dia54_utt5,test,surprise
dia54_utt6,test,neutral
dia54_utt7,test,anger
dia54_utt8,test,neutral
dia54_utt9,test,neutral
dia54_utt10,test,sadness
dia54_utt11,test,sadness
dia55_utt0,test,neutral
dia55_utt1,test,neutral
dia55_utt2,test,joy
dia56_utt0,test,sadness
dia56_utt1,test,neutral
dia56_utt2,test,joy
dia56_utt3,test,neutral
dia56_utt4,test,anger
dia56_utt5,test,joy
dia56_utt6,test,neutral
dia56_utt7,test,joy
dia56_utt8,test,joy
dia56_utt9,test,neutral
dia56_utt10,test,surprise
dia56_utt11,test,joy
dia57_utt0,test,neutral
dia57_utt1,test,joy
dia57_utt2,test,joy
dia57_utt3,test,neutral
dia57_utt4,test,joy
dia57_utt5,test,disgust
dia58_utt0,test,joy
dia58_utt1,test,joy
dia58_utt2,test,joy
dia58_utt3,test,joy
dia58_utt4,test,neutral
dia58_utt5,test,neutral
dia58_utt6,test,neutral
dia58_utt7,test,surprise
dia58_utt8,test,surprise
dia58_utt9,test,sadness
dia58_utt10,test,sadness
dia58_utt11,test,neutral
dia58_utt12,test,joy
dia58_utt13,test,joy
dia58_utt14,test,neutral
dia58_utt15,test,neutral
dia58_utt16,test,sadness
dia59_utt0,test,neutral
dia59_utt1,test,neutral
dia59_utt2,test,anger
dia60_utt0,test,fear
dia60_utt1,test,neutral
dia60_utt2,test,joy
dia60_utt3,test,surprise
dia60_utt4,test,sadness
dia60_utt5,test,anger
dia60_utt6,test,anger
dia61_utt0,test,surprise
dia61_utt1,test,disgust
dia61_utt2,test,surprise
dia62_utt0,test,neutral
dia62_utt1,test,anger
dia63_utt0,test,neutral
dia63_utt1,test,neutral
dia64_utt0,test,anger
dia64_utt1,test,neutral
dia64_utt2,test,anger
dia64_utt3,test,anger
dia64_utt4,test,anger
dia64_utt5,test,neutral
dia64_utt6,test,neutral
dia64_utt7,test,neutral
dia64_utt8,test,neutral
dia64_utt9,test,neutral
dia64_utt10,test,neutral
dia64_utt11,test,neutral
dia64_utt12,test,sadness
dia64_utt13,test,neutral
dia64_utt14,test,surprise
dia64_utt15,test,neutral
dia64_utt16,test,neutral
dia65_utt0,test,neutral
dia65_utt1,test,neutral
dia65_utt2,test,neutral
dia65_utt3,test,disgust
dia65_utt4,test,surprise
dia65_utt5,test,neutral
dia65_utt6,test,anger
dia65_utt7,test,neutral
dia65_utt8,test,neutral
dia65_utt9,test,anger
dia65_utt10,test,surprise
dia66_utt0,test,neutral
dia66_utt1,test,joy
dia66_utt2,test,joy
dia66_utt3,test,neutral
dia66_utt4,test,joy
dia67_utt0,test,neutral
dia67_utt1,test,neutral
dia67_utt2,test,neutral
dia67_utt3,test,joy
dia68_utt0,test,anger
dia68_utt1,test,anger
dia68_utt2,test,neutral
dia68_utt3,test,sadness
dia68_utt4,test,neutral
dia68_utt5,test,anger
dia68_utt6,test,neutral
dia68_utt7,test,joy
dia68_utt8,test,neutral
dia68_utt9,test,joy
dia68_utt10,test,neutral
dia68_utt11,test,anger
dia68_utt12,test,joy
dia68_utt13,test,joy
dia68_utt14,test,neutral
dia69_utt0,test,anger
dia69_utt1,test,anger
dia69_utt2,test,neutral
dia69_utt3,test,neutral
dia69_utt4,test,neutral
dia69_utt5,test,joy
dia70_utt0,test,neutral
dia70_utt1,test,neutral
dia70_utt2,test,neutral
dia70_utt3,test,neutral
dia70_utt4,test,neutral
dia70_utt5,test,neutral
dia70_utt6,test,neutral
dia70_utt7,test,neutral
dia70_utt8,test,sadness
dia70_utt9,test,disgust
dia70_utt10,test,disgust
dia70_utt11,test,anger
dia70_utt12,test,anger
dia70_utt13,test,anger
dia70_utt14,test,anger
dia70_utt15,test,sadness
dia70_utt16,test,sadness
dia70_utt17,test,joy
dia70_utt18,test,neutral
dia70_utt19,test,neutral
dia70_utt20,test,neutral
dia70_utt21,test,neutral
dia70_utt22,test,joy
dia71_utt0,test,joy
dia71_utt1,test,neutral
dia71_utt2,test,joy
dia71_utt3,test,surprise
dia71_utt4,test,joy
dia71_utt5,test,surprise
dia71_utt6,test,surprise
dia71_utt7,test,neutral
dia71_utt8,test,neutral
dia71_utt9,test,neutral
dia71_utt10,test,neutral
dia71_utt11,test,neutral
dia71_utt12,test,joy
dia71_utt13,test,fear
dia72_utt0,test,neutral
dia72_utt1,test,joy
dia72_utt2,test,anger
dia72_utt3,test,anger
dia72_utt4,test,anger
dia72_utt5,test,anger
dia72_utt6,test,anger
dia72_utt7,test,anger
dia72_utt8,test,anger
dia72_utt9,test,anger
dia72_utt10,test,anger
dia72_utt11,test,anger
dia72_utt12,test,neutral
dia72_utt13,test,anger
dia72_utt14,test,neutral
dia72_utt15,test,neutral
dia72_utt16,test,surprise
dia73_utt0,test,fear
dia73_utt1,test,neutral
dia73_utt2,test,anger
dia73_utt3,test,neutral
dia73_utt4,test,neutral
dia73_utt5,test,neutral
dia73_utt6,test,neutral
dia73_utt7,test,joy
dia73_utt8,test,anger
dia73_utt9,test,neutral
dia73_utt10,test,anger
dia74_utt0,test,joy
dia74_utt1,test,neutral
dia74_utt2,test,neutral
dia74_utt3,test,neutral
dia74_utt4,test,neutral
dia75_utt0,test,neutral
dia75_utt1,test,neutral
dia75_utt2,test,neutral
dia75_utt3,test,neutral
dia75_utt4,test,anger
dia75_utt5,test,neutral
dia76_utt0,test,neutral
dia76_utt1,test,neutral
dia76_utt2,test,neutral
dia76_utt3,test,neutral
dia76_utt4,test,neutral
dia76_utt5,test,neutral
dia76_utt6,test,neutral
dia76_utt7,test,neutral
dia76_utt8,test,surprise
dia76_utt9,test,neutral
dia76_utt10,test,neutral
dia76_utt11,test,neutral
dia76_utt12,test,neutral
dia76_utt13,test,neutral
dia76_utt14,test,neutral
dia76_utt15,test,neutral
dia76_utt16,test,joy
dia76_utt17,test,neutral
dia76_utt18,test,joy
dia77_utt0,test,surprise
dia77_utt1,test,neutral
dia77_utt2,test,anger
dia77_utt3,test,anger
dia77_utt4,test,sadness
dia78_utt0,test,sadness
dia78_utt1,test,neutral
dia78_utt2,test,neutral
dia78_utt3,test,neutral
dia78_utt4,test,neutral
dia78_utt5,test,neutral
dia78_utt6,test,neutral
dia78_utt7,test,joy
dia78_utt8,test,joy
dia78_utt9,test,joy
dia79_utt0,test,neutral
dia79_utt1,test,neutral
dia80_utt0,test,anger
dia80_utt1,test,anger
dia80_utt2,test,disgust
dia80_utt3,test,anger
dia80_utt4,test,anger
dia80_utt5,test,neutral
dia80_utt6,test,neutral
dia80_utt7,test,anger
dia80_utt8,test,neutral
dia80_utt9,test,neutral
dia81_utt0,test,joy
dia81_utt1,test,neutral
dia82_utt0,test,neutral
dia83_utt0,test,neutral
dia83_utt1,test,neutral
dia83_utt2,test,neutral
dia83_utt3,test,neutral
dia83_utt4,test,joy
dia83_utt5,test,anger
dia83_utt6,test,surprise
dia83_utt7,test,sadness
dia83_utt8,test,neutral
dia83_utt9,test,sadness
dia83_utt10,test,anger
dia84_utt0,test,anger
dia84_utt1,test,anger
dia84_utt2,test,sadness
dia85_utt0,test,neutral
dia85_utt1,test,surprise
dia85_utt2,test,anger
dia85_utt3,test,anger
dia85_utt4,test,disgust
dia85_utt5,test,anger
dia86_utt0,test,neutral
dia86_utt1,test,neutral
dia86_utt2,test,neutral
dia86_utt3,test,neutral
dia86_utt4,test,neutral
dia86_utt5,test,disgust
dia86_utt6,test,joy
dia86_utt7,test,surprise
dia87_utt0,test,neutral
dia87_utt1,test,neutral
dia88_utt0,test,joy
dia88_utt1,test,joy
dia88_utt2,test,disgust
dia88_utt3,test,anger
dia88_utt4,test,neutral
dia88_utt5,test,neutral
dia88_utt6,test,anger
dia88_utt7,test,neutral
dia88_utt8,test,sadness
dia88_utt9,test,joy
dia88_utt10,test,neutral
dia88_utt11,test,surprise
dia88_utt12,test,joy
dia88_utt13,test,neutral
dia89_utt0,test,neutral
dia89_utt1,test,neutral
dia89_utt2,test,surprise
dia90_utt0,test,neutral
dia90_utt1,test,anger
dia90_utt2,test,surprise
dia90_utt3,test,sadness
dia90_utt4,test,sadness
dia90_utt5,test,sadness
dia91_utt0,test,neutral
dia92_utt0,test,joy
dia92_utt1,test,neutral
dia92_utt2,test,neutral
dia92_utt3,test,joy
dia92_utt4,test,joy
dia92_utt5,test,disgust
dia93_utt0,test,sadness
dia93_utt1,test,sadness
dia93_utt2,test,neutral
dia93_utt3,test,neutral
dia93_utt4,test,neutral
dia93_utt8,test,neutral
dia93_utt9,test,neutral
dia93_utt10,test,neutral
dia93_utt11,test,neutral
dia93_utt12,test,anger
dia93_utt13,test,neutral
dia93_utt14,test,neutral
dia93_utt15,test,neutral
dia94_utt0,test,surprise
dia94_utt1,test,neutral
dia94_utt2,test,neutral
dia95_utt0,test,surprise
dia95_utt1,test,joy
dia95_utt2,test,surprise
dia95_utt3,test,neutral
dia95_utt4,test,surprise
dia95_utt5,test,anger
dia95_utt6,test,neutral
dia95_utt7,test,joy
dia95_utt8,test,joy
dia95_utt9,test,anger
dia95_utt10,test,neutral
dia95_utt11,test,surprise
dia95_utt12,test,joy
dia95_utt13,test,joy
dia95_utt14,test,joy
dia95_utt15,test,joy
dia95_utt16,test,neutral
dia95_utt17,test,fear
dia95_utt18,test,neutral
dia95_utt19,test,joy
dia96_utt0,test,neutral
dia96_utt1,test,neutral
dia96_utt2,test,joy
dia96_utt3,test,disgust
dia96_utt4,test,joy
dia96_utt5,test,neutral
dia96_utt6,test,anger
dia96_utt7,test,disgust
dia96_utt8,test,neutral
dia96_utt9,test,anger
dia96_utt10,test,neutral
dia96_utt11,test,neutral
dia96_utt12,test,surprise
dia96_utt13,test,neutral
dia96_utt14,test,surprise
dia96_utt15,test,neutral
dia96_utt16,test,neutral
dia96_utt17,test,neutral
dia96_utt18,test,neutral
dia96_utt19,test,neutral
dia96_utt20,test,neutral
dia97_utt0,test,joy
dia97_utt1,test,joy
dia97_utt2,test,neutral
dia97_utt3,test,neutral
dia97_utt4,test,neutral
dia97_utt5,test,neutral
dia97_utt6,test,neutral
dia97_utt7,test,neutral
dia97_utt8,test,fear
dia97_utt9,test,neutral
dia97_utt10,test,neutral
dia97_utt11,test,joy
dia98_utt0,test,surprise
dia98_utt1,test,anger
dia98_utt2,test,surprise
dia98_utt3,test,anger
dia98_utt4,test,anger
dia98_utt5,test,anger
dia98_utt6,test,anger
dia98_utt7,test,anger
dia98_utt8,test,anger
dia98_utt9,test,neutral
dia98_utt10,test,neutral
dia98_utt11,test,neutral
dia99_utt0,test,neutral
dia99_utt1,test,neutral
dia99_utt2,test,neutral
dia99_utt3,test,neutral
dia99_utt4,test,neutral
dia99_utt5,test,neutral
dia99_utt6,test,neutral
dia99_utt7,test,neutral
dia99_utt8,test,neutral
dia99_utt9,test,fear
dia100_utt0,test,neutral
dia100_utt1,test,neutral
dia100_utt2,test,neutral
dia100_utt3,test,neutral
dia100_utt4,test,neutral
dia100_utt5,test,sadness
dia100_utt6,test,sadness
dia100_utt7,test,neutral
dia100_utt8,test,neutral
dia100_utt9,test,neutral
dia100_utt10,test,sadness
dia100_utt11,test,neutral
dia100_utt12,test,neutral
dia100_utt13,test,neutral
dia100_utt14,test,fear
dia100_utt15,test,fear
dia100_utt16,test,neutral
dia100_utt17,test,neutral
dia100_utt18,test,fear
dia100_utt19,test,sadness
dia101_utt0,test,joy
dia101_utt1,test,neutral
dia101_utt2,test,sadness
dia101_utt3,test,neutral
dia102_utt0,test,anger
dia102_utt1,test,neutral
dia102_utt2,test,surprise
dia102_utt3,test,neutral
dia102_utt4,test,anger
dia102_utt5,test,sadness
dia102_utt6,test,anger
dia102_utt7,test,sadness
dia102_utt8,test,neutral
dia102_utt9,test,joy
dia103_utt0,test,joy
dia103_utt1,test,neutral
dia103_utt2,test,fear
dia103_utt3,test,surprise
dia103_utt4,test,anger
dia103_utt5,test,surprise
dia104_utt0,test,joy
dia104_utt1,test,surprise
dia104_utt2,test,neutral
dia105_utt0,test,anger
dia105_utt1,test,fear
dia105_utt2,test,anger
dia106_utt0,test,anger
dia106_utt1,test,neutral
dia106_utt2,test,disgust
dia106_utt3,test,sadness
dia107_utt0,test,neutral
dia107_utt1,test,neutral
dia107_utt2,test,joy
dia107_utt3,test,sadness
dia107_utt4,test,neutral
dia107_utt5,test,joy
dia107_utt6,test,sadness
dia107_utt7,test,sadness
dia107_utt8,test,neutral
dia107_utt9,test,neutral
dia107_utt10,test,neutral
dia107_utt11,test,neutral
dia107_utt12,test,surprise
dia108_utt0,test,disgust
dia108_utt3,test,anger
dia108_utt4,test,anger
dia108_utt5,test,joy
dia108_utt6,test,joy
dia108_utt7,test,surprise
dia108_utt8,test,surprise
dia108_utt9,test,joy
dia109_utt0,test,joy
dia109_utt1,test,joy
dia109_utt2,test,anger
dia109_utt3,test,neutral
dia109_utt4,test,surprise
dia109_utt5,test,anger
dia109_utt6,test,neutral
dia109_utt7,test,surprise
dia110_utt0,test,surprise
dia110_utt1,test,neutral
dia110_utt2,test,neutral
dia110_utt3,test,surprise
dia110_utt4,test,joy
dia110_utt5,test,neutral
dia110_utt6,test,sadness
dia110_utt7,test,joy
dia110_utt8,test,disgust
dia111_utt0,test,neutral
dia111_utt1,test,neutral
dia111_utt2,test,joy
dia111_utt3,test,anger
dia111_utt4,test,sadness
dia111_utt5,test,anger
dia111_utt6,test,sadness
dia111_utt7,test,sadness
dia111_utt8,test,sadness
dia111_utt9,test,fear
dia111_utt10,test,anger
dia111_utt11,test,neutral
dia111_utt12,test,neutral
dia111_utt13,test,surprise
dia111_utt14,test,neutral
dia112_utt0,test,neutral
dia112_utt1,test,neutral
dia112_utt2,test,disgust
dia112_utt3,test,disgust
dia112_utt4,test,surprise
dia112_utt5,test,neutral
dia112_utt6,test,anger
dia112_utt7,test,anger
dia112_utt8,test,neutral
dia112_utt9,test,neutral
dia112_utt10,test,neutral
dia112_utt11,test,joy
dia112_utt12,test,surprise
dia112_utt13,test,surprise
dia112_utt14,test,surprise
dia112_utt15,test,neutral
dia112_utt16,test,joy
dia112_utt17,test,neutral
dia112_utt18,test,neutral
dia112_utt19,test,joy
dia112_utt20,test,joy
dia112_utt21,test,neutral
dia113_utt0,test,anger
dia113_utt1,test,surprise
dia113_utt2,test,joy
dia113_utt3,test,neutral
dia113_utt4,test,fear
dia113_utt5,test,surprise
dia113_utt6,test,anger
dia113_utt7,test,anger
dia113_utt8,test,anger
dia113_utt9,test,neutral
dia113_utt10,test,anger
dia113_utt11,test,neutral
dia113_utt12,test,surprise
dia113_utt13,test,anger
dia113_utt14,test,surprise
dia113_utt15,test,anger
dia113_utt16,test,neutral
dia114_utt0,test,neutral
dia114_utt1,test,neutral
dia114_utt2,test,surprise
dia114_utt3,test,neutral
dia114_utt4,test,neutral
dia114_utt5,test,joy
dia115_utt0,test,joy
dia115_utt1,test,neutral
dia115_utt2,test,anger
dia115_utt3,test,disgust
dia115_utt4,test,neutral
dia115_utt5,test,neutral
dia116_utt0,test,neutral
dia116_utt1,test,neutral
dia116_utt2,test,anger
dia116_utt3,test,neutral
dia116_utt4,test,anger
dia116_utt5,test,sadness
dia116_utt6,test,neutral
dia116_utt7,test,neutral
dia116_utt8,test,neutral
dia116_utt9,test,neutral
dia116_utt10,test,neutral
dia116_utt11,test,anger
dia117_utt0,test,neutral
dia117_utt1,test,joy
dia117_utt2,test,neutral
dia117_utt3,test,neutral
dia117_utt4,test,neutral
dia117_utt5,test,fear
dia117_utt6,test,neutral
dia117_utt7,test,anger
dia117_utt8,test,surprise
dia118_utt0,test,sadness
dia118_utt1,test,sadness
dia118_utt2,test,surprise
dia118_utt3,test,joy
dia118_utt4,test,sadness
dia118_utt5,test,sadness
dia118_utt6,test,neutral
dia118_utt7,test,joy
dia118_utt8,test,neutral
dia118_utt9,test,fear
dia118_utt10,test,surprise
dia118_utt11,test,neutral
dia119_utt0,test,neutral
dia119_utt1,test,sadness
dia119_utt2,test,neutral
dia119_utt3,test,surprise
dia119_utt4,test,neutral
dia119_utt5,test,fear
dia119_utt6,test,surprise
dia120_utt0,test,joy
dia120_utt1,test,neutral
dia120_utt2,test,joy
dia120_utt3,test,joy
dia120_utt4,test,neutral
dia120_utt5,test,joy
dia120_utt6,test,joy
dia120_utt7,test,neutral
dia120_utt8,test,neutral
dia120_utt9,test,disgust
dia120_utt10,test,joy
dia120_utt11,test,disgust
dia120_utt12,test,surprise
dia120_utt13,test,neutral
dia120_utt14,test,neutral
dia120_utt15,test,anger
dia120_utt16,test,anger
dia120_utt17,test,anger
dia120_utt18,test,neutral
dia121_utt0,test,joy
dia121_utt1,test,joy
dia121_utt2,test,neutral
dia121_utt3,test,neutral
dia121_utt4,test,joy
dia121_utt5,test,joy
dia122_utt0,test,neutral
dia122_utt1,test,surprise
dia122_utt2,test,neutral
dia122_utt3,test,joy
dia122_utt4,test,neutral
dia123_utt0,test,neutral
dia123_utt1,test,neutral
dia123_utt2,test,disgust
dia123_utt3,test,neutral
dia123_utt4,test,anger
dia123_utt5,test,neutral
dia123_utt6,test,surprise
dia123_utt7,test,neutral
dia123_utt8,test,neutral
dia123_utt9,test,disgust
dia123_utt10,test,surprise
dia123_utt11,test,sadness
dia123_utt12,test,neutral
dia123_utt13,test,disgust
dia123_utt14,test,neutral
dia123_utt15,test,sadness
dia124_utt0,test,neutral
dia124_utt1,test,sadness
dia124_utt2,test,sadness
dia124_utt3,test,neutral
dia124_utt4,test,neutral
dia124_utt5,test,sadness
dia124_utt6,test,neutral
dia124_utt7,test,anger
dia124_utt8,test,surprise
dia124_utt9,test,surprise
dia124_utt10,test,surprise
dia124_utt11,test,surprise
dia124_utt12,test,sadness
dia124_utt13,test,neutral
dia124_utt14,test,joy
dia125_utt0,test,joy
dia125_utt1,test,neutral
dia125_utt2,test,neutral
dia125_utt3,test,neutral
dia125_utt4,test,neutral
dia125_utt5,test,neutral
dia125_utt6,test,neutral
dia125_utt7,test,surprise
dia125_utt8,test,neutral
dia125_utt9,test,neutral
dia125_utt10,test,neutral
dia125_utt11,test,joy
dia125_utt12,test,neutral
dia125_utt13,test,surprise
dia125_utt14,test,surprise
dia125_utt15,test,neutral
dia125_utt16,test,neutral
dia125_utt17,test,surprise
dia125_utt18,test,anger
dia125_utt19,test,anger
dia125_utt20,test,sadness
dia125_utt21,test,sadness
dia125_utt22,test,surprise
dia126_utt0,test,neutral
dia126_utt1,test,joy
dia126_utt2,test,joy
dia126_utt3,test,neutral
dia126_utt4,test,fear
dia126_utt5,test,neutral
dia126_utt6,test,neutral
dia126_utt7,test,neutral
dia126_utt8,test,surprise
dia126_utt9,test,neutral
dia126_utt10,test,anger
dia126_utt11,test,neutral
dia126_utt12,test,anger
dia126_utt13,test,joy
dia126_utt14,test,joy
dia126_utt15,test,neutral
dia127_utt0,test,anger
dia127_utt1,test,neutral
dia127_utt2,test,neutral
dia127_utt3,test,neutral
dia127_utt4,test,neutral
dia127_utt5,test,neutral
dia128_utt0,test,neutral
dia128_utt1,test,neutral
dia128_utt2,test,neutral
dia128_utt3,test,fear
dia128_utt4,test,surprise
dia128_utt5,test,anger
dia128_utt6,test,disgust
dia128_utt7,test,neutral
dia128_utt8,test,disgust
dia128_utt9,test,neutral
dia129_utt0,test,joy
dia129_utt1,test,surprise
dia129_utt2,test,neutral
dia129_utt3,test,sadness
dia129_utt4,test,neutral
dia129_utt5,test,neutral
dia129_utt6,test,neutral
dia129_utt7,test,neutral
dia130_utt0,test,neutral
dia130_utt1,test,disgust
dia130_utt2,test,neutral
dia130_utt3,test,neutral
dia130_utt4,test,neutral
dia130_utt5,test,joy
dia130_utt6,test,surprise
dia130_utt7,test,neutral
dia130_utt8,test,surprise
dia130_utt9,test,neutral
dia130_utt10,test,sadness
dia130_utt11,test,fear
dia130_utt12,test,sadness
dia130_utt13,test,neutral
dia130_utt14,test,neutral
dia130_utt15,test,neutral
dia130_utt16,test,neutral
dia130_utt17,test,neutral
dia131_utt0,test,neutral
dia131_utt1,test,joy
dia131_utt2,test,neutral
dia131_utt3,test,joy
dia131_utt4,test,neutral
dia131_utt5,test,neutral
dia131_utt6,test,joy
dia131_utt7,test,neutral
dia131_utt8,test,joy
dia132_utt0,test,neutral
dia132_utt1,test,neutral
dia132_utt2,test,neutral
dia132_utt3,test,neutral
dia132_utt4,test,joy
dia132_utt5,test,neutral
dia132_utt6,test,neutral
dia132_utt7,test,neutral
dia132_utt8,test,neutral
dia132_utt9,test,surprise
dia132_utt10,test,anger
dia132_utt11,test,neutral
dia132_utt12,test,neutral
dia132_utt13,test,neutral
dia132_utt14,test,neutral
dia132_utt15,test,neutral
dia132_utt16,test,joy
dia132_utt17,test,neutral
dia132_utt18,test,neutral
dia132_utt19,test,surprise
dia133_utt0,test,joy
dia133_utt1,test,joy
dia133_utt2,test,neutral
dia133_utt3,test,joy
dia133_utt4,test,joy
dia133_utt5,test,joy
dia133_utt6,test,neutral
dia133_utt7,test,neutral
dia133_utt8,test,surprise
dia133_utt9,test,neutral
dia133_utt10,test,neutral
dia133_utt11,test,surprise
dia133_utt12,test,sadness
dia133_utt13,test,surprise
dia133_utt14,test,neutral
dia133_utt15,test,fear
dia134_utt0,test,surprise
dia134_utt1,test,sadness
dia134_utt2,test,joy
dia134_utt3,test,anger
dia135_utt0,test,neutral
dia135_utt1,test,surprise
dia135_utt2,test,neutral
dia135_utt3,test,joy
dia135_utt4,test,joy
dia135_utt5,test,joy
dia136_utt0,test,joy
dia137_utt0,test,neutral
dia137_utt1,test,neutral
dia137_utt2,test,neutral
dia137_utt3,test,neutral
dia137_utt4,test,neutral
dia137_utt5,test,neutral
dia137_utt6,test,neutral
dia137_utt7,test,surprise
dia137_utt8,test,neutral
dia137_utt9,test,surprise
dia137_utt10,test,surprise
dia137_utt11,test,neutral
dia137_utt12,test,surprise
dia137_utt13,test,anger
dia137_utt14,test,anger
dia138_utt0,test,neutral
dia138_utt1,test,disgust
dia138_utt2,test,surprise
dia138_utt3,test,surprise
dia139_utt0,test,neutral
dia139_utt1,test,sadness
dia139_utt2,test,neutral
dia139_utt3,test,joy
dia139_utt4,test,joy
dia139_utt5,test,neutral
dia139_utt6,test,neutral
dia139_utt7,test,surprise
dia139_utt8,test,joy
dia139_utt9,test,neutral
dia140_utt0,test,anger
dia140_utt1,test,sadness
dia140_utt2,test,neutral
dia140_utt3,test,neutral
dia140_utt4,test,neutral
dia140_utt5,test,joy
dia140_utt6,test,neutral
dia140_utt7,test,neutral
dia140_utt8,test,sadness
dia140_utt9,test,joy
dia140_utt10,test,neutral
dia140_utt11,test,anger
dia140_utt12,test,sadness
dia140_utt13,test,sadness
dia140_utt14,test,neutral
dia140_utt15,test,neutral
dia140_utt16,test,neutral
dia141_utt0,test,neutral
dia141_utt1,test,neutral
dia141_utt2,test,neutral
dia141_utt3,test,neutral
dia141_utt4,test,neutral
dia142_utt0,test,neutral
dia142_utt1,test,neutral
dia143_utt0,test,neutral
dia143_utt1,test,neutral
dia143_utt2,test,neutral
dia143_utt3,test,sadness
dia143_utt4,test,neutral
dia143_utt5,test,fear
dia143_utt6,test,surprise
dia143_utt7,test,anger
dia143_utt8,test,disgust
dia144_utt0,test,anger
dia144_utt1,test,joy
dia144_utt2,test,anger
dia144_utt3,test,neutral
dia144_utt4,test,anger
dia144_utt5,test,surprise
dia144_utt6,test,anger
dia144_utt7,test,neutral
dia144_utt8,test,anger
dia144_utt9,test,surprise
dia144_utt10,test,anger
dia144_utt11,test,anger
dia144_utt12,test,anger
dia144_utt13,test,neutral
dia144_utt14,test,neutral
dia145_utt0,test,neutral
dia145_utt1,test,surprise
dia145_utt2,test,neutral
dia145_utt3,test,surprise
dia145_utt4,test,neutral
dia145_utt5,test,neutral
dia145_utt6,test,neutral
dia145_utt7,test,neutral
dia145_utt8,test,neutral
dia145_utt9,test,surprise
dia145_utt10,test,neutral
dia145_utt11,test,neutral
dia145_utt12,test,neutral
dia146_utt0,test,joy
dia146_utt1,test,sadness
dia146_utt2,test,surprise
dia146_utt3,test,neutral
dia146_utt4,test,surprise
dia146_utt5,test,joy
dia146_utt6,test,joy
dia147_utt0,test,surprise
dia147_utt1,test,surprise
dia147_utt2,test,sadness
dia147_utt3,test,anger
dia147_utt4,test,anger
dia147_utt5,test,anger
dia147_utt6,test,anger
dia147_utt7,test,neutral
dia147_utt8,test,neutral
dia147_utt9,test,neutral
dia147_utt10,test,joy
dia148_utt0,test,sadness
dia149_utt0,test,sadness
dia149_utt1,test,sadness
dia149_utt2,test,sadness
dia150_utt0,test,sadness
dia150_utt1,test,anger
dia150_utt2,test,sadness
dia150_utt3,test,sadness
dia150_utt4,test,sadness
dia150_utt5,test,neutral
dia151_utt0,test,disgust
dia151_utt1,test,neutral
dia151_utt2,test,neutral
dia151_utt3,test,neutral
dia152_utt0,test,neutral
dia152_utt1,test,neutral
dia152_utt2,test,surprise
dia152_utt3,test,neutral
dia152_utt4,test,neutral
dia153_utt0,test,neutral
dia153_utt1,test,neutral
dia153_utt2,test,neutral
dia153_utt3,test,neutral
dia153_utt4,test,fear
dia153_utt5,test,neutral
dia153_utt6,test,neutral
dia153_utt7,test,neutral
dia153_utt8,test,joy
dia153_utt9,test,neutral
dia153_utt10,test,joy
dia153_utt11,test,fear
dia154_utt0,test,joy
dia154_utt1,test,joy
dia154_utt2,test,joy
dia154_utt3,test,joy
dia154_utt4,test,neutral
dia154_utt5,test,neutral
dia154_utt6,test,surprise
dia154_utt7,test,joy
dia154_utt8,test,anger
dia154_utt9,test,joy
dia154_utt10,test,joy
dia154_utt11,test,joy
dia154_utt12,test,joy
dia154_utt13,test,neutral
dia154_utt14,test,neutral
dia154_utt15,test,surprise
dia154_utt16,test,joy
dia154_utt17,test,joy
dia154_utt18,test,neutral
dia154_utt19,test,neutral
dia154_utt20,test,neutral
dia155_utt0,test,anger
dia155_utt1,test,anger
dia155_utt2,test,neutral
dia155_utt3,test,surprise
dia155_utt4,test,neutral
dia155_utt5,test,sadness
dia155_utt6,test,neutral
dia155_utt7,test,neutral
dia155_utt8,test,sadness
dia156_utt0,test,joy
dia156_utt1,test,joy
dia156_utt2,test,neutral
dia156_utt3,test,neutral
dia156_utt4,test,neutral
dia156_utt5,test,neutral
dia156_utt6,test,anger
dia156_utt7,test,joy
dia156_utt8,test,neutral
dia156_utt9,test,sadness
dia156_utt10,test,sadness
dia156_utt11,test,joy
dia156_utt12,test,anger
dia156_utt13,test,neutral
dia156_utt14,test,joy
dia156_utt15,test,anger
dia157_utt0,test,neutral
dia157_utt1,test,neutral
dia157_utt2,test,anger
dia157_utt3,test,neutral
dia157_utt4,test,neutral
dia157_utt5,test,neutral
dia157_utt6,test,neutral
dia157_utt7,test,neutral
dia158_utt0,test,neutral
dia158_utt1,test,sadness
dia158_utt2,test,sadness
dia158_utt3,test,neutral
dia158_utt4,test,anger
dia158_utt5,test,neutral
dia158_utt6,test,surprise
dia159_utt0,test,anger
dia159_utt1,test,anger
dia160_utt0,test,sadness
dia160_utt1,test,anger
dia160_utt2,test,anger
dia160_utt3,test,anger
dia160_utt4,test,anger
dia160_utt5,test,anger
dia160_utt6,test,sadness
dia160_utt7,test,sadness
dia160_utt8,test,anger
dia160_utt9,test,anger
dia160_utt10,test,sadness
dia160_utt11,test,sadness
dia160_utt12,test,sadness
dia160_utt13,test,anger
dia161_utt0,test,neutral
dia161_utt1,test,neutral
dia161_utt2,test,neutral
dia161_utt3,test,joy
dia161_utt4,test,joy
dia161_utt5,test,neutral
dia161_utt6,test,joy
dia161_utt7,test,neutral
dia161_utt8,test,neutral
dia161_utt9,test,neutral
dia161_utt10,test,joy
dia161_utt11,test,surprise
dia162_utt0,test,joy
dia162_utt1,test,neutral
dia162_utt2,test,neutral
dia162_utt3,test,neutral
dia162_utt4,test,neutral
dia162_utt5,test,anger
dia163_utt0,test,sadness
dia163_utt1,test,disgust
dia163_utt2,test,sadness
dia163_utt3,test,joy
dia163_utt4,test,neutral
dia163_utt5,test,neutral
dia163_utt6,test,sadness
dia163_utt7,test,neutral
dia163_utt8,test,neutral
dia163_utt9,test,surprise
dia164_utt0,test,neutral
dia164_utt1,test,neutral
dia164_utt2,test,neutral
dia164_utt3,test,neutral
dia164_utt4,test,neutral
dia164_utt5,test,neutral
dia164_utt6,test,neutral
dia164_utt7,test,anger
dia164_utt8,test,neutral
dia165_utt0,test,anger
dia165_utt1,test,neutral
dia165_utt2,test,surprise
dia165_utt3,test,disgust
dia165_utt4,test,sadness
dia166_utt0,test,surprise
dia166_utt1,test,anger
dia166_utt2,test,surprise
dia166_utt3,test,anger
dia166_utt4,test,sadness
dia166_utt5,test,sadness
dia166_utt6,test,neutral
dia166_utt7,test,neutral
dia166_utt8,test,neutral
dia166_utt9,test,neutral
dia166_utt10,test,neutral
dia166_utt11,test,neutral
dia166_utt12,test,neutral
dia166_utt13,test,neutral
dia167_utt0,test,sadness
dia167_utt1,test,neutral
dia167_utt2,test,neutral
dia167_utt3,test,neutral
dia167_utt4,test,neutral
dia167_utt5,test,joy
dia167_utt6,test,joy
dia167_utt7,test,anger
dia167_utt8,test,sadness
dia167_utt9,test,anger
dia167_utt10,test,neutral
dia167_utt11,test,neutral
dia167_utt12,test,neutral
dia167_utt13,test,neutral
dia167_utt14,test,anger
dia167_utt15,test,neutral
dia167_utt16,test,neutral
dia168_utt0,test,neutral
dia168_utt1,test,neutral
dia168_utt2,test,neutral
dia168_utt3,test,neutral
dia168_utt4,test,neutral
dia168_utt5,test,neutral
dia168_utt6,test,neutral
dia168_utt7,test,neutral
dia168_utt8,test,fear
dia168_utt9,test,neutral
dia168_utt10,test,neutral
dia168_utt11,test,anger
dia168_utt12,test,surprise
dia168_utt13,test,anger
dia168_utt14,test,surprise
dia168_utt15,test,anger
dia168_utt16,test,anger
dia168_utt17,test,anger
dia168_utt18,test,neutral
dia169_utt0,test,surprise
dia169_utt1,test,joy
dia169_utt2,test,anger
dia169_utt3,test,anger
dia169_utt4,test,surprise
dia169_utt5,test,surprise
dia169_utt6,test,anger
dia169_utt7,test,neutral
dia169_utt8,test,surprise
dia169_utt9,test,anger
dia169_utt10,test,anger
dia169_utt11,test,surprise
dia169_utt12,test,surprise
dia169_utt13,test,neutral
dia169_utt14,test,neutral
dia169_utt15,test,surprise
dia169_utt16,test,neutral
dia169_utt17,test,surprise
dia169_utt18,test,disgust
dia169_utt19,test,neutral
dia169_utt20,test,neutral
dia169_utt21,test,surprise
dia169_utt22,test,anger
dia170_utt0,test,surprise
dia170_utt1,test,surprise
dia170_utt2,test,neutral
dia170_utt3,test,disgust
dia170_utt4,test,disgust
dia171_utt0,test,anger
dia171_utt1,test,joy
dia171_utt2,test,neutral
dia171_utt3,test,joy
dia171_utt4,test,joy
dia171_utt5,test,neutral
dia171_utt6,test,neutral
dia171_utt7,test,joy
dia171_utt8,test,joy
dia172_utt0,test,neutral
dia172_utt1,test,neutral
dia172_utt2,test,neutral
dia173_utt0,test,neutral
dia173_utt1,test,surprise
dia173_utt2,test,neutral
dia173_utt3,test,neutral
dia173_utt4,test,anger
dia173_utt5,test,surprise
dia173_utt6,test,surprise
dia173_utt7,test,sadness
dia173_utt8,test,sadness
dia173_utt9,test,neutral
dia173_utt10,test,neutral
dia173_utt11,test,sadness
dia173_utt12,test,sadness
dia173_utt13,test,sadness
dia173_utt14,test,sadness
dia173_utt15,test,joy
dia173_utt16,test,sadness
dia173_utt17,test,neutral
dia173_utt18,test,neutral
dia174_utt0,test,neutral
dia174_utt1,test,neutral
dia174_utt2,test,neutral
dia174_utt3,test,neutral
dia174_utt4,test,sadness
dia174_utt5,test,joy
dia174_utt6,test,sadness
dia174_utt7,test,neutral
dia174_utt8,test,surprise
dia174_utt9,test,neutral
dia174_utt10,test,neutral
dia174_utt11,test,neutral
dia174_utt12,test,neutral
dia174_utt13,test,anger
dia174_utt14,test,neutral
dia174_utt15,test,sadness
dia174_utt16,test,neutral
dia174_utt17,test,sadness
dia174_utt18,test,neutral
dia175_utt0,test,neutral
dia175_utt1,test,neutral
dia175_utt2,test,surprise
dia175_utt3,test,surprise
dia175_utt4,test,fear
dia175_utt5,test,neutral
dia175_utt6,test,joy
dia175_utt7,test,neutral
dia175_utt8,test,disgust
dia175_utt9,test,anger
dia175_utt10,test,anger
dia175_utt11,test,anger
dia175_utt12,test,anger
dia175_utt13,test,surprise
dia175_utt14,test,anger
dia175_utt15,test,neutral
dia175_utt16,test,anger
dia175_utt17,test,anger
dia175_utt18,test,disgust
dia175_utt19,test,neutral
dia175_utt20,test,anger
dia175_utt21,test,neutral
dia175_utt22,test,joy
dia176_utt0,test,neutral
dia176_utt1,test,neutral
dia177_utt0,test,neutral
dia177_utt1,test,neutral
dia177_utt2,test,neutral
dia178_utt0,test,neutral
dia178_utt1,test,neutral
dia178_utt2,test,joy
dia178_utt3,test,neutral
dia178_utt4,test,neutral
dia178_utt5,test,neutral
dia178_utt6,test,fear
dia178_utt7,test,neutral
dia178_utt8,test,neutral
dia178_utt9,test,surprise
dia179_utt0,test,anger
dia179_utt1,test,anger
dia179_utt2,test,surprise
dia179_utt3,test,neutral
dia180_utt0,test,neutral
dia180_utt1,test,neutral
dia180_utt2,test,neutral
dia180_utt3,test,neutral
dia180_utt4,test,joy
dia180_utt5,test,joy
dia180_utt6,test,joy
dia180_utt7,test,neutral
dia180_utt8,test,anger
dia180_utt9,test,disgust
dia181_utt0,test,neutral
dia181_utt1,test,joy
dia181_utt2,test,joy
dia181_utt3,test,neutral
dia181_utt4,test,neutral
dia181_utt5,test,surprise
dia182_utt0,test,joy
dia182_utt1,test,anger
dia182_utt2,test,anger
dia182_utt3,test,fear
dia182_utt4,test,fear
dia182_utt5,test,joy
dia182_utt6,test,joy
dia182_utt7,test,surprise
dia182_utt8,test,surprise
dia182_utt9,test,surprise
dia183_utt0,test,neutral
dia183_utt1,test,neutral
dia183_utt2,test,neutral
dia183_utt3,test,anger
dia183_utt4,test,neutral
dia183_utt5,test,neutral
dia183_utt6,test,neutral
dia183_utt7,test,neutral
dia183_utt8,test,neutral
dia184_utt0,test,sadness
dia184_utt1,test,surprise
dia184_utt2,test,anger
dia184_utt3,test,sadness
dia184_utt4,test,anger
dia184_utt5,test,neutral
dia184_utt6,test,fear
dia184_utt7,test,sadness
dia184_utt8,test,neutral
dia184_utt9,test,surprise
dia184_utt10,test,neutral
dia184_utt11,test,surprise
dia184_utt12,test,neutral
dia184_utt13,test,neutral
dia184_utt14,test,joy
dia185_utt0,test,neutral
dia185_utt1,test,neutral
dia185_utt2,test,surprise
dia185_utt3,test,joy
dia185_utt4,test,surprise
dia185_utt5,test,neutral
dia185_utt6,test,joy
dia185_utt7,test,neutral
dia186_utt0,test,disgust
dia186_utt1,test,neutral
dia186_utt2,test,neutral
dia186_utt3,test,sadness
dia187_utt0,test,neutral
dia187_utt1,test,neutral
dia187_utt2,test,neutral
dia187_utt3,test,joy
dia187_utt4,test,joy
dia187_utt5,test,neutral
dia187_utt6,test,neutral
dia187_utt7,test,neutral
dia187_utt8,test,neutral
dia188_utt0,test,neutral
dia188_utt1,test,neutral
dia188_utt2,test,neutral
dia188_utt3,test,neutral
dia188_utt4,test,neutral
dia188_utt5,test,neutral
dia188_utt6,test,neutral
dia188_utt7,test,neutral
dia188_utt8,test,joy
dia189_utt0,test,joy
dia189_utt1,test,joy
dia189_utt2,test,joy
dia189_utt3,test,joy
dia189_utt4,test,neutral
dia189_utt5,test,neutral
dia189_utt6,test,neutral
dia189_utt7,test,surprise
dia189_utt8,test,anger
dia189_utt9,test,neutral
dia190_utt0,test,surprise
dia190_utt1,test,neutral
dia190_utt2,test,surprise
dia190_utt3,test,neutral
dia190_utt4,test,neutral
dia191_utt0,test,sadness
dia191_utt1,test,neutral
dia191_utt2,test,sadness
dia191_utt3,test,neutral
dia191_utt4,test,neutral
dia191_utt5,test,neutral
dia191_utt6,test,joy
dia191_utt7,test,neutral
dia191_utt8,test,surprise
dia191_utt9,test,neutral
dia192_utt0,test,anger
dia192_utt1,test,neutral
dia192_utt2,test,anger
dia192_utt3,test,neutral
dia192_utt4,test,anger
dia192_utt5,test,anger
dia192_utt6,test,neutral
dia192_utt7,test,surprise
dia192_utt8,test,joy
dia192_utt9,test,surprise
dia192_utt10,test,neutral
dia192_utt11,test,neutral
dia193_utt0,test,joy
dia193_utt1,test,joy
dia193_utt2,test,neutral
dia193_utt3,test,neutral
dia193_utt4,test,neutral
dia194_utt0,test,anger
dia194_utt1,test,neutral
dia194_utt2,test,neutral
dia194_utt3,test,surprise
dia194_utt4,test,neutral
dia195_utt0,test,fear
dia195_utt1,test,neutral
dia195_utt2,test,sadness
dia195_utt3,test,neutral
dia195_utt4,test,neutral
dia195_utt5,test,neutral
dia195_utt6,test,joy
dia195_utt7,test,joy
dia195_utt8,test,surprise
dia195_utt9,test,neutral
dia195_utt10,test,joy
dia195_utt11,test,neutral
dia196_utt0,test,anger
dia196_utt1,test,disgust
dia196_utt2,test,anger
dia196_utt3,test,sadness
dia196_utt4,test,anger
dia196_utt5,test,anger
dia196_utt6,test,anger
dia196_utt7,test,anger
dia196_utt8,test,neutral
dia196_utt9,test,neutral
dia196_utt10,test,neutral
dia196_utt11,test,neutral
dia196_utt12,test,anger
dia196_utt13,test,neutral
dia196_utt14,test,anger
dia196_utt15,test,anger
dia196_utt16,test,anger
dia196_utt17,test,neutral
dia197_utt0,test,neutral
dia197_utt1,test,neutral
dia197_utt2,test,neutral
dia197_utt3,test,neutral
dia197_utt4,test,joy
dia198_utt0,test,neutral
dia198_utt1,test,joy
dia198_utt2,test,anger
dia198_utt3,test,neutral
dia198_utt4,test,surprise
dia198_utt5,test,surprise
dia198_utt6,test,joy
dia198_utt7,test,joy
dia198_utt8,test,anger
dia198_utt9,test,neutral
dia198_utt10,test,neutral
dia198_utt11,test,neutral
dia198_utt12,test,joy
dia199_utt0,test,neutral
dia199_utt1,test,sadness
dia199_utt2,test,neutral
dia199_utt3,test,neutral
dia199_utt4,test,sadness
dia199_utt5,test,sadness
dia199_utt6,test,sadness
dia199_utt7,test,sadness
dia199_utt8,test,sadness
dia199_utt9,test,sadness
dia199_utt10,test,sadness
dia199_utt11,test,sadness
dia199_utt12,test,sadness
dia199_utt13,test,sadness
dia199_utt14,test,sadness
dia199_utt15,test,joy
dia200_utt0,test,surprise
dia200_utt1,test,anger
dia200_utt2,test,anger
dia200_utt3,test,anger
dia200_utt4,test,anger
dia201_utt0,test,neutral
dia201_utt1,test,surprise
dia201_utt2,test,joy
dia201_utt3,test,neutral
dia201_utt4,test,neutral
dia201_utt5,test,neutral
dia201_utt6,test,neutral
dia201_utt7,test,neutral
dia201_utt8,test,anger
dia201_utt9,test,neutral
dia201_utt10,test,surprise
dia201_utt11,test,anger
dia202_utt0,test,neutral
dia202_utt1,test,joy
dia202_utt2,test,joy
dia202_utt3,test,joy
dia202_utt4,test,joy
dia202_utt5,test,joy
dia202_utt6,test,joy
dia202_utt7,test,joy
dia203_utt0,test,anger
dia203_utt1,test,neutral
dia203_utt2,test,surprise
dia203_utt3,test,surprise
dia203_utt4,test,neutral
dia203_utt5,test,surprise
dia203_utt6,test,joy
dia203_utt7,test,neutral
dia203_utt8,test,joy
dia203_utt9,test,joy
dia203_utt10,test,joy
dia203_utt11,test,neutral
dia203_utt12,test,neutral
dia204_utt0,test,sadness
dia204_utt1,test,anger
dia204_utt2,test,surprise
dia204_utt3,test,anger
dia204_utt4,test,anger
dia204_utt5,test,anger
dia204_utt6,test,anger
dia204_utt7,test,anger
dia204_utt8,test,neutral
dia204_utt9,test,anger
dia205_utt0,test,surprise
dia205_utt1,test,anger
dia205_utt2,test,neutral
dia205_utt3,test,fear
dia205_utt4,test,surprise
dia205_utt5,test,disgust
dia205_utt6,test,disgust
dia205_utt7,test,surprise
dia206_utt0,test,joy
dia206_utt1,test,neutral
dia206_utt2,test,neutral
dia206_utt3,test,neutral
dia206_utt4,test,anger
dia207_utt0,test,sadness
dia207_utt1,test,sadness
dia208_utt0,test,neutral
dia208_utt1,test,neutral
dia208_utt2,test,neutral
dia208_utt3,test,neutral
dia208_utt4,test,sadness
dia208_utt5,test,sadness
dia208_utt6,test,neutral
dia208_utt7,test,sadness
dia208_utt8,test,surprise
dia208_utt9,test,sadness
dia208_utt10,test,neutral
dia208_utt11,test,sadness
dia208_utt12,test,neutral
dia208_utt13,test,sadness
dia209_utt0,test,surprise
dia209_utt1,test,joy
dia210_utt0,test,anger
dia210_utt1,test,anger
dia210_utt2,test,anger
dia210_utt3,test,neutral
dia210_utt4,test,anger
dia210_utt5,test,joy
dia210_utt6,test,disgust
dia210_utt7,test,joy
dia210_utt8,test,surprise
dia210_utt9,test,neutral
dia211_utt0,test,anger
dia211_utt1,test,surprise
dia211_utt2,test,anger
dia211_utt3,test,surprise
dia211_utt4,test,anger
dia211_utt5,test,anger
dia211_utt6,test,neutral
dia211_utt7,test,neutral
dia212_utt0,test,neutral
dia212_utt1,test,neutral
dia212_utt2,test,sadness
dia212_utt3,test,neutral
dia212_utt4,test,sadness
dia212_utt5,test,neutral
dia212_utt6,test,sadness
dia213_utt0,test,anger
dia213_utt1,test,neutral
dia213_utt2,test,neutral
dia213_utt3,test,neutral
dia213_utt4,test,neutral
dia213_utt5,test,joy
dia213_utt6,test,surprise
dia213_utt7,test,joy
dia213_utt8,test,neutral
dia213_utt9,test,neutral
dia213_utt10,test,neutral
dia213_utt11,test,neutral
dia214_utt0,test,sadness
dia214_utt1,test,sadness
dia214_utt2,test,neutral
dia214_utt3,test,neutral
dia214_utt4,test,sadness
dia214_utt5,test,joy
dia214_utt6,test,joy
dia214_utt7,test,joy
dia215_utt0,test,neutral
dia215_utt1,test,neutral
dia215_utt2,test,joy
dia215_utt3,test,neutral
dia215_utt4,test,joy
dia215_utt5,test,neutral
dia215_utt6,test,sadness
dia215_utt7,test,sadness
dia215_utt8,test,sadness
dia215_utt9,test,neutral
dia215_utt10,test,sadness
dia216_utt0,test,joy
dia216_utt1,test,joy
dia216_utt2,test,neutral
dia216_utt3,test,neutral
dia217_utt0,test,surprise
dia217_utt1,test,surprise
dia217_utt2,test,neutral
dia217_utt3,test,neutral
dia217_utt4,test,surprise
dia217_utt5,test,neutral
dia217_utt6,test,fear
dia217_utt7,test,neutral
dia217_utt8,test,joy
dia217_utt9,test,neutral
dia217_utt10,test,neutral
dia217_utt11,test,neutral
dia218_utt0,test,neutral
dia218_utt1,test,neutral
dia218_utt2,test,neutral
dia219_utt0,test,neutral
dia219_utt1,test,sadness
dia220_utt0,test,disgust
dia220_utt1,test,anger
dia221_utt0,test,neutral
dia221_utt1,test,neutral
dia221_utt2,test,neutral
dia221_utt3,test,neutral
dia221_utt4,test,sadness
dia222_utt0,test,neutral
dia222_utt1,test,neutral
dia222_utt2,test,neutral
dia222_utt3,test,joy
dia222_utt4,test,joy
dia222_utt5,test,joy
dia222_utt6,test,joy
dia222_utt7,test,joy
dia222_utt8,test,neutral
dia222_utt9,test,neutral
dia222_utt10,test,surprise
dia222_utt11,test,neutral
dia222_utt12,test,anger
dia222_utt13,test,surprise
dia223_utt0,test,sadness
dia223_utt1,test,fear
dia223_utt2,test,neutral
dia223_utt3,test,fear
dia223_utt4,test,neutral
dia223_utt5,test,joy
dia223_utt6,test,neutral
dia224_utt0,test,neutral
dia224_utt1,test,neutral
dia224_utt2,test,neutral
dia224_utt3,test,neutral
dia224_utt4,test,neutral
dia224_utt5,test,neutral
dia224_utt6,test,neutral
dia224_utt7,test,neutral
dia224_utt8,test,neutral
dia225_utt0,test,neutral
dia225_utt1,test,joy
dia225_utt2,test,neutral
dia225_utt3,test,sadness
dia225_utt4,test,neutral
dia225_utt5,test,neutral
dia226_utt0,test,neutral
dia226_utt1,test,joy
dia226_utt2,test,neutral
dia226_utt3,test,sadness
dia226_utt4,test,neutral
dia226_utt5,test,surprise
dia226_utt6,test,neutral
dia226_utt7,test,neutral
dia226_utt8,test,joy
dia227_utt0,test,fear
dia227_utt1,test,surprise
dia227_utt2,test,neutral
dia227_utt3,test,neutral
dia228_utt0,test,neutral
dia228_utt1,test,neutral
dia228_utt2,test,neutral
dia228_utt3,test,neutral
dia228_utt4,test,anger
dia228_utt5,test,neutral
dia228_utt6,test,neutral
dia228_utt7,test,anger
dia228_utt8,test,sadness
dia228_utt9,test,sadness
dia228_utt10,test,surprise
dia228_utt11,test,sadness
dia228_utt12,test,surprise
dia229_utt0,test,joy
dia229_utt1,test,neutral
dia229_utt2,test,joy
dia229_utt3,test,neutral
dia229_utt4,test,surprise
dia229_utt5,test,joy
dia229_utt6,test,neutral
dia229_utt7,test,neutral
dia229_utt8,test,neutral
dia229_utt9,test,joy
dia229_utt10,test,joy
dia230_utt0,test,neutral
dia230_utt1,test,neutral
dia230_utt2,test,neutral
dia230_utt3,test,neutral
dia230_utt4,test,anger
dia230_utt5,test,neutral
dia230_utt6,test,neutral
dia230_utt7,test,neutral
dia230_utt8,test,disgust
dia231_utt0,test,neutral
dia231_utt1,test,neutral
dia231_utt2,test,neutral
dia231_utt3,test,neutral
dia231_utt4,test,neutral
dia231_utt5,test,surprise
dia231_utt6,test,surprise
dia231_utt7,test,anger
dia231_utt8,test,anger
dia231_utt9,test,fear
dia231_utt10,test,disgust
dia231_utt11,test,disgust
dia231_utt12,test,joy
dia231_utt13,test,joy
dia232_utt0,test,neutral
dia232_utt1,test,neutral
dia232_utt2,test,neutral
dia232_utt3,test,neutral
dia232_utt4,test,neutral
dia232_utt5,test,joy
dia232_utt6,test,surprise
dia232_utt7,test,neutral
dia232_utt8,test,joy
dia232_utt9,test,sadness
dia233_utt0,test,anger
dia233_utt1,test,disgust
dia233_utt2,test,surprise
dia233_utt3,test,neutral
dia233_utt4,test,sadness
dia233_utt5,test,joy
dia233_utt6,test,joy
dia233_utt7,test,joy
dia233_utt8,test,neutral
dia233_utt9,test,joy
dia233_utt10,test,joy
dia233_utt11,test,joy
dia233_utt12,test,neutral
dia233_utt13,test,neutral
dia234_utt0,test,neutral
dia234_utt1,test,surprise
dia234_utt2,test,neutral
dia234_utt3,test,surprise
dia234_utt4,test,anger
dia234_utt5,test,anger
dia234_utt6,test,anger
dia234_utt7,test,anger
dia234_utt8,test,neutral
dia234_utt9,test,neutral
dia234_utt10,test,neutral
dia234_utt11,test,surprise
dia234_utt12,test,joy
dia234_utt13,test,neutral
dia234_utt14,test,joy
dia235_utt0,test,neutral
dia236_utt0,test,joy
dia237_utt0,test,neutral
dia237_utt1,test,neutral
dia237_utt2,test,neutral
dia237_utt3,test,disgust
dia237_utt4,test,surprise
dia237_utt5,test,disgust
dia237_utt6,test,anger
dia237_utt7,test,joy
dia237_utt8,test,anger
dia237_utt9,test,sadness
dia237_utt10,test,joy
dia237_utt11,test,neutral
dia238_utt0,test,neutral
dia238_utt1,test,sadness
dia238_utt2,test,neutral
dia238_utt3,test,neutral
dia238_utt4,test,neutral
dia239_utt0,test,neutral
dia239_utt1,test,anger
dia239_utt2,test,surprise
dia239_utt3,test,neutral
dia239_utt4,test,neutral
dia239_utt5,test,neutral
dia239_utt6,test,neutral
dia239_utt7,test,neutral
dia239_utt8,test,neutral
dia239_utt9,test,neutral
dia239_utt10,test,neutral
dia239_utt11,test,neutral
dia240_utt0,test,anger
dia240_utt1,test,anger
dia240_utt2,test,anger
dia240_utt3,test,sadness
dia240_utt4,test,surprise
dia240_utt5,test,neutral
dia240_utt6,test,sadness
dia240_utt7,test,joy
dia240_utt8,test,neutral
dia240_utt9,test,joy
dia240_utt10,test,surprise
dia240_utt11,test,neutral
dia240_utt12,test,surprise
dia240_utt13,test,neutral
dia240_utt14,test,surprise
dia240_utt15,test,sadness
dia240_utt16,test,surprise
dia241_utt0,test,neutral
dia241_utt1,test,joy
dia241_utt2,test,joy
dia241_utt3,test,neutral
dia241_utt4,test,neutral
dia241_utt5,test,joy
dia241_utt6,test,joy
dia241_utt7,test,surprise
dia241_utt8,test,neutral
dia241_utt9,test,joy
dia241_utt10,test,surprise
dia241_utt11,test,neutral
dia241_utt12,test,surprise
dia241_utt13,test,neutral
dia241_utt14,test,neutral
dia242_utt0,test,neutral
dia242_utt1,test,anger
dia242_utt2,test,anger
dia242_utt3,test,anger
dia242_utt4,test,joy
dia242_utt5,test,neutral
dia242_utt6,test,neutral
dia242_utt7,test,neutral
dia243_utt0,test,anger
dia243_utt1,test,neutral
dia243_utt2,test,neutral
dia243_utt3,test,neutral
dia243_utt4,test,anger
dia243_utt5,test,neutral
dia244_utt0,test,neutral
dia244_utt1,test,neutral
dia244_utt2,test,neutral
dia244_utt3,test,neutral
dia244_utt4,test,sadness
dia244_utt5,test,neutral
dia244_utt6,test,disgust
dia244_utt7,test,disgust
dia244_utt8,test,anger
dia244_utt9,test,neutral
dia244_utt10,test,neutral
dia244_utt11,test,neutral
dia244_utt12,test,neutral
dia244_utt13,test,neutral
dia244_utt14,test,neutral
dia244_utt15,test,anger
dia244_utt16,test,neutral
dia244_utt17,test,neutral
dia244_utt18,test,neutral
dia244_utt19,test,neutral
dia244_utt20,test,surprise
dia244_utt21,test,joy
dia245_utt0,test,neutral
dia245_utt1,test,neutral
dia245_utt2,test,surprise
dia245_utt3,test,joy
dia245_utt4,test,fear
dia246_utt0,test,neutral
dia246_utt1,test,neutral
dia246_utt2,test,surprise
dia246_utt3,test,neutral
dia246_utt4,test,neutral
dia246_utt5,test,neutral
dia246_utt6,test,neutral
dia246_utt7,test,neutral
dia246_utt8,test,anger
dia246_utt9,test,neutral
dia246_utt10,test,neutral
dia246_utt11,test,neutral
dia246_utt12,test,neutral
dia246_utt13,test,neutral
dia247_utt0,test,neutral
dia247_utt1,test,neutral
dia247_utt2,test,neutral
dia247_utt3,test,joy
dia247_utt4,test,surprise
dia248_utt0,test,neutral
dia249_utt0,test,joy
dia249_utt1,test,neutral
dia249_utt2,test,neutral
dia249_utt3,test,neutral
dia249_utt4,test,neutral
dia249_utt5,test,joy
dia249_utt6,test,neutral
dia249_utt7,test,joy
dia250_utt0,test,fear
dia250_utt1,test,neutral
dia250_utt2,test,sadness
dia250_utt3,test,neutral
dia250_utt4,test,neutral
dia250_utt5,test,surprise
dia250_utt6,test,neutral
dia250_utt7,test,neutral
dia250_utt8,test,neutral
dia251_utt0,test,surprise
dia251_utt1,test,neutral
dia251_utt2,test,neutral
dia251_utt3,test,surprise
dia251_utt4,test,neutral
dia252_utt0,test,anger
dia252_utt1,test,anger
dia252_utt2,test,anger
dia252_utt3,test,anger
dia252_utt4,test,anger
dia252_utt5,test,anger
dia252_utt6,test,anger
dia252_utt7,test,surprise
dia252_utt8,test,neutral
dia252_utt9,test,neutral
dia252_utt10,test,sadness
dia252_utt11,test,sadness
dia252_utt12,test,neutral
dia252_utt13,test,sadness
dia252_utt14,test,neutral
dia252_utt15,test,neutral
dia252_utt16,test,neutral
dia252_utt17,test,surprise
dia252_utt18,test,neutral
dia253_utt0,test,joy
dia253_utt1,test,neutral
dia253_utt2,test,sadness
dia253_utt3,test,neutral
dia253_utt4,test,surprise
dia253_utt5,test,neutral
dia253_utt6,test,joy
dia253_utt7,test,surprise
dia253_utt8,test,neutral
dia253_utt9,test,neutral
dia253_utt10,test,joy
dia253_utt11,test,neutral
dia253_utt12,test,neutral
dia254_utt0,test,neutral
dia254_utt1,test,neutral
dia254_utt2,test,disgust
dia254_utt3,test,surprise
dia254_utt4,test,neutral
dia254_utt5,test,anger
dia254_utt6,test,anger
dia254_utt7,test,surprise
dia254_utt8,test,neutral
dia254_utt9,test,neutral
dia254_utt10,test,neutral
dia254_utt11,test,disgust
dia254_utt12,test,neutral
dia254_utt13,test,joy
dia254_utt14,test,disgust
dia254_utt15,test,anger
dia254_utt16,test,neutral
dia254_utt17,test,neutral
dia255_utt0,test,anger
dia255_utt1,test,joy
dia255_utt2,test,neutral
dia255_utt3,test,neutral
dia255_utt4,test,joy
dia255_utt5,test,surprise
dia255_utt6,test,neutral
dia255_utt7,test,joy
dia255_utt8,test,sadness
dia256_utt0,test,joy
dia256_utt1,test,neutral
dia257_utt0,test,neutral
dia257_utt1,test,surprise
dia257_utt2,test,neutral
dia257_utt3,test,neutral
dia257_utt4,test,joy
dia258_utt0,test,neutral
dia258_utt1,test,neutral
dia258_utt2,test,neutral
dia258_utt3,test,neutral
dia258_utt4,test,neutral
dia258_utt5,test,neutral
dia258_utt6,test,neutral
dia258_utt7,test,neutral
dia258_utt8,test,neutral
dia258_utt9,test,joy
dia258_utt10,test,neutral
dia258_utt11,test,joy
dia258_utt12,test,joy
dia259_utt0,test,surprise
dia259_utt1,test,neutral
dia259_utt2,test,joy
dia259_utt3,test,joy
dia259_utt4,test,anger
dia259_utt5,test,neutral
dia259_utt6,test,anger
dia259_utt7,test,neutral
dia259_utt8,test,neutral
dia259_utt9,test,disgust
dia259_utt10,test,disgust
dia259_utt11,test,anger
dia259_utt12,test,anger
dia259_utt13,test,anger
dia259_utt14,test,neutral
dia259_utt15,test,anger
dia260_utt0,test,joy
dia260_utt1,test,joy
dia260_utt2,test,neutral
dia260_utt3,test,joy
dia260_utt4,test,surprise
dia260_utt5,test,neutral
dia260_utt6,test,anger
dia260_utt7,test,neutral
dia260_utt8,test,anger
dia260_utt9,test,joy
dia260_utt10,test,anger
dia261_utt0,test,surprise
dia261_utt1,test,joy
dia261_utt2,test,joy
dia261_utt3,test,neutral
dia261_utt4,test,joy
dia261_utt5,test,neutral
dia261_utt6,test,neutral
dia261_utt7,test,neutral
dia261_utt8,test,neutral
dia262_utt0,test,neutral
dia262_utt1,test,joy
dia262_utt2,test,joy
dia262_utt3,test,surprise
dia262_utt4,test,neutral
dia262_utt5,test,joy
dia262_utt6,test,joy
dia262_utt7,test,joy
dia262_utt8,test,neutral
dia262_utt9,test,neutral
dia262_utt10,test,neutral
dia262_utt11,test,neutral
dia262_utt12,test,neutral
dia262_utt13,test,neutral
dia262_utt14,test,neutral
dia262_utt15,test,joy
dia262_utt16,test,surprise
dia263_utt0,test,neutral
dia263_utt1,test,neutral
dia263_utt2,test,neutral
dia263_utt3,test,neutral
dia263_utt4,test,fear
dia263_utt5,test,sadness
dia263_utt6,test,joy
dia263_utt7,test,sadness
dia263_utt8,test,neutral
dia263_utt9,test,sadness
dia264_utt0,test,anger
dia264_utt1,test,anger
dia264_utt2,test,surprise
dia264_utt3,test,neutral
dia265_utt0,test,surprise
dia265_utt1,test,joy
dia266_utt0,test,neutral
dia266_utt1,test,neutral
dia266_utt2,test,neutral
dia266_utt3,test,neutral
dia266_utt4,test,neutral
dia266_utt5,test,neutral
dia266_utt6,test,neutral
dia266_utt7,test,neutral
dia266_utt8,test,joy
dia266_utt9,test,neutral
dia266_utt10,test,joy
dia266_utt11,test,surprise
dia266_utt12,test,surprise
dia266_utt13,test,surprise
dia266_utt14,test,joy
dia266_utt15,test,anger
dia266_utt16,test,joy
dia267_utt0,test,neutral
dia267_utt1,test,neutral
dia267_utt2,test,neutral
dia267_utt3,test,sadness
dia267_utt4,test,neutral
dia267_utt5,test,surprise
dia267_utt6,test,neutral
dia267_utt7,test,neutral
dia267_utt8,test,sadness
dia267_utt9,test,neutral
dia267_utt10,test,neutral
dia268_utt0,test,surprise
dia268_utt1,test,surprise
dia268_utt2,test,surprise
dia268_utt3,test,neutral
dia268_utt4,test,neutral
dia268_utt5,test,neutral
dia268_utt6,test,neutral
dia268_utt7,test,neutral
dia268_utt8,test,neutral
dia268_utt9,test,neutral
dia268_utt10,test,anger
dia268_utt11,test,neutral
dia268_utt12,test,neutral
dia268_utt13,test,neutral
dia269_utt0,test,neutral
dia269_utt1,test,anger
dia269_utt2,test,joy
dia269_utt3,test,joy
dia269_utt4,test,neutral
dia270_utt0,test,neutral
dia270_utt1,test,neutral
dia270_utt2,test,neutral
dia270_utt3,test,neutral
dia270_utt4,test,neutral
dia270_utt5,test,neutral
dia270_utt6,test,neutral
dia270_utt7,test,neutral
dia270_utt8,test,surprise
dia270_utt9,test,neutral
dia270_utt10,test,joy
dia270_utt11,test,neutral
dia270_utt12,test,surprise
dia270_utt13,test,joy
dia270_utt14,test,surprise
dia271_utt0,test,neutral
dia271_utt1,test,neutral
dia271_utt2,test,neutral
dia271_utt3,test,fear
dia271_utt4,test,surprise
dia271_utt5,test,neutral
dia272_utt0,test,neutral
dia272_utt1,test,neutral
dia272_utt2,test,neutral
dia272_utt3,test,neutral
dia272_utt4,test,surprise
dia272_utt5,test,anger
dia273_utt0,test,neutral
dia273_utt1,test,surprise
dia273_utt2,test,neutral
dia273_utt3,test,neutral
dia274_utt0,test,neutral
dia274_utt1,test,neutral
dia274_utt2,test,anger
dia274_utt3,test,joy
dia274_utt4,test,joy
dia275_utt0,test,neutral
dia275_utt1,test,neutral
dia275_utt2,test,neutral
dia275_utt3,test,neutral
dia276_utt0,test,neutral
dia277_utt0,test,sadness
dia278_utt0,test,disgust
dia278_utt1,test,surprise
dia278_utt2,test,neutral
dia278_utt3,test,joy
dia278_utt4,test,neutral
dia278_utt5,test,surprise
dia278_utt6,test,neutral
dia278_utt7,test,surprise
dia278_utt8,test,sadness
dia278_utt9,test,joy
dia278_utt10,test,neutral
dia278_utt11,test,joy
dia278_utt12,test,neutral
dia278_utt13,test,joy
dia278_utt14,test,neutral
dia278_utt15,test,neutral
dia278_utt16,test,neutral
dia279_utt0,test,anger
dia279_utt1,test,anger
dia279_utt2,test,anger
dia279_utt3,test,anger
dia279_utt4,test,anger
dia279_utt5,test,neutral
dia279_utt6,test,neutral
dia279_utt7,test,anger
dia279_utt8,test,neutral
dia279_utt9,test,neutral
dia279_utt10,test,anger
dia279_utt11,test,neutral
dia279_utt12,test,surprise
dia279_utt13,test,neutral
dia279_utt14,test,neutral
dia279_utt15,test,neutral
